2025-10-30 12:58:01,435 [INFO] ================================================================================
2025-10-30 12:58:01,436 [INFO] UIT CRAWLER - FIRECRAWL SELF-HOSTED
2025-10-30 12:58:01,436 [INFO] ================================================================================
2025-10-30 12:58:01,437 [INFO] Firecrawl endpoint: http://api:3002
2025-10-30 12:58:01,437 [INFO] Output directory: /data
2025-10-30 12:58:01,438 [INFO] Schedule: Every 24.0 hours
2025-10-30 12:58:01,438 [INFO] Run once mode: False
2025-10-30 12:58:01,439 [INFO] ================================================================================
2025-10-30 12:58:01,451 [INFO] Waiting for Firecrawl services to start...
2025-10-30 12:58:01,452 [INFO] Attempting health check 1/30 to http://api:3002/v1
2025-10-30 12:58:01,462 [INFO] RequestException: ConnectionError: HTTPConnectionPool(host='api', port=3002): Max retries exceeded with url: /v1 (Caused by NewConnecti
2025-10-30 12:58:01,463 [WARNING] Firecrawl not ready yet (1/30), waiting 10s...
2025-10-30 12:58:11,464 [INFO] Attempting health check 2/30 to http://api:3002/v1
2025-10-30 12:58:11,475 [INFO] Got response status: 404
2025-10-30 12:58:11,475 [INFO] Connected to Firecrawl at http://api:3002
2025-10-30 12:58:11,476 [INFO] Starting crawl with 43 seed URLs
2025-10-30 12:58:11,476 [INFO] Loaded 0 URLs from cache
2025-10-30 12:58:11,476 [INFO] Crawling 43 seeds (starting from index 0)
2025-10-30 12:58:11,476 [INFO] Using 1 parallel workers
2025-10-30 12:58:11,477 [INFO] Starting crawl for: https://daa.uit.edu.vn/content/cong-thong-tin-dao-tao (attempt 1/3)
2025-10-30 12:58:46,720 [INFO] Crawled 1 pages from https://daa.uit.edu.vn/content/cong-thong-tin-dao-tao
2025-10-30 12:58:46,734 [INFO] Saved HTML [daa/gioithieu/cong-thong-tin-dao-tao]: daa.uit.edu.vn_content_cong-thong-tin-dao-tao.html
2025-10-30 12:58:46,739 [INFO] Saved Markdown [daa/gioithieu/cong-thong-tin-dao-tao]: daa.uit.edu.vn_content_cong-thong-tin-dao-tao.md
2025-10-30 12:58:46,743 [INFO] Saved 1/1 pages, skipped 0 (cached) from https://daa.uit.edu.vn/content/cong-thong-tin-dao-tao
2025-10-30 12:58:46,743 [INFO] Starting crawl for: https://tuyensinh.uit.edu.vn/nganh-dao-tao (attempt 1/3)
2025-10-30 12:58:46,745 [INFO] Progress: 1/43 seeds completed
2025-10-30 12:59:16,908 [INFO] Crawled 14 pages from https://tuyensinh.uit.edu.vn/nganh-dao-tao
2025-10-30 12:59:16,923 [INFO] Saved HTML [daa/gioithieu/nganh-dao-tao]: tuyensinh.uit.edu.vn_nganh-dao-tao.html
2025-10-30 12:59:16,929 [INFO] Saved Markdown [daa/gioithieu/nganh-dao-tao]: tuyensinh.uit.edu.vn_nganh-dao-tao.md
2025-10-30 12:59:16,949 [INFO] Saved HTML [daa/gioithieu/nganh-dao-tao]: tuyensinh.uit.edu.vn_nganh-dao-tao_nganh-cong-nghe-thong-tin.html
2025-10-30 12:59:16,955 [INFO] Saved Markdown [daa/gioithieu/nganh-dao-tao]: tuyensinh.uit.edu.vn_nganh-dao-tao_nganh-cong-nghe-thong-tin.md
2025-10-30 12:59:16,977 [INFO] Saved HTML [daa/gioithieu/nganh-dao-tao]: tuyensinh.uit.edu.vn_nganh-dao-tao_nganh-he-thong-thong-tin.html
2025-10-30 12:59:16,984 [INFO] Saved Markdown [daa/gioithieu/nganh-dao-tao]: tuyensinh.uit.edu.vn_nganh-dao-tao_nganh-he-thong-thong-tin.md
2025-10-30 12:59:17,007 [INFO] Saved HTML [daa/gioithieu/nganh-dao-tao]: tuyensinh.uit.edu.vn_nganh-dao-tao_nganh-khoa-hoc-may-tinh.html
2025-10-30 12:59:17,013 [INFO] Saved Markdown [daa/gioithieu/nganh-dao-tao]: tuyensinh.uit.edu.vn_nganh-dao-tao_nganh-khoa-hoc-may-tinh.md
2025-10-30 12:59:17,037 [INFO] Saved HTML [daa/gioithieu/nganh-dao-tao]: tuyensinh.uit.edu.vn_nganh-dao-tao_nganh-ky-thuat-may-tinh.html
2025-10-30 12:59:17,044 [INFO] Saved Markdown [daa/gioithieu/nganh-dao-tao]: tuyensinh.uit.edu.vn_nganh-dao-tao_nganh-ky-thuat-may-tinh.md
2025-10-30 12:59:17,069 [INFO] Saved HTML [daa/gioithieu/nganh-dao-tao]: tuyensinh.uit.edu.vn_nganh-dao-tao_nganh-ky-thuat-phan-mem.html
2025-10-30 12:59:17,076 [INFO] Saved Markdown [daa/gioithieu/nganh-dao-tao]: tuyensinh.uit.edu.vn_nganh-dao-tao_nganh-ky-thuat-phan-mem.md
2025-10-30 12:59:17,107 [INFO] Saved HTML [daa/gioithieu/nganh-dao-tao]: tuyensinh.uit.edu.vn_nganh-dao-tao_nganh-mang-may-tinh-truyen-thong-du-lieu.html
2025-10-30 12:59:17,112 [INFO] Saved Markdown [daa/gioithieu/nganh-dao-tao]: tuyensinh.uit.edu.vn_nganh-dao-tao_nganh-mang-may-tinh-truyen-thong-du-lieu.md
2025-10-30 12:59:17,140 [INFO] Saved HTML [daa/gioithieu/nganh-dao-tao]: tuyensinh.uit.edu.vn_nganh-dao-tao_nganh-thuong-mai-dien-tu.html
2025-10-30 12:59:17,145 [INFO] Saved Markdown [daa/gioithieu/nganh-dao-tao]: tuyensinh.uit.edu.vn_nganh-dao-tao_nganh-thuong-mai-dien-tu.md
2025-10-30 12:59:17,169 [INFO] Saved HTML [daa/gioithieu/nganh-dao-tao]: tuyensinh.uit.edu.vn_nganh-dao-tao_nganh-an-toan-thong-tin.html
2025-10-30 12:59:17,175 [INFO] Saved Markdown [daa/gioithieu/nganh-dao-tao]: tuyensinh.uit.edu.vn_nganh-dao-tao_nganh-an-toan-thong-tin.md
2025-10-30 12:59:17,203 [INFO] Saved HTML [daa/gioithieu/nganh-dao-tao]: tuyensinh.uit.edu.vn_nganh-dao-tao_nganh-khoa-hoc-du-lieu.html
2025-10-30 12:59:17,209 [INFO] Saved Markdown [daa/gioithieu/nganh-dao-tao]: tuyensinh.uit.edu.vn_nganh-dao-tao_nganh-khoa-hoc-du-lieu.md
2025-10-30 12:59:17,232 [INFO] Saved HTML [daa/gioithieu/nganh-dao-tao]: tuyensinh.uit.edu.vn_nganh-dao-tao_nganh-tri-tue-nhan-tao.html
2025-10-30 12:59:17,237 [INFO] Saved Markdown [daa/gioithieu/nganh-dao-tao]: tuyensinh.uit.edu.vn_nganh-dao-tao_nganh-tri-tue-nhan-tao.md
2025-10-30 12:59:17,257 [INFO] Saved HTML [daa/gioithieu/nganh-dao-tao]: tuyensinh.uit.edu.vn_nganh-dao-tao_nganh-truyen-thong-da-phuong-tien.html
2025-10-30 12:59:17,262 [INFO] Saved Markdown [daa/gioithieu/nganh-dao-tao]: tuyensinh.uit.edu.vn_nganh-dao-tao_nganh-truyen-thong-da-phuong-tien.md
2025-10-30 12:59:17,283 [INFO] Saved HTML [daa/gioithieu/nganh-dao-tao]: tuyensinh.uit.edu.vn_nganh-dao-tao_www.facebook.com_ngayhoikhoahttt.html
2025-10-30 12:59:17,289 [INFO] Saved Markdown [daa/gioithieu/nganh-dao-tao]: tuyensinh.uit.edu.vn_nganh-dao-tao_www.facebook.com_ngayhoikhoahttt.md
2025-10-30 12:59:17,312 [INFO] Saved HTML [daa/gioithieu/nganh-dao-tao]: tuyensinh.uit.edu.vn_nganh-dao-tao_nganh-thiet-ke-vi-mach.html
2025-10-30 12:59:17,318 [INFO] Saved Markdown [daa/gioithieu/nganh-dao-tao]: tuyensinh.uit.edu.vn_nganh-dao-tao_nganh-thiet-ke-vi-mach.md
2025-10-30 12:59:17,321 [INFO] Saved 14/14 pages, skipped 0 (cached) from https://tuyensinh.uit.edu.vn/nganh-dao-tao
2025-10-30 12:59:17,322 [INFO] Starting crawl for: https://daa.uit.edu.vn/content/chuc-nang-nhiem-vu-cua-phong-dao-tao-dai-hoc (attempt 1/3)
2025-10-30 12:59:17,325 [INFO] Progress: 2/43 seeds completed
2025-10-30 13:00:02,491 [INFO] Crawled 1 pages from https://daa.uit.edu.vn/content/chuc-nang-nhiem-vu-cua-phong-dao-tao-dai-hoc
2025-10-30 13:00:02,508 [INFO] Saved HTML [daa/gioithieu/chuc-nang-nhiem-vu]: daa.uit.edu.vn_content_chuc-nang-nhiem-vu-cua-phong-dao-tao-dai-hoc.html
2025-10-30 13:00:02,514 [INFO] Saved Markdown [daa/gioithieu/chuc-nang-nhiem-vu]: daa.uit.edu.vn_content_chuc-nang-nhiem-vu-cua-phong-dao-tao-dai-hoc.md
2025-10-30 13:00:02,518 [INFO] Saved 1/1 pages, skipped 0 (cached) from https://daa.uit.edu.vn/content/chuc-nang-nhiem-vu-cua-phong-dao-tao-dai-hoc
2025-10-30 13:00:02,518 [INFO] Starting crawl for: https://daa.uit.edu.vn/thongbaochinhquy (attempt 1/3)
2025-10-30 13:00:02,520 [INFO] Progress: 3/43 seeds completed
2025-10-30 13:01:33,393 [INFO] Crawled 98 pages from https://daa.uit.edu.vn/thongbaochinhquy
2025-10-30 13:01:33,410 [INFO] Saved HTML [daa/thongbao/thongbao-chinhquy]: daa.uit.edu.vn_thongbaochinhquy.html
2025-10-30 13:01:33,416 [INFO] Saved Markdown [daa/thongbao/thongbao-chinhquy]: daa.uit.edu.vn_thongbaochinhquy.md
2025-10-30 13:01:33,439 [INFO] Saved HTML [daa/thongbao/thongbao-chinhquy]: daa.uit.edu.vn_thongbaochinhquy?page=1.html
2025-10-30 13:01:33,444 [INFO] Saved Markdown [daa/thongbao/thongbao-chinhquy]: daa.uit.edu.vn_thongbaochinhquy?page=1.md
2025-10-30 13:01:33,465 [INFO] Saved HTML [daa/thongbao/thongbao-chinhquy]: daa.uit.edu.vn_thongbaochinhquy?page=2.html
2025-10-30 13:01:33,471 [INFO] Saved Markdown [daa/thongbao/thongbao-chinhquy]: daa.uit.edu.vn_thongbaochinhquy?page=2.md
2025-10-30 13:01:33,491 [INFO] Saved HTML [daa/thongbao/thongbao-chinhquy]: daa.uit.edu.vn_thongbaochinhquy?page=3.html
2025-10-30 13:01:33,497 [INFO] Saved Markdown [daa/thongbao/thongbao-chinhquy]: daa.uit.edu.vn_thongbaochinhquy?page=3.md
2025-10-30 13:01:33,517 [INFO] Saved HTML [daa/thongbao/thongbao-chinhquy]: daa.uit.edu.vn_thongbaochinhquy?page=4.html
2025-10-30 13:01:33,523 [INFO] Saved Markdown [daa/thongbao/thongbao-chinhquy]: daa.uit.edu.vn_thongbaochinhquy?page=4.md
2025-10-30 13:01:33,544 [INFO] Saved HTML [daa/thongbao/thongbao-chinhquy]: daa.uit.edu.vn_thongbaochinhquy?page=5.html
2025-10-30 13:01:33,549 [INFO] Saved Markdown [daa/thongbao/thongbao-chinhquy]: daa.uit.edu.vn_thongbaochinhquy?page=5.md
2025-10-30 13:01:33,568 [INFO] Saved HTML [daa/thongbao/thongbao-chinhquy]: daa.uit.edu.vn_thongbaochinhquy?page=6.html
2025-10-30 13:01:33,573 [INFO] Saved Markdown [daa/thongbao/thongbao-chinhquy]: daa.uit.edu.vn_thongbaochinhquy?page=6.md
2025-10-30 13:01:33,596 [INFO] Saved HTML [daa/thongbao/thongbao-chinhquy]: daa.uit.edu.vn_thongbaochinhquy?page=7.html
2025-10-30 13:01:33,602 [INFO] Saved Markdown [daa/thongbao/thongbao-chinhquy]: daa.uit.edu.vn_thongbaochinhquy?page=7.md
2025-10-30 13:01:33,622 [INFO] Saved HTML [daa/thongbao/thongbao-chinhquy]: daa.uit.edu.vn_thongbaochinhquy?page=8.html
2025-10-30 13:01:33,628 [INFO] Saved Markdown [daa/thongbao/thongbao-chinhquy]: daa.uit.edu.vn_thongbaochinhquy?page=8.md
2025-10-30 13:01:33,648 [INFO] Saved HTML [daa/thongbao/thongbao-chinhquy]: daa.uit.edu.vn_thongbaochinhquy?page=9.html
2025-10-30 13:01:33,653 [INFO] Saved Markdown [daa/thongbao/thongbao-chinhquy]: daa.uit.edu.vn_thongbaochinhquy?page=9.md
2025-10-30 13:01:33,671 [INFO] Saved HTML [daa/thongbao/thongbao-chinhquy]: daa.uit.edu.vn_thongbaochinhquy?page=1923.html
2025-10-30 13:01:33,676 [INFO] Saved Markdown [daa/thongbao/thongbao-chinhquy]: daa.uit.edu.vn_thongbaochinhquy?page=1923.md
2025-10-30 13:01:33,697 [INFO] Saved HTML [daa/thongbao/thongbao-chinhquy]: daa.uit.edu.vn_thongbaochinhquy?page=10.html
2025-10-30 13:01:33,702 [INFO] Saved Markdown [daa/thongbao/thongbao-chinhquy]: daa.uit.edu.vn_thongbaochinhquy?page=10.md
2025-10-30 13:01:33,720 [INFO] Saved HTML [daa/thongbao/thongbao-chinhquy]: daa.uit.edu.vn_thongbaochinhquy?page=11.html
2025-10-30 13:01:33,725 [INFO] Saved Markdown [daa/thongbao/thongbao-chinhquy]: daa.uit.edu.vn_thongbaochinhquy?page=11.md
2025-10-30 13:01:33,746 [INFO] Saved HTML [daa/thongbao/thongbao-chinhquy]: daa.uit.edu.vn_thongbaochinhquy?page=1922.html
2025-10-30 13:01:34,030 [INFO] Downloaded [daa/thongbao/thongbao-chinhquy]: Luu%20y%20sinh%20vien%20tham%20gia%20le.pdf (0.57 MB)
2025-10-30 13:01:34,241 [INFO] Downloaded [daa/thongbao/thongbao-chinhquy]: Thong%20Bao%20Le%20Tot%20Nghiep%20Dot%201%20-%202012.pdf (0.26 MB)
2025-10-30 13:01:34,248 [INFO] Saved Markdown [daa/thongbao/thongbao-chinhquy]: daa.uit.edu.vn_thongbaochinhquy?page=1922.md
2025-10-30 13:01:34,275 [INFO] Saved HTML [daa/thongbao/thongbao-chinhquy]: daa.uit.edu.vn_thongbaochinhquy?page=12.html
2025-10-30 13:01:34,280 [INFO] Saved Markdown [daa/thongbao/thongbao-chinhquy]: daa.uit.edu.vn_thongbaochinhquy?page=12.md
2025-10-30 13:01:34,301 [INFO] Saved HTML [daa/thongbao/thongbao-chinhquy]: daa.uit.edu.vn_thongbaochinhquy?page=1915.html
2025-10-30 13:01:34,308 [INFO] Saved Markdown [daa/thongbao/thongbao-chinhquy]: daa.uit.edu.vn_thongbaochinhquy?page=1915.md
2025-10-30 13:01:34,336 [INFO] Saved HTML [daa/thongbao/thongbao-chinhquy]: daa.uit.edu.vn_thongbaochinhquy?page=1916.html
2025-10-30 13:01:35,877 [WARNING] Failed to download http://www.uit.edu.vn/images/ThongBao-DaoTao/201210/DANH_SACH_SV_NOP_TIEN_BHYT-BHTN_DOT_2.pdf: 404 Client Error: Not Found for url: https://www.uit.edu.vn/images/ThongBao-DaoTao/201210/DANH_SACH_SV_NOP_TIEN_BHYT-BHTN_DOT_2.pdf
2025-10-30 13:01:36,101 [INFO] Downloaded [daa/thongbao/thongbao-chinhquy]: DANH_SACH_SV_NOP_TIEN_BHYT-BHTN_DOT_2.pdf (0.18 MB)
2025-10-30 13:01:36,111 [INFO] Saved Markdown [daa/thongbao/thongbao-chinhquy]: daa.uit.edu.vn_thongbaochinhquy?page=1916.md
2025-10-30 13:01:36,154 [INFO] Saved HTML [daa/thongbao/thongbao-chinhquy]: daa.uit.edu.vn_thongbaochinhquy?page=1918.html
2025-10-30 13:01:36,360 [INFO] Downloaded [daa/thongbao/thongbao-chinhquy]: Danh_sach_xet_tuyen_CTTT_Dot_1.pdf (0.22 MB)
2025-10-30 13:01:36,368 [INFO] Saved Markdown [daa/thongbao/thongbao-chinhquy]: daa.uit.edu.vn_thongbaochinhquy?page=1918.md
2025-10-30 13:01:36,399 [INFO] Saved HTML [daa/thongbao/thongbao-chinhquy]: daa.uit.edu.vn_thongbaochinhquy?page=1917.html
2025-10-30 13:01:36,405 [INFO] Saved Markdown [daa/thongbao/thongbao-chinhquy]: daa.uit.edu.vn_thongbaochinhquy?page=1917.md
2025-10-30 13:01:36,427 [INFO] Saved HTML [daa/thongbao/thongbao-chinhquy]: daa.uit.edu.vn_thongbaochinhquy?page=1919.html
2025-10-30 13:01:36,433 [INFO] Saved Markdown [daa/thongbao/thongbao-chinhquy]: daa.uit.edu.vn_thongbaochinhquy?page=1919.md
2025-10-30 13:01:36,452 [INFO] Saved HTML [daa/thongbao/thongbao-chinhquy]: daa.uit.edu.vn_thongbaochinhquy?page=1920.html
2025-10-30 13:01:36,627 [INFO] Downloaded [daa/thongbao/thongbao-chinhquy]: Noi_dung_kiem_tra_AV_dau_khoa.pdf (0.15 MB)
2025-10-30 13:01:36,637 [INFO] Saved Markdown [daa/thongbao/thongbao-chinhquy]: daa.uit.edu.vn_thongbaochinhquy?page=1920.md
2025-10-30 13:01:36,662 [INFO] Saved HTML [daa/thongbao/thongbao-chinhquy]: daa.uit.edu.vn_thongbaochinhquy?page=1921.html
2025-10-30 13:01:36,667 [INFO] Saved Markdown [daa/thongbao/thongbao-chinhquy]: daa.uit.edu.vn_thongbaochinhquy?page=1921.md
2025-10-30 13:01:36,689 [INFO] Saved HTML [daa/thongbao/thongbao-chinhquy]: daa.uit.edu.vn_thongbaochinhquy?page=13.html
2025-10-30 13:01:36,694 [INFO] Saved Markdown [daa/thongbao/thongbao-chinhquy]: daa.uit.edu.vn_thongbaochinhquy?page=13.md
2025-10-30 13:01:36,713 [INFO] Saved HTML [daa/thongbao/thongbao-chinhquy]: daa.uit.edu.vn_thongbaochinhquy?page=14.html
2025-10-30 13:01:36,718 [INFO] Saved Markdown [daa/thongbao/thongbao-chinhquy]: daa.uit.edu.vn_thongbaochinhquy?page=14.md
2025-10-30 13:01:36,738 [INFO] Saved HTML [daa/thongbao/thongbao-chinhquy]: daa.uit.edu.vn_thongbaochinhquy?page=15.html
2025-10-30 13:01:36,744 [INFO] Saved Markdown [daa/thongbao/thongbao-chinhquy]: daa.uit.edu.vn_thongbaochinhquy?page=15.md
2025-10-30 13:01:36,766 [INFO] Saved HTML [daa/thongbao/thongbao-chinhquy]: daa.uit.edu.vn_thongbaochinhquy?page=16.html
2025-10-30 13:01:36,771 [INFO] Saved Markdown [daa/thongbao/thongbao-chinhquy]: daa.uit.edu.vn_thongbaochinhquy?page=16.md
2025-10-30 13:01:36,791 [INFO] Saved HTML [daa/thongbao/thongbao-chinhquy]: daa.uit.edu.vn_thongbaochinhquy?page=1914.html
2025-10-30 13:01:36,798 [INFO] Saved Markdown [daa/thongbao/thongbao-chinhquy]: daa.uit.edu.vn_thongbaochinhquy?page=1914.md
2025-10-30 13:01:36,818 [INFO] Saved HTML [daa/thongbao/thongbao-chinhquy]: daa.uit.edu.vn_thongbaochinhquy?page=1912.html
2025-10-30 13:01:36,824 [INFO] Saved Markdown [daa/thongbao/thongbao-chinhquy]: daa.uit.edu.vn_thongbaochinhquy?page=1912.md
2025-10-30 13:01:36,842 [INFO] Saved HTML [daa/thongbao/thongbao-chinhquy]: daa.uit.edu.vn_thongbaochinhquy?page=1911.html
2025-10-30 13:01:36,849 [INFO] Saved Markdown [daa/thongbao/thongbao-chinhquy]: daa.uit.edu.vn_thongbaochinhquy?page=1911.md
2025-10-30 13:01:36,872 [INFO] Saved HTML [daa/thongbao/thongbao-chinhquy]: daa.uit.edu.vn_thongbaochinhquy?page=19.html
2025-10-30 13:01:36,877 [INFO] Saved Markdown [daa/thongbao/thongbao-chinhquy]: daa.uit.edu.vn_thongbaochinhquy?page=19.md
2025-10-30 13:01:36,895 [INFO] Saved HTML [daa/thongbao/thongbao-chinhquy]: daa.uit.edu.vn_thongbaochinhquy?page=18.html
2025-10-30 13:01:36,900 [INFO] Saved Markdown [daa/thongbao/thongbao-chinhquy]: daa.uit.edu.vn_thongbaochinhquy?page=18.md
2025-10-30 13:01:36,919 [INFO] Saved HTML [daa/thongbao/thongbao-chinhquy]: daa.uit.edu.vn_thongbaochinhquy?page=1913.html
2025-10-30 13:01:36,924 [INFO] Saved Markdown [daa/thongbao/thongbao-chinhquy]: daa.uit.edu.vn_thongbaochinhquy?page=1913.md
2025-10-30 13:01:36,946 [INFO] Saved HTML [daa/thongbao/thongbao-chinhquy]: daa.uit.edu.vn_thongbaochinhquy?page=17.html
2025-10-30 13:01:36,952 [INFO] Saved Markdown [daa/thongbao/thongbao-chinhquy]: daa.uit.edu.vn_thongbaochinhquy?page=17.md
2025-10-30 13:01:36,972 [INFO] Saved HTML [daa/thongbao/thongbao-chinhquy]: daa.uit.edu.vn_thongbaochinhquy?page=1910.html
2025-10-30 13:01:36,977 [INFO] Saved Markdown [daa/thongbao/thongbao-chinhquy]: daa.uit.edu.vn_thongbaochinhquy?page=1910.md
2025-10-30 13:01:36,996 [INFO] Saved HTML [daa/thongbao/thongbao-chinhquy]: daa.uit.edu.vn_thongbaochinhquy?page=20.html
2025-10-30 13:01:37,001 [INFO] Saved Markdown [daa/thongbao/thongbao-chinhquy]: daa.uit.edu.vn_thongbaochinhquy?page=20.md
2025-10-30 13:01:37,022 [INFO] Saved HTML [daa/thongbao/thongbao-chinhquy]: daa.uit.edu.vn_thongbaochinhquy?page=1907.html
2025-10-30 13:01:37,027 [INFO] Saved Markdown [daa/thongbao/thongbao-chinhquy]: daa.uit.edu.vn_thongbaochinhquy?page=1907.md
2025-10-30 13:01:37,044 [INFO] Saved HTML [daa/thongbao/thongbao-chinhquy]: daa.uit.edu.vn_thongbaochinhquy?page=1908.html
2025-10-30 13:01:37,049 [INFO] Saved Markdown [daa/thongbao/thongbao-chinhquy]: daa.uit.edu.vn_thongbaochinhquy?page=1908.md
2025-10-30 13:01:37,071 [INFO] Saved HTML [daa/thongbao/thongbao-chinhquy]: daa.uit.edu.vn_thongbaochinhquy?page=1909.html
2025-10-30 13:01:37,076 [INFO] Saved Markdown [daa/thongbao/thongbao-chinhquy]: daa.uit.edu.vn_thongbaochinhquy?page=1909.md
2025-10-30 13:01:37,095 [INFO] Saved HTML [daa/thongbao/thongbao-chinhquy]: daa.uit.edu.vn_thongbaochinhquy?page=21.html
2025-10-30 13:01:37,101 [INFO] Saved Markdown [daa/thongbao/thongbao-chinhquy]: daa.uit.edu.vn_thongbaochinhquy?page=21.md
2025-10-30 13:01:37,118 [INFO] Saved HTML [daa/thongbao/thongbao-chinhquy]: daa.uit.edu.vn_thongbaochinhquy?page=1906.html
2025-10-30 13:01:37,123 [INFO] Saved Markdown [daa/thongbao/thongbao-chinhquy]: daa.uit.edu.vn_thongbaochinhquy?page=1906.md
2025-10-30 13:01:37,144 [INFO] Saved HTML [daa/thongbao/thongbao-chinhquy]: daa.uit.edu.vn_thongbaochinhquy?page=22.html
2025-10-30 13:01:37,149 [INFO] Saved Markdown [daa/thongbao/thongbao-chinhquy]: daa.uit.edu.vn_thongbaochinhquy?page=22.md
2025-10-30 13:01:37,167 [INFO] Saved HTML [daa/thongbao/thongbao-chinhquy]: daa.uit.edu.vn_thongbaochinhquy?page=1903.html
2025-10-30 13:01:37,172 [INFO] Saved Markdown [daa/thongbao/thongbao-chinhquy]: daa.uit.edu.vn_thongbaochinhquy?page=1903.md
2025-10-30 13:01:37,192 [INFO] Saved HTML [daa/thongbao/thongbao-chinhquy]: daa.uit.edu.vn_thongbaochinhquy?page=1905.html
2025-10-30 13:01:37,198 [INFO] Saved Markdown [daa/thongbao/thongbao-chinhquy]: daa.uit.edu.vn_thongbaochinhquy?page=1905.md
2025-10-30 13:01:37,218 [INFO] Saved HTML [daa/thongbao/thongbao-chinhquy]: daa.uit.edu.vn_thongbaochinhquy?page=1904.html
2025-10-30 13:01:37,223 [INFO] Saved Markdown [daa/thongbao/thongbao-chinhquy]: daa.uit.edu.vn_thongbaochinhquy?page=1904.md
2025-10-30 13:01:37,246 [INFO] Saved HTML [daa/thongbao/thongbao-chinhquy]: daa.uit.edu.vn_thongbaochinhquy?page=24.html
2025-10-30 13:01:37,252 [INFO] Saved Markdown [daa/thongbao/thongbao-chinhquy]: daa.uit.edu.vn_thongbaochinhquy?page=24.md
2025-10-30 13:01:37,275 [INFO] Saved HTML [daa/thongbao/thongbao-chinhquy]: daa.uit.edu.vn_thongbaochinhquy?page=23.html
2025-10-30 13:01:37,282 [INFO] Saved Markdown [daa/thongbao/thongbao-chinhquy]: daa.uit.edu.vn_thongbaochinhquy?page=23.md
2025-10-30 13:01:37,302 [INFO] Saved HTML [daa/thongbao/thongbao-chinhquy]: daa.uit.edu.vn_thongbaochinhquy?page=1901.html
2025-10-30 13:01:37,307 [INFO] Saved Markdown [daa/thongbao/thongbao-chinhquy]: daa.uit.edu.vn_thongbaochinhquy?page=1901.md
2025-10-30 13:01:37,328 [INFO] Saved HTML [daa/thongbao/thongbao-chinhquy]: daa.uit.edu.vn_thongbaochinhquy?page=1902.html
2025-10-30 13:01:37,334 [INFO] Saved Markdown [daa/thongbao/thongbao-chinhquy]: daa.uit.edu.vn_thongbaochinhquy?page=1902.md
2025-10-30 13:01:37,353 [INFO] Saved HTML [daa/thongbao/thongbao-chinhquy]: daa.uit.edu.vn_thongbaochinhquy?page=1900.html
2025-10-30 13:01:37,360 [INFO] Saved Markdown [daa/thongbao/thongbao-chinhquy]: daa.uit.edu.vn_thongbaochinhquy?page=1900.md
2025-10-30 13:01:37,379 [INFO] Saved HTML [daa/thongbao/thongbao-chinhquy]: daa.uit.edu.vn_thongbaochinhquy?page=25.html
2025-10-30 13:01:37,384 [INFO] Saved Markdown [daa/thongbao/thongbao-chinhquy]: daa.uit.edu.vn_thongbaochinhquy?page=25.md
2025-10-30 13:01:37,406 [INFO] Saved HTML [daa/thongbao/thongbao-chinhquy]: daa.uit.edu.vn_thongbaochinhquy?page=26.html
2025-10-30 13:01:37,412 [INFO] Saved Markdown [daa/thongbao/thongbao-chinhquy]: daa.uit.edu.vn_thongbaochinhquy?page=26.md
2025-10-30 13:01:37,432 [INFO] Saved HTML [daa/thongbao/thongbao-chinhquy]: daa.uit.edu.vn_thongbaochinhquy?page=28.html
2025-10-30 13:01:37,438 [INFO] Saved Markdown [daa/thongbao/thongbao-chinhquy]: daa.uit.edu.vn_thongbaochinhquy?page=28.md
2025-10-30 13:01:37,458 [INFO] Saved HTML [daa/thongbao/thongbao-chinhquy]: daa.uit.edu.vn_thongbaochinhquy?page=27.html
2025-10-30 13:01:37,463 [INFO] Saved Markdown [daa/thongbao/thongbao-chinhquy]: daa.uit.edu.vn_thongbaochinhquy?page=27.md
2025-10-30 13:01:37,485 [INFO] Saved HTML [daa/thongbao/thongbao-chinhquy]: daa.uit.edu.vn_thongbaochinhquy?page=1897.html
2025-10-30 13:01:37,491 [INFO] Saved Markdown [daa/thongbao/thongbao-chinhquy]: daa.uit.edu.vn_thongbaochinhquy?page=1897.md
2025-10-30 13:01:37,514 [INFO] Saved HTML [daa/thongbao/thongbao-chinhquy]: daa.uit.edu.vn_thongbaochinhquy?page=1899.html
2025-10-30 13:01:37,521 [INFO] Saved Markdown [daa/thongbao/thongbao-chinhquy]: daa.uit.edu.vn_thongbaochinhquy?page=1899.md
2025-10-30 13:01:37,544 [INFO] Saved HTML [daa/thongbao/thongbao-chinhquy]: daa.uit.edu.vn_thongbaochinhquy?page=1898.html
2025-10-30 13:01:37,548 [INFO] Saved Markdown [daa/thongbao/thongbao-chinhquy]: daa.uit.edu.vn_thongbaochinhquy?page=1898.md
2025-10-30 13:01:37,572 [INFO] Saved HTML [daa/thongbao/thongbao-chinhquy]: daa.uit.edu.vn_thongbaochinhquy?page=30.html
2025-10-30 13:01:37,577 [INFO] Saved Markdown [daa/thongbao/thongbao-chinhquy]: daa.uit.edu.vn_thongbaochinhquy?page=30.md
2025-10-30 13:01:37,603 [INFO] Saved HTML [daa/thongbao/thongbao-chinhquy]: daa.uit.edu.vn_thongbaochinhquy?page=29.html
2025-10-30 13:01:37,609 [INFO] Saved Markdown [daa/thongbao/thongbao-chinhquy]: daa.uit.edu.vn_thongbaochinhquy?page=29.md
2025-10-30 13:01:37,633 [INFO] Saved HTML [daa/thongbao/thongbao-chinhquy]: daa.uit.edu.vn_thongbaochinhquy?page=1896.html
2025-10-30 13:01:37,640 [INFO] Saved Markdown [daa/thongbao/thongbao-chinhquy]: daa.uit.edu.vn_thongbaochinhquy?page=1896.md
2025-10-30 13:01:37,660 [INFO] Saved HTML [daa/thongbao/thongbao-chinhquy]: daa.uit.edu.vn_thongbaochinhquy?page=31.html
2025-10-30 13:01:37,666 [INFO] Saved Markdown [daa/thongbao/thongbao-chinhquy]: daa.uit.edu.vn_thongbaochinhquy?page=31.md
2025-10-30 13:01:37,688 [INFO] Saved HTML [daa/thongbao/thongbao-chinhquy]: daa.uit.edu.vn_thongbaochinhquy?page=32.html
2025-10-30 13:01:37,694 [INFO] Saved Markdown [daa/thongbao/thongbao-chinhquy]: daa.uit.edu.vn_thongbaochinhquy?page=32.md
2025-10-30 13:01:37,713 [INFO] Saved HTML [daa/thongbao/thongbao-chinhquy]: daa.uit.edu.vn_thongbaochinhquy?page=1895.html
2025-10-30 13:01:37,719 [INFO] Saved Markdown [daa/thongbao/thongbao-chinhquy]: daa.uit.edu.vn_thongbaochinhquy?page=1895.md
2025-10-30 13:01:37,744 [INFO] Saved HTML [daa/thongbao/thongbao-chinhquy]: daa.uit.edu.vn_thongbaochinhquy?page=34.html
2025-10-30 13:01:37,750 [INFO] Saved Markdown [daa/thongbao/thongbao-chinhquy]: daa.uit.edu.vn_thongbaochinhquy?page=34.md
2025-10-30 13:01:37,773 [INFO] Saved HTML [daa/thongbao/thongbao-chinhquy]: daa.uit.edu.vn_thongbaochinhquy?page=33.html
2025-10-30 13:01:37,778 [INFO] Saved Markdown [daa/thongbao/thongbao-chinhquy]: daa.uit.edu.vn_thongbaochinhquy?page=33.md
2025-10-30 13:01:37,801 [INFO] Saved HTML [daa/thongbao/thongbao-chinhquy]: daa.uit.edu.vn_thongbaochinhquy?page=1892.html
2025-10-30 13:01:37,807 [INFO] Saved Markdown [daa/thongbao/thongbao-chinhquy]: daa.uit.edu.vn_thongbaochinhquy?page=1892.md
2025-10-30 13:01:37,834 [INFO] Saved HTML [daa/thongbao/thongbao-chinhquy]: daa.uit.edu.vn_thongbaochinhquy?page=1893.html
2025-10-30 13:01:37,841 [INFO] Saved Markdown [daa/thongbao/thongbao-chinhquy]: daa.uit.edu.vn_thongbaochinhquy?page=1893.md
2025-10-30 13:01:37,867 [INFO] Saved HTML [daa/thongbao/thongbao-chinhquy]: daa.uit.edu.vn_thongbaochinhquy?page=1894.html
2025-10-30 13:01:37,873 [INFO] Saved Markdown [daa/thongbao/thongbao-chinhquy]: daa.uit.edu.vn_thongbaochinhquy?page=1894.md
2025-10-30 13:01:37,895 [INFO] Saved HTML [daa/thongbao/thongbao-chinhquy]: daa.uit.edu.vn_thongbaochinhquy?page=35.html
2025-10-30 13:01:37,901 [INFO] Saved Markdown [daa/thongbao/thongbao-chinhquy]: daa.uit.edu.vn_thongbaochinhquy?page=35.md
2025-10-30 13:01:37,921 [INFO] Saved HTML [daa/thongbao/thongbao-chinhquy]: daa.uit.edu.vn_thongbaochinhquy?page=36.html
2025-10-30 13:01:37,926 [INFO] Saved Markdown [daa/thongbao/thongbao-chinhquy]: daa.uit.edu.vn_thongbaochinhquy?page=36.md
2025-10-30 13:01:37,950 [INFO] Saved HTML [daa/thongbao/thongbao-chinhquy]: daa.uit.edu.vn_thongbaochinhquy?page=37.html
2025-10-30 13:01:37,956 [INFO] Saved Markdown [daa/thongbao/thongbao-chinhquy]: daa.uit.edu.vn_thongbaochinhquy?page=37.md
2025-10-30 13:01:37,976 [INFO] Saved HTML [daa/thongbao/thongbao-chinhquy]: daa.uit.edu.vn_thongbaochinhquy?page=1891.html
2025-10-30 13:01:37,982 [INFO] Saved Markdown [daa/thongbao/thongbao-chinhquy]: daa.uit.edu.vn_thongbaochinhquy?page=1891.md
2025-10-30 13:01:38,006 [INFO] Saved HTML [daa/thongbao/thongbao-chinhquy]: daa.uit.edu.vn_thongbaochinhquy?page=1888.html
2025-10-30 13:01:38,011 [INFO] Saved Markdown [daa/thongbao/thongbao-chinhquy]: daa.uit.edu.vn_thongbaochinhquy?page=1888.md
2025-10-30 13:01:38,033 [INFO] Saved HTML [daa/thongbao/thongbao-chinhquy]: daa.uit.edu.vn_thongbaochinhquy?page=38.html
2025-10-30 13:01:38,039 [INFO] Saved Markdown [daa/thongbao/thongbao-chinhquy]: daa.uit.edu.vn_thongbaochinhquy?page=38.md
2025-10-30 13:01:38,065 [INFO] Saved HTML [daa/thongbao/thongbao-chinhquy]: daa.uit.edu.vn_thongbaochinhquy?page=1889.html
2025-10-30 13:01:38,071 [INFO] Saved Markdown [daa/thongbao/thongbao-chinhquy]: daa.uit.edu.vn_thongbaochinhquy?page=1889.md
2025-10-30 13:01:38,100 [INFO] Saved HTML [daa/thongbao/thongbao-chinhquy]: daa.uit.edu.vn_thongbaochinhquy?page=1890.html
2025-10-30 13:01:38,106 [INFO] Saved Markdown [daa/thongbao/thongbao-chinhquy]: daa.uit.edu.vn_thongbaochinhquy?page=1890.md
2025-10-30 13:01:38,130 [INFO] Saved HTML [daa/thongbao/thongbao-chinhquy]: daa.uit.edu.vn_thongbaochinhquy?page=39.html
2025-10-30 13:01:38,136 [INFO] Saved Markdown [daa/thongbao/thongbao-chinhquy]: daa.uit.edu.vn_thongbaochinhquy?page=39.md
2025-10-30 13:01:38,164 [INFO] Saved HTML [daa/thongbao/thongbao-chinhquy]: daa.uit.edu.vn_thongbaochinhquy?page=40.html
2025-10-30 13:01:38,171 [INFO] Saved Markdown [daa/thongbao/thongbao-chinhquy]: daa.uit.edu.vn_thongbaochinhquy?page=40.md
2025-10-30 13:01:38,195 [INFO] Saved HTML [daa/thongbao/thongbao-chinhquy]: daa.uit.edu.vn_thongbaochinhquy?page=41.html
2025-10-30 13:01:38,203 [INFO] Saved Markdown [daa/thongbao/thongbao-chinhquy]: daa.uit.edu.vn_thongbaochinhquy?page=41.md
2025-10-30 13:01:38,254 [INFO] Saved HTML [daa/thongbao/thongbao-chinhquy]: daa.uit.edu.vn_thongbaochinhquy?page=42.html
2025-10-30 13:01:38,261 [INFO] Saved Markdown [daa/thongbao/thongbao-chinhquy]: daa.uit.edu.vn_thongbaochinhquy?page=42.md
2025-10-30 13:01:38,287 [INFO] Saved HTML [daa/thongbao/thongbao-chinhquy]: daa.uit.edu.vn_thongbaochinhquy?page=43.html
2025-10-30 13:01:38,293 [INFO] Saved Markdown [daa/thongbao/thongbao-chinhquy]: daa.uit.edu.vn_thongbaochinhquy?page=43.md
2025-10-30 13:01:38,316 [INFO] Saved HTML [daa/thongbao/thongbao-chinhquy]: daa.uit.edu.vn_thongbaochinhquy?page=44.html
2025-10-30 13:01:38,322 [INFO] Saved Markdown [daa/thongbao/thongbao-chinhquy]: daa.uit.edu.vn_thongbaochinhquy?page=44.md
2025-10-30 13:01:38,350 [INFO] Saved HTML [daa/thongbao/thongbao-chinhquy]: daa.uit.edu.vn_thongbaochinhquy?page=45.html
2025-10-30 13:01:38,358 [INFO] Saved Markdown [daa/thongbao/thongbao-chinhquy]: daa.uit.edu.vn_thongbaochinhquy?page=45.md
2025-10-30 13:01:38,380 [INFO] Saved HTML [daa/thongbao/thongbao-chinhquy]: daa.uit.edu.vn_thongbaochinhquy?page=46.html
2025-10-30 13:01:38,385 [INFO] Saved Markdown [daa/thongbao/thongbao-chinhquy]: daa.uit.edu.vn_thongbaochinhquy?page=46.md
2025-10-30 13:01:38,408 [INFO] Saved HTML [daa/thongbao/thongbao-chinhquy]: daa.uit.edu.vn_thongbaochinhquy?page=47.html
2025-10-30 13:01:38,415 [INFO] Saved Markdown [daa/thongbao/thongbao-chinhquy]: daa.uit.edu.vn_thongbaochinhquy?page=47.md
2025-10-30 13:01:38,440 [INFO] Saved HTML [daa/thongbao/thongbao-chinhquy]: daa.uit.edu.vn_thongbaochinhquy?page=49.html
2025-10-30 13:01:38,448 [INFO] Saved Markdown [daa/thongbao/thongbao-chinhquy]: daa.uit.edu.vn_thongbaochinhquy?page=49.md
2025-10-30 13:01:38,477 [INFO] Saved HTML [daa/thongbao/thongbao-chinhquy]: daa.uit.edu.vn_thongbaochinhquy?page=48.html
2025-10-30 13:01:38,486 [INFO] Saved Markdown [daa/thongbao/thongbao-chinhquy]: daa.uit.edu.vn_thongbaochinhquy?page=48.md
2025-10-30 13:01:38,509 [INFO] Saved HTML [daa/thongbao/thongbao-chinhquy]: daa.uit.edu.vn_thongbaochinhquy?page=50.html
2025-10-30 13:01:38,515 [INFO] Saved Markdown [daa/thongbao/thongbao-chinhquy]: daa.uit.edu.vn_thongbaochinhquy?page=50.md
2025-10-30 13:01:38,538 [INFO] Saved HTML [daa/thongbao/thongbao-chinhquy]: daa.uit.edu.vn_thongbaochinhquy?page=51.html
2025-10-30 13:01:38,544 [INFO] Saved Markdown [daa/thongbao/thongbao-chinhquy]: daa.uit.edu.vn_thongbaochinhquy?page=51.md
2025-10-30 13:01:38,566 [INFO] Saved HTML [daa/thongbao/thongbao-chinhquy]: daa.uit.edu.vn_thongbaochinhquy?page=53.html
2025-10-30 13:01:38,571 [INFO] Saved Markdown [daa/thongbao/thongbao-chinhquy]: daa.uit.edu.vn_thongbaochinhquy?page=53.md
2025-10-30 13:01:38,596 [INFO] Saved HTML [daa/thongbao/thongbao-chinhquy]: daa.uit.edu.vn_thongbaochinhquy?page=52.html
2025-10-30 13:01:38,603 [INFO] Saved Markdown [daa/thongbao/thongbao-chinhquy]: daa.uit.edu.vn_thongbaochinhquy?page=52.md
2025-10-30 13:01:38,624 [INFO] Saved HTML [daa/thongbao/thongbao-chinhquy]: daa.uit.edu.vn_thongbaochinhquy?page=54.html
2025-10-30 13:01:38,629 [INFO] Saved Markdown [daa/thongbao/thongbao-chinhquy]: daa.uit.edu.vn_thongbaochinhquy?page=54.md
2025-10-30 13:01:38,654 [INFO] Saved HTML [daa/thongbao/thongbao-chinhquy]: daa.uit.edu.vn_thongbaochinhquy?page=55.html
2025-10-30 13:01:38,660 [INFO] Saved Markdown [daa/thongbao/thongbao-chinhquy]: daa.uit.edu.vn_thongbaochinhquy?page=55.md
2025-10-30 13:01:38,683 [INFO] Saved HTML [daa/thongbao/thongbao-chinhquy]: daa.uit.edu.vn_thongbaochinhquy?page=56.html
2025-10-30 13:01:38,689 [INFO] Saved Markdown [daa/thongbao/thongbao-chinhquy]: daa.uit.edu.vn_thongbaochinhquy?page=56.md
2025-10-30 13:01:38,712 [INFO] Saved HTML [daa/thongbao/thongbao-chinhquy]: daa.uit.edu.vn_thongbaochinhquy?page=57.html
2025-10-30 13:01:38,716 [INFO] Saved Markdown [daa/thongbao/thongbao-chinhquy]: daa.uit.edu.vn_thongbaochinhquy?page=57.md
2025-10-30 13:01:38,742 [INFO] Saved HTML [daa/thongbao/thongbao-chinhquy]: daa.uit.edu.vn_thongbaochinhquy?page=58.html
2025-10-30 13:01:38,748 [INFO] Saved Markdown [daa/thongbao/thongbao-chinhquy]: daa.uit.edu.vn_thongbaochinhquy?page=58.md
2025-10-30 13:01:38,774 [INFO] Saved HTML [daa/thongbao/thongbao-chinhquy]: daa.uit.edu.vn_thongbaochinhquy?page=59.html
2025-10-30 13:01:38,780 [INFO] Saved Markdown [daa/thongbao/thongbao-chinhquy]: daa.uit.edu.vn_thongbaochinhquy?page=59.md
2025-10-30 13:01:38,801 [INFO] Saved HTML [daa/thongbao/thongbao-chinhquy]: daa.uit.edu.vn_thongbaochinhquy?page=60.html
2025-10-30 13:01:38,807 [INFO] Saved Markdown [daa/thongbao/thongbao-chinhquy]: daa.uit.edu.vn_thongbaochinhquy?page=60.md
2025-10-30 13:01:38,833 [INFO] Saved HTML [daa/thongbao/thongbao-chinhquy]: daa.uit.edu.vn_thongbaochinhquy?page=61.html
2025-10-30 13:01:38,838 [INFO] Saved Markdown [daa/thongbao/thongbao-chinhquy]: daa.uit.edu.vn_thongbaochinhquy?page=61.md
2025-10-30 13:01:38,841 [INFO] Saved 98/98 pages, skipped 0 (cached) from https://daa.uit.edu.vn/thongbaochinhquy
2025-10-30 13:01:38,842 [INFO] Starting crawl for: https://daa.uit.edu.vn/thong-bao-vb2 (attempt 1/3)
2025-10-30 13:01:38,844 [INFO] Progress: 4/43 seeds completed
2025-10-30 13:02:19,015 [INFO] Crawled 0 pages from https://daa.uit.edu.vn/thong-bao-vb2
2025-10-30 13:02:19,016 [INFO] Saved 0/0 pages, skipped 0 (cached) from https://daa.uit.edu.vn/thong-bao-vb2
2025-10-30 13:02:19,016 [INFO] Starting crawl for: https://daa.uit.edu.vn/thongbaotuxa (attempt 1/3)
2025-10-30 13:02:19,019 [INFO] Progress: 5/43 seeds completed
2025-10-30 13:02:19,022 [INFO] Statistics saved to /data/crawl_stats.json
2025-10-30 13:03:04,220 [INFO] Crawled 2 pages from https://daa.uit.edu.vn/thongbaotuxa
2025-10-30 13:03:04,237 [INFO] Saved HTML [daa/thongbao/thongbao-tuxa]: daa.uit.edu.vn_thongbaotuxa.html
2025-10-30 13:03:04,244 [INFO] Saved Markdown [daa/thongbao/thongbao-tuxa]: daa.uit.edu.vn_thongbaotuxa.md
2025-10-30 13:03:04,274 [INFO] Saved HTML [daa/thongbao/thongbao-tuxa]: daa.uit.edu.vn_thongbaotuxa?page=1.html
2025-10-30 13:03:04,281 [INFO] Saved Markdown [daa/thongbao/thongbao-tuxa]: daa.uit.edu.vn_thongbaotuxa?page=1.md
2025-10-30 13:03:04,284 [INFO] Saved 2/2 pages, skipped 0 (cached) from https://daa.uit.edu.vn/thongbaotuxa
2025-10-30 13:03:04,285 [INFO] Starting crawl for: https://daa.uit.edu.vn/qui-che-qui-dinh-qui-trinh (attempt 1/3)
2025-10-30 13:03:04,288 [INFO] Progress: 6/43 seeds completed
2025-10-30 13:03:49,502 [INFO] Crawled 2 pages from https://daa.uit.edu.vn/qui-che-qui-dinh-qui-trinh
2025-10-30 13:03:49,503 [INFO] Found 38 potential numbered items in https://daa.uit.edu.vn/qui-che-qui-dinh-qui-trinh
2025-10-30 13:03:49,503 [INFO] Cached numbered doc: https://daa.uit.edu.vn/01-quyet-dinh-ve-viec-ban-hanh-quy-che-dao-tao-theo-hoc-che-tin-chi -> 01. Quyết định về việc ban hành Quy chế đào tạo theo học chế tín chỉ
2025-10-30 13:03:49,504 [INFO] Cached numbered doc: https://daa.uit.edu.vn/thongbao/02-quyet-dinh-ve-viec-ban-hanh-qui-dinh-ve-cong-tac-giao-trinh -> 02. Quyết định về việc ban hành Qui định về công tác giáo trình
2025-10-30 13:03:49,504 [INFO] Cached numbered doc: https://daa.uit.edu.vn/03-quyet-dinh-ve-viec-ban-hanh-quy-che-van-bang-chung-chi -> 03. Quyết định về việc ban hành Quy chế văn bằng chứng chỉ
2025-10-30 13:03:49,504 [INFO] Cached numbered doc: https://daa.uit.edu.vn/thongbao/04-quyet-dinh-ve-viec-ban-hanh-quy-dinh-ve-he-tai-nang -> 04. Quyết định về việc ban hành Quy định về hệ tài năng
2025-10-30 13:03:49,504 [INFO] Cached numbered doc: https://daa.uit.edu.vn/05-quy-dinh-dao-tao-ngoai-ngu-doi-voi-he-dai-hoc-chinh-quy-cua-truong-dhcntt -> 05. Quy định đào tạo ngoại ngữ đối với hệ đại học chính quy của Trường ĐHCNTT
2025-10-30 13:03:49,505 [INFO] Cached numbered doc: https://daa.uit.edu.vn/06-quyet-dinh-ve-viec-ban-hanh-quy-dinh-ve-khoa-luan-tot-nghiep-cho-sv-he-cq -> 06. Quyết định về việc ban hành Quy định về khóa luận tốt nghiệp cho SV hệ CQ
2025-10-30 13:03:49,505 [INFO] Cached numbered doc: https://daa.uit.edu.vn/07-quyet-dinh-ve-viec-ban-hanh-quy-dinh-chuc-thi-tap-trung-cac-mon-hoc-he-dhcq -> 07. Quyết định về việc ban hành Quy định tổ chức thi tập trung các môn học hệ ĐHCQ
2025-10-30 13:03:49,505 [INFO] Cached numbered doc: https://daa.uit.edu.vn/thongbao/08-quyet-dinh-ve-viec-ban-hanh-quy-trinh-bao-nghi-day-day-bu -> 08. Quyết định về việc ban hành Quy trình báo nghỉ dạy, dạy bù
2025-10-30 13:03:49,505 [INFO] Cached numbered doc: https://daa.uit.edu.vn/09-quyet-dinh-ve-viec-ban-hanh-quy-che-dao-tao-cho-sinh-vien-he-dao-tao-tu-xa-trinh-do-dai-hoc -> 09. Quyết định về việc ban hành Quy chế đào tạo cho sinh viên hệ đào tạo từ xa trình độ đại học
2025-10-30 13:03:49,506 [INFO] Cached numbered doc: https://daa.uit.edu.vn/thongbao/10-quyet-dinh-ve-viec-ban-hanh-quy-trinh-danh-gia-cap-nhat-ctdt-trinh-do-dhsdh -> 10. Quyết định về việc ban hành Quy trình đánh giá, cập nhật CTĐT trình độ ĐHSĐH
2025-10-30 13:03:49,506 [INFO] Cached numbered doc: https://daa.uit.edu.vn/thongbao/11-quyet-dinh-ve-viec-ban-hanh-quy-dinh-ve-viec-mo-nganh-dao-tao -> 11. Quyết định về việc ban hành Quy định về việc mở ngành đào tạo
2025-10-30 13:03:49,506 [INFO] Cached numbered doc: https://daa.uit.edu.vn/thongbao/12-quyet-dinh-ve-viec-ban-hanh-quy-dinh-ve-dao-tao-chuong-trinh-chat-luong-cao -> 12. Quyết định về việc ban hành Quy định về đào tạo chương trình Chất lượng cao
2025-10-30 13:03:49,507 [INFO] Cached numbered doc: https://daa.uit.edu.vn/thongbao/14-qui-dinh-cach-dat-ma-mon-hoc -> 14. Qui định cách đặt mã môn học
2025-10-30 13:03:49,507 [INFO] Cached numbered doc: https://daa.uit.edu.vn/15-qui-dinh-ve-giang-vien-giang-vien-va-tro-giang-mon-hoc -> 15. Qui định về giảng viên giảng viên và trợ giảng môn học
2025-10-30 13:03:49,508 [INFO] Cached numbered doc: https://daa.uit.edu.vn/thongbao/16-thoi-diem-va-muc-thu-hoc-phi-gia-han-doi-voi-sinh-vien-he-dai-hoc-chinh-quy -> 16. Thời điểm và mức thu học phí gia hạn đối với sinh viên hệ đại học chính quy
2025-10-30 13:03:49,508 [INFO] Cached numbered doc: https://daa.uit.edu.vn/thongbao/17-quy-dinh-ve-chinh-sach-ho-tro-cong-bo-khoa-hoc -> 17. Quy định về chính sách hỗ trợ công bố khoa học
2025-10-30 13:03:49,508 [INFO] Cached numbered doc: https://daa.uit.edu.vn/thongbao/18-quy-trinh-phan-cong-can-bo-coi-thi-cho-cac-dot-thi-tap-trung-he-dai-hoc-chinh-quy -> 18. Quy trình phân công cán bộ coi thi cho các đợt thi tập trung hệ đại học chính quy
2025-10-30 13:03:49,509 [INFO] Cached numbered doc: https://daa.uit.edu.vn/thongbao/19-quy-trinh-nop-khoa-luan-tot-nghiep-sau-khi-bao-ve-truoc-hoi-dong-bao-ve-khoa-luan-tot -> 19. Quy trình nộp khoá luận tốt nghiệp sau khi bảo vệ trước Hội đồng bảo vệ khoá luận tốt nghiệp
2025-10-30 13:03:49,510 [INFO] Cached numbered doc: https://daa.uit.edu.vn/thongbao/20-quy-dinh-chuong-trinh-tien-tien -> 20. Quy định chương trình tiên tiến
2025-10-30 13:03:49,510 [INFO] Cached numbered doc: https://daa.uit.edu.vn/thongbao/21-huong-dan-thang-phan-loai-nhan-thuc-ky-nang-thai-do-su-dung-tai-truong-dai-hoc-cong-nghe -> 21. Hướng dẫn Thang phân loại nhận thức, kỹ năng, thái độ sử dụng tại Trường Đại học Công nghệ Thông tin
2025-10-30 13:03:49,510 [INFO] Cached numbered doc: https://daa.uit.edu.vn/thongbao/22-quy-dinh-ve-viec-chuc-day-hoc-ngoai-gio-hanh-chinh-doi-voi-cac-hoc-phan-trong-chuong -> 22. Quy định về việc tổ chức dạy – học ngoài giờ hành chính đối với các học phần trong chương trình đào tạo đại học chính quy
2025-10-30 13:03:49,510 [INFO] Cached numbered doc: https://daa.uit.edu.vn/thongbao/23-quy-dinh-tam-thoi-ve-dao-tao-lien-thong-tu-trinh-do-dai-hoc-len-trinh-do-thac-si-he -> 23. Quy định tạm thời về đào tạo liên thông từ trình độ đại học lên trình độ thạc sĩ hệ chính quy
2025-10-30 13:03:49,511 [INFO] Cached numbered doc: https://daa.uit.edu.vn/thongbao/24-quyet-dinh-ve-viec-ban-hanh-quy-dinh-day-va-hoc-theo-phuong-thuc-truc-tuyen-va-phuong -> 24. Quyết định về việc ban hành quy định dạy và học theo phương thức trực tuyến và phương thức kết hợp
2025-10-30 13:03:49,511 [INFO] Cached numbered doc: https://daa.uit.edu.vn/thongbao/25-quy-dinh-chuc-danh-gia-ket-qua-hoc-tap-theo-hinh-thuc-truc-tuyen -> 25. Quy định tổ chức đánh giá kết quả học tập theo hình thức trực tuyến
2025-10-30 13:03:49,511 [INFO] Cached numbered doc: https://daa.uit.edu.vn/thongbao/26-quy-dinh-moi-giang-vien-thinh-giang-tu-doanh-nghiep -> 26. Quy định mời giảng viên thỉnh giảng từ doanh nghiệp
2025-10-30 13:03:49,512 [INFO] Cached numbered doc: https://daa.uit.edu.vn/27-huong-dan-dang-ky-hoc-phan-cho-sinh-vien -> 27. Hướng dẫn đăng ký học phần cho sinh viên
2025-10-30 13:03:49,512 [INFO] Cached numbered doc: https://daa.uit.edu.vn/28-quy-dinh-dao-tao-song-nganh-trinh-do-dai-hoc-he-chinh-quy -> 28. Quy định đào tạo song ngành trình độ đại học hệ chính quy
2025-10-30 13:03:49,512 [INFO] Cached numbered doc: https://daa.uit.edu.vn/29-quy-dinh-ve-do-tot-nghiep-tai-doanh-nghiep -> 29. Quy định về đồ án tốt nghiệp tại doanh nghiệp
2025-10-30 13:03:49,513 [INFO] Cached numbered doc: https://daa.uit.edu.vn/30-huong-dan-chuyen-doi-he-thong-tin-chi-sang-he-thong-tich-luy-va-chuyen-doi-tin-chi-cua-chau-au -> 30. Hướng dẫn chuyển đổi hệ thống tín chỉ sang Hệ thống tích lũy và chuyển đổi tín chỉ của Châu Âu
2025-10-30 13:03:49,513 [INFO] Cached numbered doc: https://daa.uit.edu.vn/31-quy-che-tuyen-sinh-dai-hoc-chinh-quy -> 31. Quy chế tuyển sinh đại học chính quy
2025-10-30 13:03:49,513 [INFO] Cached numbered doc: https://daa.uit.edu.vn/32-quy-trinh-canh-bao-sinh-vien-he-dai-hoc-chinh-quy-ve-ket-qua-dang-ky-hoc-phan-va-ket-qua-hoc-tap -> 32. Quy trình cảnh báo sinh viên hệ đại học chính quy về kết quả đăng ký học phần và kết quả học tập
2025-10-30 13:03:49,514 [INFO] Cached numbered doc: https://daa.uit.edu.vn/33-quy-che-tuyen-sinh-hinh-thuc-dao-tao-tu-xa-trinh-do-dai-hoc -> 33. Quy chế tuyển sinh hình thức đào tạo từ xa trình độ đại học
2025-10-30 13:03:49,514 [INFO] Cached numbered doc: https://daa.uit.edu.vn/34-quy-trinh-chuyen-sinh-vien-tu-hinh-thuc-dao-tao-chinh-quy-sang-hinh-thuc-dao-tao-tu-xa -> 34. Quy trình chuyển sinh viên từ hình thức đào tạo chính quy sang hình thức đào tạo từ xa
2025-10-30 13:03:49,514 [INFO] Cached numbered doc: https://daa.uit.edu.vn/35-quy-trinh-cong-nhan-tin-chi-trong-dao-tao-dai-hoc-cua-truong-dai-hoc-cong-nghe-thong-tin -> 35. Quy trình công nhận tín chỉ trong đào tạo đại học của Trường Đại học Công nghệ Thông tin
2025-10-30 13:03:49,514 [INFO] Cached numbered doc: https://daa.uit.edu.vn/36-quy-dinh-ve-do-tot-nghiep -> 36. Quy định về Đồ án tốt nghiệp
2025-10-30 13:03:49,515 [INFO] Cached numbered doc: https://daa.uit.edu.vn/37-ban-hanh-quy-dinh-chuc-quan-ly-chuong-trinh-lien-ket-dao-tao-voi-nuoc-ngoai-trinh-do-dai-hoc-tai -> 37. Ban hành quy định tổ chức, quản lý chương trình liên kết đào tạo với nước ngoài trình độ đại học tại Trường ĐHCNTT
2025-10-30 13:03:49,515 [INFO] Cached numbered doc: https://daa.uit.edu.vn/38-quy-trinh-xu-ly-hoc-vu-sinh-vien-dai-hoc-chinh-quy -> 38. Quy trình xử lý học vụ sinh viên đại học chính quy
2025-10-30 13:03:49,515 [INFO] Cached numbered doc: https://daa.uit.edu.vn/39quy-dinh-ve-liem-chinh-hoc-thuat-tai-truong-dai-hoc-cong-nghe-thong-tin -> 39. Quy định về Liêm chính học thuật tại Trường Đại học Công nghệ Thông tin
2025-10-30 13:03:49,516 [INFO] Successfully cached 38 numbered docs from https://daa.uit.edu.vn/qui-che-qui-dinh-qui-trinh
2025-10-30 13:03:49,533 [INFO] Saved HTML [daa/quydinh_huongdan/qui-che-qui-dinh-qui-trinh]: daa.uit.edu.vn_qui-che-qui-dinh-qui-trinh.html
2025-10-30 13:03:49,539 [INFO] Saved Markdown [daa/quydinh_huongdan/qui-che-qui-dinh-qui-trinh]: daa.uit.edu.vn_qui-che-qui-dinh-qui-trinh.md
2025-10-30 13:03:49,571 [INFO] Saved HTML [daa/quydinh_huongdan/qui-che-qui-dinh-qui-trinh]: daa.uit.edu.vn_qui-che-qui-dinh-qui-trinh?page=1.html
2025-10-30 13:03:49,577 [INFO] Saved Markdown [daa/quydinh_huongdan/qui-che-qui-dinh-qui-trinh]: daa.uit.edu.vn_qui-che-qui-dinh-qui-trinh?page=1.md
2025-10-30 13:03:49,580 [INFO] Saved 2/2 pages, skipped 0 (cached) from https://daa.uit.edu.vn/qui-che-qui-dinh-qui-trinh
2025-10-30 13:03:49,581 [INFO] Found 38 new numbered detail pages to crawl from https://daa.uit.edu.vn/qui-che-qui-dinh-qui-trinh
2025-10-30 13:03:49,581 [INFO] Crawling numbered detail: https://daa.uit.edu.vn/01-quyet-dinh-ve-viec-ban-hanh-quy-che-dao-tao-theo-hoc-che-tin-chi
2025-10-30 13:04:31,876 [INFO] Using cached numbered doc: 01-quyet-dinh-ve-viec-ban-hanh-quy-che-dao-tao-theo-hoc-che-tin-chi in qui-che-qui-dinh-qui-trinh
2025-10-30 13:04:31,882 [INFO] Saved HTML [daa/quydinh_huongdan/qui-che-qui-dinh-qui-trinh/01-quyet-dinh-ve-viec-ban-hanh-quy-che-dao-tao-theo-hoc-che-tin-chi]: daa.uit.edu.vn_01-quyet-dinh-ve-viec-ban-hanh-quy-che-dao-tao-theo-hoc-che-tin-chi.html
2025-10-30 13:04:32,139 [INFO] Downloaded [daa/quydinh_huongdan/qui-che-qui-dinh-qui-trinh/01-quyet-dinh-ve-viec-ban-hanh-quy-che-dao-tao-theo-hoc-che-tin-chi]: 790-qd-dhcntt_28-9-22_quy_che_dao_tao.pdf (0.52 MB)
2025-10-30 13:04:32,388 [INFO] Downloaded [daa/quydinh_huongdan/qui-che-qui-dinh-qui-trinh/01-quyet-dinh-ve-viec-ban-hanh-quy-che-dao-tao-theo-hoc-che-tin-chi]: 1393-qd-dhcntt_29-12-2023_cap_nhat_quy_che_dao_tao_theo_hoc_che_tin_chi_cho_he_dai_hoc_chinh_quy.pdf (0.29 MB)
2025-10-30 13:04:32,397 [INFO] Saved Markdown [daa/quydinh_huongdan/qui-che-qui-dinh-qui-trinh/01-quyet-dinh-ve-viec-ban-hanh-quy-che-dao-tao-theo-hoc-che-tin-chi]: daa.uit.edu.vn_01-quyet-dinh-ve-viec-ban-hanh-quy-che-dao-tao-theo-hoc-che-tin-chi.md
2025-10-30 13:04:32,408 [INFO] ✓ Saved numbered detail: https://daa.uit.edu.vn/01-quyet-dinh-ve-viec-ban-hanh-quy-che-dao-tao-theo-hoc-che-tin-chi
2025-10-30 13:04:34,408 [INFO] Crawling numbered detail: https://daa.uit.edu.vn/thongbao/02-quyet-dinh-ve-viec-ban-hanh-qui-dinh-ve-cong-tac-giao-trinh
2025-10-30 13:05:18,711 [INFO] Using cached numbered doc: 02-quyet-dinh-ve-viec-ban-hanh-qui-dinh-ve-cong-tac-giao-trinh in qui-che-qui-dinh-qui-trinh
2025-10-30 13:05:18,720 [INFO] Saved HTML [daa/quydinh_huongdan/qui-che-qui-dinh-qui-trinh/02-quyet-dinh-ve-viec-ban-hanh-qui-dinh-ve-cong-tac-giao-trinh]: daa.uit.edu.vn_thongbao_02-quyet-dinh-ve-viec-ban-hanh-qui-dinh-ve-cong-tac-giao-trinh.html
2025-10-30 13:05:20,485 [INFO] Downloaded [daa/quydinh_huongdan/qui-che-qui-dinh-qui-trinh/02-quyet-dinh-ve-viec-ban-hanh-qui-dinh-ve-cong-tac-giao-trinh]: 53_qd_dhcntt_19_2_2019_quy_che_cong_tac_giao_trinh.pdf (5.43 MB)
2025-10-30 13:05:20,495 [INFO] Saved Markdown [daa/quydinh_huongdan/qui-che-qui-dinh-qui-trinh/02-quyet-dinh-ve-viec-ban-hanh-qui-dinh-ve-cong-tac-giao-trinh]: daa.uit.edu.vn_thongbao_02-quyet-dinh-ve-viec-ban-hanh-qui-dinh-ve-cong-tac-giao-trinh.md
2025-10-30 13:05:20,508 [INFO] ✓ Saved numbered detail: https://daa.uit.edu.vn/thongbao/02-quyet-dinh-ve-viec-ban-hanh-qui-dinh-ve-cong-tac-giao-trinh
2025-10-30 13:05:22,508 [INFO] Crawling numbered detail: https://daa.uit.edu.vn/03-quyet-dinh-ve-viec-ban-hanh-quy-che-van-bang-chung-chi
2025-10-30 13:06:02,797 [INFO] Using cached numbered doc: 03-quyet-dinh-ve-viec-ban-hanh-quy-che-van-bang-chung-chi in qui-che-qui-dinh-qui-trinh
2025-10-30 13:06:02,803 [INFO] Saved HTML [daa/quydinh_huongdan/qui-che-qui-dinh-qui-trinh/03-quyet-dinh-ve-viec-ban-hanh-quy-che-van-bang-chung-chi]: daa.uit.edu.vn_03-quyet-dinh-ve-viec-ban-hanh-quy-che-van-bang-chung-chi.html
2025-10-30 13:06:03,758 [INFO] Downloaded [daa/quydinh_huongdan/qui-che-qui-dinh-qui-trinh/03-quyet-dinh-ve-viec-ban-hanh-quy-che-van-bang-chung-chi]: 172-qd-dhcntt_08-3-2023_quy_che_van_bang_chung_chi.pdf (2.41 MB)
2025-10-30 13:06:04,123 [INFO] Downloaded [daa/quydinh_huongdan/qui-che-qui-dinh-qui-trinh/03-quyet-dinh-ve-viec-ban-hanh-quy-che-van-bang-chung-chi]: 1192-tb-dhcntt_25-10-2024_tu_ngu_su_dung_in_tren_plvb_bd_gxn_0.pdf (0.99 MB)
2025-10-30 13:06:04,534 [INFO] Downloaded [daa/quydinh_huongdan/qui-che-qui-dinh-qui-trinh/03-quyet-dinh-ve-viec-ban-hanh-quy-che-van-bang-chung-chi]: 133-qd-dhcntt_17-02-2025_cap_nhat_bo_sung_mau_plvb_tot_nghiep_dh_ths.pdf (1.08 MB)
2025-10-30 13:06:04,543 [INFO] Saved Markdown [daa/quydinh_huongdan/qui-che-qui-dinh-qui-trinh/03-quyet-dinh-ve-viec-ban-hanh-quy-che-van-bang-chung-chi]: daa.uit.edu.vn_03-quyet-dinh-ve-viec-ban-hanh-quy-che-van-bang-chung-chi.md
2025-10-30 13:06:04,553 [INFO] ✓ Saved numbered detail: https://daa.uit.edu.vn/03-quyet-dinh-ve-viec-ban-hanh-quy-che-van-bang-chung-chi
2025-10-30 13:06:06,554 [INFO] Crawling numbered detail: https://daa.uit.edu.vn/thongbao/04-quyet-dinh-ve-viec-ban-hanh-quy-dinh-ve-he-tai-nang
2025-10-30 13:06:48,851 [INFO] Using cached numbered doc: 04-quyet-dinh-ve-viec-ban-hanh-quy-dinh-ve-he-tai-nang in qui-che-qui-dinh-qui-trinh
2025-10-30 13:06:48,871 [INFO] Saved HTML [daa/quydinh_huongdan/qui-che-qui-dinh-qui-trinh/04-quyet-dinh-ve-viec-ban-hanh-quy-dinh-ve-he-tai-nang]: daa.uit.edu.vn_thongbao_04-quyet-dinh-ve-viec-ban-hanh-quy-dinh-ve-he-tai-nang.html
2025-10-30 13:06:49,575 [INFO] Downloaded [daa/quydinh_huongdan/qui-che-qui-dinh-qui-trinh/04-quyet-dinh-ve-viec-ban-hanh-quy-dinh-ve-he-tai-nang]: 131-qd-dhcntt_08-03-2022_quy_dinh_dao_tao_chuong_trinh_tai_nang.pdf (2.92 MB)
2025-10-30 13:06:49,583 [INFO] Saved Markdown [daa/quydinh_huongdan/qui-che-qui-dinh-qui-trinh/04-quyet-dinh-ve-viec-ban-hanh-quy-dinh-ve-he-tai-nang]: daa.uit.edu.vn_thongbao_04-quyet-dinh-ve-viec-ban-hanh-quy-dinh-ve-he-tai-nang.md
2025-10-30 13:06:49,594 [INFO] ✓ Saved numbered detail: https://daa.uit.edu.vn/thongbao/04-quyet-dinh-ve-viec-ban-hanh-quy-dinh-ve-he-tai-nang
2025-10-30 13:06:51,592 [INFO] Crawling numbered detail: https://daa.uit.edu.vn/05-quy-dinh-dao-tao-ngoai-ngu-doi-voi-he-dai-hoc-chinh-quy-cua-truong-dhcntt
2025-10-30 13:07:33,907 [INFO] Using cached numbered doc: 05-quy-dinh-dao-tao-ngoai-ngu-doi-voi-he-dai-hoc-chinh-quy-cua-truong-dhcntt in qui-che-qui-dinh-qui-trinh
2025-10-30 13:07:33,915 [INFO] Saved HTML [daa/quydinh_huongdan/qui-che-qui-dinh-qui-trinh/05-quy-dinh-dao-tao-ngoai-ngu-doi-voi-he-dai-hoc-chinh-quy-cua-truong-dhcntt]: daa.uit.edu.vn_05-quy-dinh-dao-tao-ngoai-ngu-doi-voi-he-dai-hoc-chinh-quy-cua-truong-dhcntt.html
2025-10-30 13:07:34,043 [INFO] Downloaded [daa/quydinh_huongdan/qui-che-qui-dinh-qui-trinh/05-quy-dinh-dao-tao-ngoai-ngu-doi-voi-he-dai-hoc-chinh-quy-cua-truong-dhcntt]: 147-qd-dhcntt-dtdh_31-07-2013_quyet_dinh_ve_viec_ban_hanh_chuan_dau_ra_tieng_anh_cho_sv_he_cq_2006-2014_0_0.pdf (0.16 MB)
2025-10-30 13:07:34,137 [INFO] Downloaded [daa/quydinh_huongdan/qui-che-qui-dinh-qui-trinh/05-quy-dinh-dao-tao-ngoai-ngu-doi-voi-he-dai-hoc-chinh-quy-cua-truong-dhcntt]: 125-qd-dhcntt-dtdh_18-09-2015_quyet_dinh_ban_hanh_qui_dinh_tam_thoi_day_va_hoc_tieng_anh_khoa_2015_0.pdf (0.40 MB)
2025-10-30 13:07:34,219 [INFO] Downloaded [daa/quydinh_huongdan/qui-che-qui-dinh-qui-trinh/05-quy-dinh-dao-tao-ngoai-ngu-doi-voi-he-dai-hoc-chinh-quy-cua-truong-dhcntt]: 128-qd-dhcntt-dtdh_30-8-2016_ban_hanh_qd_day_va_hoc_nn_doi_voi_he_dai_hoc_cq_cua_truong_dhcntt_khoa_2016.pdf (0.45 MB)
2025-10-30 13:07:34,305 [INFO] Downloaded [daa/quydinh_huongdan/qui-che-qui-dinh-qui-trinh/05-quy-dinh-dao-tao-ngoai-ngu-doi-voi-he-dai-hoc-chinh-quy-cua-truong-dhcntt]: 141-qd-dhcntt16-3-2018quy_dinh_dao_tao_ngoai_ngu_doi_voi_he_dh_chinh_quy_cua_truong_dhcntt_ap_dung_tu_khoa_2017_0.pdf (0.21 MB)
2025-10-30 13:07:34,384 [INFO] Downloaded [daa/quydinh_huongdan/qui-che-qui-dinh-qui-trinh/05-quy-dinh-dao-tao-ngoai-ngu-doi-voi-he-dai-hoc-chinh-quy-cua-truong-dhcntt]: 108-qd-dhcntt15-3-2019_sua_doi_bo_sung_quy_dinh_dao_tao_ngoai_ngu_doi_voi_he_dh_chinh_quy_qui_dinh_141_0.pdf (0.35 MB)
2025-10-30 13:07:34,543 [INFO] Downloaded [daa/quydinh_huongdan/qui-che-qui-dinh-qui-trinh/05-quy-dinh-dao-tao-ngoai-ngu-doi-voi-he-dai-hoc-chinh-quy-cua-truong-dhcntt]: 35-tb-dhcntt_21-5-2019_cong_nhan_chung_chi_tieng_nhat_nat-test_cho_chuan_qua_trinh_0_0.pdf (0.98 MB)
2025-10-30 13:07:34,618 [INFO] Downloaded [daa/quydinh_huongdan/qui-che-qui-dinh-qui-trinh/05-quy-dinh-dao-tao-ngoai-ngu-doi-voi-he-dai-hoc-chinh-quy-cua-truong-dhcntt]: 547-qd-dhcntt_30-8-2019_qui_dinh_dao_tao_ngoai_ngu_doi_voi_he_chinh_qui_khoa_2019_0_0.pdf (0.21 MB)
2025-10-30 13:07:34,691 [INFO] Downloaded [daa/quydinh_huongdan/qui-che-qui-dinh-qui-trinh/05-quy-dinh-dao-tao-ngoai-ngu-doi-voi-he-dai-hoc-chinh-quy-cua-truong-dhcntt]: 101-tb-dhcntt_29-12-2021_thong_bao_su_dung_ket_qua_thi_vpet_0_0.pdf (0.19 MB)
2025-10-30 13:07:34,789 [INFO] Downloaded [daa/quydinh_huongdan/qui-che-qui-dinh-qui-trinh/05-quy-dinh-dao-tao-ngoai-ngu-doi-voi-he-dai-hoc-chinh-quy-cua-truong-dhcntt]: 119-tb-dhcntt_19-9-2022_thong_bao_ngung_su_dung_chung_chi_vpet_toeic_bach_khoa_va_phoi_van_bang_moi_0_0.pdf (0.40 MB)
2025-10-30 13:07:35,160 [INFO] Downloaded [daa/quydinh_huongdan/qui-che-qui-dinh-qui-trinh/05-quy-dinh-dao-tao-ngoai-ngu-doi-voi-he-dai-hoc-chinh-quy-cua-truong-dhcntt]: 828_qd-dhcntt_04-10-2022_quy_dinh_dao_tao_ngoai_ngu_doi_voi_he_chinh_qui_khoa_2022_0_0.pdf (3.27 MB)
2025-10-30 13:07:35,232 [INFO] Downloaded [daa/quydinh_huongdan/qui-che-qui-dinh-qui-trinh/05-quy-dinh-dao-tao-ngoai-ngu-doi-voi-he-dai-hoc-chinh-quy-cua-truong-dhcntt]: 153-tb-dhcntt13-12-2022_ngung_su_dung_ket_qua_bai_thi_nn_qt_ielts_indicator_va_toefl_ibt_home_edition_0.pdf (0.28 MB)
2025-10-30 13:07:35,365 [INFO] Downloaded [daa/quydinh_huongdan/qui-che-qui-dinh-qui-trinh/05-quy-dinh-dao-tao-ngoai-ngu-doi-voi-he-dai-hoc-chinh-quy-cua-truong-dhcntt]: 364-qd-dhcntt_22-04-2024_sua_doi_quy_dinh_dao_tao_ngoai_ngu.pdf (0.64 MB)
2025-10-30 13:07:35,436 [INFO] Downloaded [daa/quydinh_huongdan/qui-che-qui-dinh-qui-trinh/05-quy-dinh-dao-tao-ngoai-ngu-doi-voi-he-dai-hoc-chinh-quy-cua-truong-dhcntt]: 560-qd-dhcntt_5-6-2024_sua_doi_quy_dinh_dao_tao_ngoai_ngu_doi_voi_he_dai_hoc_chinh_quy.pdf (0.23 MB)
2025-10-30 13:07:35,444 [INFO] Saved Markdown [daa/quydinh_huongdan/qui-che-qui-dinh-qui-trinh/05-quy-dinh-dao-tao-ngoai-ngu-doi-voi-he-dai-hoc-chinh-quy-cua-truong-dhcntt]: daa.uit.edu.vn_05-quy-dinh-dao-tao-ngoai-ngu-doi-voi-he-dai-hoc-chinh-quy-cua-truong-dhcntt.md
2025-10-30 13:07:35,455 [INFO] ✓ Saved numbered detail: https://daa.uit.edu.vn/05-quy-dinh-dao-tao-ngoai-ngu-doi-voi-he-dai-hoc-chinh-quy-cua-truong-dhcntt
2025-10-30 13:07:37,455 [INFO] Crawling numbered detail: https://daa.uit.edu.vn/06-quyet-dinh-ve-viec-ban-hanh-quy-dinh-ve-khoa-luan-tot-nghiep-cho-sv-he-cq
2025-10-30 13:08:17,683 [INFO] Using cached numbered doc: 06-quyet-dinh-ve-viec-ban-hanh-quy-dinh-ve-khoa-luan-tot-nghiep-cho-sv-he-cq in huong-dan-sinh-vien
2025-10-30 13:08:17,690 [INFO] Saved HTML [daa/quydinh_huongdan/huong-dan-sinh-vien/06-quyet-dinh-ve-viec-ban-hanh-quy-dinh-ve-khoa-luan-tot-nghiep-cho-sv-he-cq]: daa.uit.edu.vn_06-quyet-dinh-ve-viec-ban-hanh-quy-dinh-ve-khoa-luan-tot-nghiep-cho-sv-he-cq.html
2025-10-30 13:08:17,865 [INFO] Downloaded [daa/quydinh_huongdan/huong-dan-sinh-vien/06-quyet-dinh-ve-viec-ban-hanh-quy-dinh-ve-khoa-luan-tot-nghiep-cho-sv-he-cq]: 159-qd-dhcntt_05-03-2024_ban_hanh_quy_dinh_kltn.pdf (1.16 MB)
2025-10-30 13:08:17,874 [INFO] Saved Markdown [daa/quydinh_huongdan/huong-dan-sinh-vien/06-quyet-dinh-ve-viec-ban-hanh-quy-dinh-ve-khoa-luan-tot-nghiep-cho-sv-he-cq]: daa.uit.edu.vn_06-quyet-dinh-ve-viec-ban-hanh-quy-dinh-ve-khoa-luan-tot-nghiep-cho-sv-he-cq.md
2025-10-30 13:08:17,886 [INFO] ✓ Saved numbered detail: https://daa.uit.edu.vn/06-quyet-dinh-ve-viec-ban-hanh-quy-dinh-ve-khoa-luan-tot-nghiep-cho-sv-he-cq
2025-10-30 13:08:19,887 [INFO] Crawling numbered detail: https://daa.uit.edu.vn/07-quyet-dinh-ve-viec-ban-hanh-quy-dinh-chuc-thi-tap-trung-cac-mon-hoc-he-dhcq
2025-10-30 13:09:02,106 [INFO] Using cached numbered doc: 07-quyet-dinh-ve-viec-ban-hanh-quy-dinh-to-chuc-thi-tap-trung-cac-mon-hoc-he-dhcq in qui-che-qui-dinh-qui-trinh
2025-10-30 13:09:02,111 [INFO] Saved HTML [daa/quydinh_huongdan/qui-che-qui-dinh-qui-trinh/07-quyet-dinh-ve-viec-ban-hanh-quy-dinh-to-chuc-thi-tap-trung-cac-mon-hoc-he-dhcq]: daa.uit.edu.vn_07-quyet-dinh-ve-viec-ban-hanh-quy-dinh-chuc-thi-tap-trung-cac-mon-hoc-he-dhcq.html
2025-10-30 13:09:02,239 [INFO] Downloaded [daa/quydinh_huongdan/qui-che-qui-dinh-qui-trinh/07-quyet-dinh-ve-viec-ban-hanh-quy-dinh-to-chuc-thi-tap-trung-cac-mon-hoc-he-dhcq]: 1139_qd-dhcntt_20-12-2022_to_chuc_thi_cac_mon_hoc_he_dai_hoc_chinh_quy.pdf (0.83 MB)
2025-10-30 13:09:02,352 [INFO] Downloaded [daa/quydinh_huongdan/qui-che-qui-dinh-qui-trinh/07-quyet-dinh-ve-viec-ban-hanh-quy-dinh-to-chuc-thi-tap-trung-cac-mon-hoc-he-dhcq]: 1376_qd-dhcntt_28-12-2023_cap_nhat_quy_dinh_to_chuc_thi.pdf (0.57 MB)
2025-10-30 13:09:02,360 [INFO] Saved Markdown [daa/quydinh_huongdan/qui-che-qui-dinh-qui-trinh/07-quyet-dinh-ve-viec-ban-hanh-quy-dinh-to-chuc-thi-tap-trung-cac-mon-hoc-he-dhcq]: daa.uit.edu.vn_07-quyet-dinh-ve-viec-ban-hanh-quy-dinh-chuc-thi-tap-trung-cac-mon-hoc-he-dhcq.md
2025-10-30 13:09:02,370 [INFO] ✓ Saved numbered detail: https://daa.uit.edu.vn/07-quyet-dinh-ve-viec-ban-hanh-quy-dinh-chuc-thi-tap-trung-cac-mon-hoc-he-dhcq
2025-10-30 13:09:04,370 [INFO] Crawling numbered detail: https://daa.uit.edu.vn/thongbao/08-quyet-dinh-ve-viec-ban-hanh-quy-trinh-bao-nghi-day-day-bu
2025-10-30 13:09:48,626 [INFO] Using cached numbered doc: 08-quyet-dinh-ve-viec-ban-hanh-quy-trinh-bao-nghi-day-day-bu in qui-che-qui-dinh-qui-trinh
2025-10-30 13:09:48,633 [INFO] Saved HTML [daa/quydinh_huongdan/qui-che-qui-dinh-qui-trinh/08-quyet-dinh-ve-viec-ban-hanh-quy-trinh-bao-nghi-day-day-bu]: daa.uit.edu.vn_thongbao_08-quyet-dinh-ve-viec-ban-hanh-quy-trinh-bao-nghi-day-day-bu.html
2025-10-30 13:09:48,695 [INFO] Downloaded [daa/quydinh_huongdan/qui-che-qui-dinh-qui-trinh/08-quyet-dinh-ve-viec-ban-hanh-quy-trinh-bao-nghi-day-day-bu]: 35-qd-dhcntt-dtdh_28-02-2013_quyet_dinh_ve_viec_ban_hanh_quy_trinh_bao_nghi_day_day_bu.pdf (0.21 MB)
2025-10-30 13:09:48,704 [INFO] Saved Markdown [daa/quydinh_huongdan/qui-che-qui-dinh-qui-trinh/08-quyet-dinh-ve-viec-ban-hanh-quy-trinh-bao-nghi-day-day-bu]: daa.uit.edu.vn_thongbao_08-quyet-dinh-ve-viec-ban-hanh-quy-trinh-bao-nghi-day-day-bu.md
2025-10-30 13:09:48,716 [INFO] ✓ Saved numbered detail: https://daa.uit.edu.vn/thongbao/08-quyet-dinh-ve-viec-ban-hanh-quy-trinh-bao-nghi-day-day-bu
2025-10-30 13:09:50,714 [INFO] Crawling numbered detail: https://daa.uit.edu.vn/09-quyet-dinh-ve-viec-ban-hanh-quy-che-dao-tao-cho-sinh-vien-he-dao-tao-tu-xa-trinh-do-dai-hoc
2025-10-30 13:10:32,966 [INFO] Using cached numbered doc: 09-quyet-dinh-ve-viec-ban-hanh-quy-che-dao-tao-cho-sinh-vien-he-dao-tao-tu-xa-trinh-do-dai-hoc in qui-che-qui-dinh-qui-trinh
2025-10-30 13:10:32,974 [INFO] Saved HTML [daa/quydinh_huongdan/qui-che-qui-dinh-qui-trinh/09-quyet-dinh-ve-viec-ban-hanh-quy-che-dao-tao-cho-sinh-vien-he-dao-tao-tu-xa-trinh-do-dai-hoc]: daa.uit.edu.vn_09-quyet-dinh-ve-viec-ban-hanh-quy-che-dao-tao-cho-sinh-vien-he-dao-tao-tu-xa-trinh-do-dai-hoc.html
2025-10-30 13:10:33,061 [INFO] Downloaded [daa/quydinh_huongdan/qui-che-qui-dinh-qui-trinh/09-quyet-dinh-ve-viec-ban-hanh-quy-che-dao-tao-cho-sinh-vien-he-dao-tao-tu-xa-trinh-do-dai-hoc]: 507-qd-dhcntt-27-5-2024_quy_che_dao_tao_cho_sinh_vien.pdf (0.46 MB)
2025-10-30 13:10:33,070 [INFO] Saved Markdown [daa/quydinh_huongdan/qui-che-qui-dinh-qui-trinh/09-quyet-dinh-ve-viec-ban-hanh-quy-che-dao-tao-cho-sinh-vien-he-dao-tao-tu-xa-trinh-do-dai-hoc]: daa.uit.edu.vn_09-quyet-dinh-ve-viec-ban-hanh-quy-che-dao-tao-cho-sinh-vien-he-dao-tao-tu-xa-trinh-do-dai-hoc.md
2025-10-30 13:10:33,083 [INFO] ✓ Saved numbered detail: https://daa.uit.edu.vn/09-quyet-dinh-ve-viec-ban-hanh-quy-che-dao-tao-cho-sinh-vien-he-dao-tao-tu-xa-trinh-do-dai-hoc
2025-10-30 13:10:35,083 [INFO] Crawling numbered detail: https://daa.uit.edu.vn/thongbao/10-quyet-dinh-ve-viec-ban-hanh-quy-trinh-danh-gia-cap-nhat-ctdt-trinh-do-dhsdh
2025-10-30 13:11:17,304 [INFO] Using cached numbered doc: 10-quyet-dinh-ve-viec-ban-hanh-quy-trinh-danh-gia-cap-nhat-ctdt-trinh-do-dhsdh in qui-che-qui-dinh-qui-trinh
2025-10-30 13:11:17,311 [INFO] Saved HTML [daa/quydinh_huongdan/qui-che-qui-dinh-qui-trinh/10-quyet-dinh-ve-viec-ban-hanh-quy-trinh-danh-gia-cap-nhat-ctdt-trinh-do-dhsdh]: daa.uit.edu.vn_thongbao_10-quyet-dinh-ve-viec-ban-hanh-quy-trinh-danh-gia-cap-nhat-ctdt-trinh-do-dhsdh.html
2025-10-30 13:11:17,403 [INFO] Downloaded [daa/quydinh_huongdan/qui-che-qui-dinh-qui-trinh/10-quyet-dinh-ve-viec-ban-hanh-quy-trinh-danh-gia-cap-nhat-ctdt-trinh-do-dhsdh]: 185-qd-dhcntt_30-3-2018_quyet_dinh_ve_viec_ban_hanh_quy_trinh_danh_gia_cap_nhat_ctdt_trinh_do_dhsdh.pdf (0.26 MB)
2025-10-30 13:11:17,412 [INFO] Saved Markdown [daa/quydinh_huongdan/qui-che-qui-dinh-qui-trinh/10-quyet-dinh-ve-viec-ban-hanh-quy-trinh-danh-gia-cap-nhat-ctdt-trinh-do-dhsdh]: daa.uit.edu.vn_thongbao_10-quyet-dinh-ve-viec-ban-hanh-quy-trinh-danh-gia-cap-nhat-ctdt-trinh-do-dhsdh.md
2025-10-30 13:11:17,421 [INFO] ✓ Saved numbered detail: https://daa.uit.edu.vn/thongbao/10-quyet-dinh-ve-viec-ban-hanh-quy-trinh-danh-gia-cap-nhat-ctdt-trinh-do-dhsdh
2025-10-30 13:11:19,422 [INFO] Crawling numbered detail: https://daa.uit.edu.vn/thongbao/11-quyet-dinh-ve-viec-ban-hanh-quy-dinh-ve-viec-mo-nganh-dao-tao
2025-10-30 13:12:03,655 [INFO] Using cached numbered doc: 11-quyet-dinh-ve-viec-ban-hanh-quy-dinh-ve-viec-mo-nganh-dao-tao in qui-che-qui-dinh-qui-trinh
2025-10-30 13:12:03,662 [INFO] Saved HTML [daa/quydinh_huongdan/qui-che-qui-dinh-qui-trinh/11-quyet-dinh-ve-viec-ban-hanh-quy-dinh-ve-viec-mo-nganh-dao-tao]: daa.uit.edu.vn_thongbao_11-quyet-dinh-ve-viec-ban-hanh-quy-dinh-ve-viec-mo-nganh-dao-tao.html
2025-10-30 13:12:03,983 [INFO] Downloaded [daa/quydinh_huongdan/qui-che-qui-dinh-qui-trinh/11-quyet-dinh-ve-viec-ban-hanh-quy-dinh-ve-viec-mo-nganh-dao-tao]: 1021-qd-dhcntt4-10-2023_quyet_dinh_mo_nganh.pdf (2.48 MB)
2025-10-30 13:12:03,991 [INFO] Saved Markdown [daa/quydinh_huongdan/qui-che-qui-dinh-qui-trinh/11-quyet-dinh-ve-viec-ban-hanh-quy-dinh-ve-viec-mo-nganh-dao-tao]: daa.uit.edu.vn_thongbao_11-quyet-dinh-ve-viec-ban-hanh-quy-dinh-ve-viec-mo-nganh-dao-tao.md
2025-10-30 13:12:03,999 [INFO] ✓ Saved numbered detail: https://daa.uit.edu.vn/thongbao/11-quyet-dinh-ve-viec-ban-hanh-quy-dinh-ve-viec-mo-nganh-dao-tao
2025-10-30 13:12:06,000 [INFO] Crawling numbered detail: https://daa.uit.edu.vn/thongbao/12-quyet-dinh-ve-viec-ban-hanh-quy-dinh-ve-dao-tao-chuong-trinh-chat-luong-cao
2025-10-30 13:12:48,229 [INFO] Using cached numbered doc: 12-quyet-dinh-ve-viec-ban-hanh-quy-dinh-ve-dao-tao-chuong-trinh-chat-luong-cao in qui-che-qui-dinh-qui-trinh
2025-10-30 13:12:48,248 [INFO] Saved HTML [daa/quydinh_huongdan/qui-che-qui-dinh-qui-trinh/12-quyet-dinh-ve-viec-ban-hanh-quy-dinh-ve-dao-tao-chuong-trinh-chat-luong-cao]: daa.uit.edu.vn_thongbao_12-quyet-dinh-ve-viec-ban-hanh-quy-dinh-ve-dao-tao-chuong-trinh-chat-luong-cao.html
2025-10-30 13:12:48,609 [INFO] Downloaded [daa/quydinh_huongdan/qui-che-qui-dinh-qui-trinh/12-quyet-dinh-ve-viec-ban-hanh-quy-dinh-ve-dao-tao-chuong-trinh-chat-luong-cao]: 435-qd-dhcntt_07-07-2021_quy_dinh_dao_tao_chuong_trinh_chat_luong_cao.pdf (3.06 MB)
2025-10-30 13:12:48,618 [INFO] Saved Markdown [daa/quydinh_huongdan/qui-che-qui-dinh-qui-trinh/12-quyet-dinh-ve-viec-ban-hanh-quy-dinh-ve-dao-tao-chuong-trinh-chat-luong-cao]: daa.uit.edu.vn_thongbao_12-quyet-dinh-ve-viec-ban-hanh-quy-dinh-ve-dao-tao-chuong-trinh-chat-luong-cao.md
2025-10-30 13:12:48,628 [INFO] ✓ Saved numbered detail: https://daa.uit.edu.vn/thongbao/12-quyet-dinh-ve-viec-ban-hanh-quy-dinh-ve-dao-tao-chuong-trinh-chat-luong-cao
2025-10-30 13:12:50,628 [INFO] Crawling numbered detail: https://daa.uit.edu.vn/thongbao/14-qui-dinh-cach-dat-ma-mon-hoc
2025-10-30 13:13:32,878 [INFO] Using cached numbered doc: 14-qui-dinh-cach-dat-ma-mon-hoc in qui-che-qui-dinh-qui-trinh
2025-10-30 13:13:32,886 [INFO] Saved HTML [daa/quydinh_huongdan/qui-che-qui-dinh-qui-trinh/14-qui-dinh-cach-dat-ma-mon-hoc]: daa.uit.edu.vn_thongbao_14-qui-dinh-cach-dat-ma-mon-hoc.html
2025-10-30 13:13:32,978 [INFO] Downloaded [daa/quydinh_huongdan/qui-che-qui-dinh-qui-trinh/14-qui-dinh-cach-dat-ma-mon-hoc]: 37-dtdh_19-11-2012_qui_dinh_cach_dat_ma_mon_hoc.pdf (0.26 MB)
2025-10-30 13:13:32,987 [INFO] Saved Markdown [daa/quydinh_huongdan/qui-che-qui-dinh-qui-trinh/14-qui-dinh-cach-dat-ma-mon-hoc]: daa.uit.edu.vn_thongbao_14-qui-dinh-cach-dat-ma-mon-hoc.md
2025-10-30 13:13:32,997 [INFO] ✓ Saved numbered detail: https://daa.uit.edu.vn/thongbao/14-qui-dinh-cach-dat-ma-mon-hoc
2025-10-30 13:13:34,997 [INFO] Crawling numbered detail: https://daa.uit.edu.vn/15-qui-dinh-ve-giang-vien-giang-vien-va-tro-giang-mon-hoc
2025-10-30 13:14:17,393 [INFO] Using cached numbered doc: 15-qui-dinh-ve-giang-vien-giang-vien-va-tro-giang-mon-hoc in qui-che-qui-dinh-qui-trinh
2025-10-30 13:14:17,405 [INFO] Saved HTML [daa/quydinh_huongdan/qui-che-qui-dinh-qui-trinh/15-qui-dinh-ve-giang-vien-giang-vien-va-tro-giang-mon-hoc]: daa.uit.edu.vn_15-qui-dinh-ve-giang-vien-giang-vien-va-tro-giang-mon-hoc.html
2025-10-30 13:14:18,094 [INFO] Downloaded [daa/quydinh_huongdan/qui-che-qui-dinh-qui-trinh/15-qui-dinh-ve-giang-vien-giang-vien-va-tro-giang-mon-hoc]: 975-qd-dhcntt_20-8-2025.pdf (2.74 MB)
2025-10-30 13:14:18,107 [INFO] Saved Markdown [daa/quydinh_huongdan/qui-che-qui-dinh-qui-trinh/15-qui-dinh-ve-giang-vien-giang-vien-va-tro-giang-mon-hoc]: daa.uit.edu.vn_15-qui-dinh-ve-giang-vien-giang-vien-va-tro-giang-mon-hoc.md
2025-10-30 13:14:18,122 [INFO] ✓ Saved numbered detail: https://daa.uit.edu.vn/15-qui-dinh-ve-giang-vien-giang-vien-va-tro-giang-mon-hoc
2025-10-30 13:14:20,122 [INFO] Crawling numbered detail: https://daa.uit.edu.vn/thongbao/16-thoi-diem-va-muc-thu-hoc-phi-gia-han-doi-voi-sinh-vien-he-dai-hoc-chinh-quy
2025-10-30 13:15:02,476 [INFO] Using cached numbered doc: 16-thoi-diem-va-muc-thu-hoc-phi-gia-han-doi-voi-sinh-vien-he-dai-hoc-chinh-quy in qui-che-qui-dinh-qui-trinh
2025-10-30 13:15:02,482 [INFO] Saved HTML [daa/quydinh_huongdan/qui-che-qui-dinh-qui-trinh/16-thoi-diem-va-muc-thu-hoc-phi-gia-han-doi-voi-sinh-vien-he-dai-hoc-chinh-quy]: daa.uit.edu.vn_thongbao_16-thoi-diem-va-muc-thu-hoc-phi-gia-han-doi-voi-sinh-vien-he-dai-hoc-chinh-quy.html
2025-10-30 13:15:02,983 [INFO] Downloaded [daa/quydinh_huongdan/qui-che-qui-dinh-qui-trinh/16-thoi-diem-va-muc-thu-hoc-phi-gia-han-doi-voi-sinh-vien-he-dai-hoc-chinh-quy]: 43-tb-dhcntt-23-06-2020_thoi_diem_va_muc_thu_hoc_phi_gia_han_doi_voi_sv_he_dai_hoc_chinh_quy.pdf (1.04 MB)
2025-10-30 13:15:02,991 [INFO] Saved Markdown [daa/quydinh_huongdan/qui-che-qui-dinh-qui-trinh/16-thoi-diem-va-muc-thu-hoc-phi-gia-han-doi-voi-sinh-vien-he-dai-hoc-chinh-quy]: daa.uit.edu.vn_thongbao_16-thoi-diem-va-muc-thu-hoc-phi-gia-han-doi-voi-sinh-vien-he-dai-hoc-chinh-quy.md
2025-10-30 13:15:03,006 [INFO] ✓ Saved numbered detail: https://daa.uit.edu.vn/thongbao/16-thoi-diem-va-muc-thu-hoc-phi-gia-han-doi-voi-sinh-vien-he-dai-hoc-chinh-quy
2025-10-30 13:15:05,006 [INFO] Crawling numbered detail: https://daa.uit.edu.vn/thongbao/17-quy-dinh-ve-chinh-sach-ho-tro-cong-bo-khoa-hoc
2025-10-30 13:15:49,309 [INFO] Using cached numbered doc: 17-quy-dinh-ve-chinh-sach-ho-tro-cong-bo-khoa-hoc in qui-che-qui-dinh-qui-trinh
2025-10-30 13:15:49,316 [INFO] Saved HTML [daa/quydinh_huongdan/qui-che-qui-dinh-qui-trinh/17-quy-dinh-ve-chinh-sach-ho-tro-cong-bo-khoa-hoc]: daa.uit.edu.vn_thongbao_17-quy-dinh-ve-chinh-sach-ho-tro-cong-bo-khoa-hoc.html
2025-10-30 13:15:50,459 [INFO] Downloaded [daa/quydinh_huongdan/qui-che-qui-dinh-qui-trinh/17-quy-dinh-ve-chinh-sach-ho-tro-cong-bo-khoa-hoc]: 547-qd-dhcntt_1-6-23_ban_hanh_chinh_sach_ho_tro_cong_bo_khoa_hoc_danh_cho_sv_cao_hoc_ncs.pdf (4.59 MB)
2025-10-30 13:15:50,468 [INFO] Saved Markdown [daa/quydinh_huongdan/qui-che-qui-dinh-qui-trinh/17-quy-dinh-ve-chinh-sach-ho-tro-cong-bo-khoa-hoc]: daa.uit.edu.vn_thongbao_17-quy-dinh-ve-chinh-sach-ho-tro-cong-bo-khoa-hoc.md
2025-10-30 13:15:50,479 [INFO] ✓ Saved numbered detail: https://daa.uit.edu.vn/thongbao/17-quy-dinh-ve-chinh-sach-ho-tro-cong-bo-khoa-hoc
2025-10-30 13:15:52,478 [INFO] Crawling numbered detail: https://daa.uit.edu.vn/thongbao/18-quy-trinh-phan-cong-can-bo-coi-thi-cho-cac-dot-thi-tap-trung-he-dai-hoc-chinh-quy
2025-10-30 13:16:32,785 [INFO] Using cached numbered doc: 18-quy-trinh-phan-cong-can-bo-coi-thi-cho-cac-dot-thi-tap-trung-he-dai-hoc-chinh-quy in qui-che-qui-dinh-qui-trinh
2025-10-30 13:16:32,793 [INFO] Saved HTML [daa/quydinh_huongdan/qui-che-qui-dinh-qui-trinh/18-quy-trinh-phan-cong-can-bo-coi-thi-cho-cac-dot-thi-tap-trung-he-dai-hoc-chinh-quy]: daa.uit.edu.vn_thongbao_18-quy-trinh-phan-cong-can-bo-coi-thi-cho-cac-dot-thi-tap-trung-he-dai-hoc-chinh-quy.html
2025-10-30 13:16:33,034 [INFO] Downloaded [daa/quydinh_huongdan/qui-che-qui-dinh-qui-trinh/18-quy-trinh-phan-cong-can-bo-coi-thi-cho-cac-dot-thi-tap-trung-he-dai-hoc-chinh-quy]: 672-qd-dhcntt_15-10-2020_quy_trinh_phan_cong_cbct.pdf (0.39 MB)
2025-10-30 13:16:33,294 [INFO] Downloaded [daa/quydinh_huongdan/qui-che-qui-dinh-qui-trinh/18-quy-trinh-phan-cong-can-bo-coi-thi-cho-cac-dot-thi-tap-trung-he-dai-hoc-chinh-quy]: 936_qd-dhcntt_13-9-2023_sua_doi_quy_trinh_phan_cong_can_bo_coi_thi.pdf (0.53 MB)
2025-10-30 13:16:33,305 [INFO] Saved Markdown [daa/quydinh_huongdan/qui-che-qui-dinh-qui-trinh/18-quy-trinh-phan-cong-can-bo-coi-thi-cho-cac-dot-thi-tap-trung-he-dai-hoc-chinh-quy]: daa.uit.edu.vn_thongbao_18-quy-trinh-phan-cong-can-bo-coi-thi-cho-cac-dot-thi-tap-trung-he-dai-hoc-chinh-quy.md
2025-10-30 13:16:33,317 [INFO] ✓ Saved numbered detail: https://daa.uit.edu.vn/thongbao/18-quy-trinh-phan-cong-can-bo-coi-thi-cho-cac-dot-thi-tap-trung-he-dai-hoc-chinh-quy
2025-10-30 13:16:35,318 [INFO] Crawling numbered detail: https://daa.uit.edu.vn/thongbao/19-quy-trinh-nop-khoa-luan-tot-nghiep-sau-khi-bao-ve-truoc-hoi-dong-bao-ve-khoa-luan-tot
2025-10-30 13:17:17,616 [INFO] Using cached numbered doc: 19-quy-trinh-nop-khoa-luan-tot-nghiep-sau-khi-bao-ve-truoc-hoi-dong-bao-ve-khoa-luan-tot-nghiep in huong-dan-sinh-vien
2025-10-30 13:17:17,625 [INFO] Saved HTML [daa/quydinh_huongdan/huong-dan-sinh-vien/19-quy-trinh-nop-khoa-luan-tot-nghiep-sau-khi-bao-ve-truoc-hoi-dong-bao-ve-khoa-luan-tot-nghiep]: daa.uit.edu.vn_thongbao_19-quy-trinh-nop-khoa-luan-tot-nghiep-sau-khi-bao-ve-truoc-hoi-dong-bao-ve-khoa-luan-tot.html
2025-10-30 13:17:18,865 [INFO] Downloaded [daa/quydinh_huongdan/huong-dan-sinh-vien/19-quy-trinh-nop-khoa-luan-tot-nghiep-sau-khi-bao-ve-truoc-hoi-dong-bao-ve-khoa-luan-tot-nghiep]: 583-qd-dhcntt_12-6-2023_ban_hanh_quy_trinh_nop_kltn_sau_khi_bao_ve_truoc_hoi_dong_bao_ve_kltn.pdf (3.45 MB)
2025-10-30 13:17:18,877 [INFO] Saved Markdown [daa/quydinh_huongdan/huong-dan-sinh-vien/19-quy-trinh-nop-khoa-luan-tot-nghiep-sau-khi-bao-ve-truoc-hoi-dong-bao-ve-khoa-luan-tot-nghiep]: daa.uit.edu.vn_thongbao_19-quy-trinh-nop-khoa-luan-tot-nghiep-sau-khi-bao-ve-truoc-hoi-dong-bao-ve-khoa-luan-tot.md
2025-10-30 13:17:18,892 [INFO] ✓ Saved numbered detail: https://daa.uit.edu.vn/thongbao/19-quy-trinh-nop-khoa-luan-tot-nghiep-sau-khi-bao-ve-truoc-hoi-dong-bao-ve-khoa-luan-tot
2025-10-30 13:17:20,891 [INFO] Crawling numbered detail: https://daa.uit.edu.vn/thongbao/20-quy-dinh-chuong-trinh-tien-tien
2025-10-30 13:18:03,163 [INFO] Using cached numbered doc: 20-quy-dinh-chuong-trinh-tien-tien in qui-che-qui-dinh-qui-trinh
2025-10-30 13:18:03,169 [INFO] Saved HTML [daa/quydinh_huongdan/qui-che-qui-dinh-qui-trinh/20-quy-dinh-chuong-trinh-tien-tien]: daa.uit.edu.vn_thongbao_20-quy-dinh-chuong-trinh-tien-tien.html
2025-10-30 13:18:03,460 [INFO] Downloaded [daa/quydinh_huongdan/qui-che-qui-dinh-qui-trinh/20-quy-dinh-chuong-trinh-tien-tien]: 434-qd-dhcntt_07-07-2021_quy_dinh_dao_tao_chuong_trinh_tien_tien.pdf (0.63 MB)
2025-10-30 13:18:03,469 [INFO] Saved Markdown [daa/quydinh_huongdan/qui-che-qui-dinh-qui-trinh/20-quy-dinh-chuong-trinh-tien-tien]: daa.uit.edu.vn_thongbao_20-quy-dinh-chuong-trinh-tien-tien.md
2025-10-30 13:18:03,480 [INFO] ✓ Saved numbered detail: https://daa.uit.edu.vn/thongbao/20-quy-dinh-chuong-trinh-tien-tien
2025-10-30 13:18:05,480 [INFO] Crawling numbered detail: https://daa.uit.edu.vn/thongbao/21-huong-dan-thang-phan-loai-nhan-thuc-ky-nang-thai-do-su-dung-tai-truong-dai-hoc-cong-nghe
2025-10-30 13:18:47,759 [INFO] Using cached numbered doc: 21-huong-dan-thang-phan-loai-nhan-thuc-ky-nang-thai-do-su-dung-tai-truong-dai-hoc-cong-nghe-thong-tin in qui-che-qui-dinh-qui-trinh
2025-10-30 13:18:47,767 [INFO] Saved HTML [daa/quydinh_huongdan/qui-che-qui-dinh-qui-trinh/21-huong-dan-thang-phan-loai-nhan-thuc-ky-nang-thai-do-su-dung-tai-truong-dai-hoc-cong-nghe-thong-tin]: daa.uit.edu.vn_thongbao_21-huong-dan-thang-phan-loai-nhan-thuc-ky-nang-thai-do-su-dung-tai-truong-dai-hoc-cong-nghe.html
2025-10-30 13:18:48,068 [INFO] Downloaded [daa/quydinh_huongdan/qui-che-qui-dinh-qui-trinh/21-huong-dan-thang-phan-loai-nhan-thuc-ky-nang-thai-do-su-dung-tai-truong-dai-hoc-cong-nghe-thong-tin]: 123-qd-dhcntt_ban_hanh_huong_dan_thang_phan_loai_nhan_thuc_ky_nang_thai_do.pdf (0.60 MB)
2025-10-30 13:18:48,077 [INFO] Saved Markdown [daa/quydinh_huongdan/qui-che-qui-dinh-qui-trinh/21-huong-dan-thang-phan-loai-nhan-thuc-ky-nang-thai-do-su-dung-tai-truong-dai-hoc-cong-nghe-thong-tin]: daa.uit.edu.vn_thongbao_21-huong-dan-thang-phan-loai-nhan-thuc-ky-nang-thai-do-su-dung-tai-truong-dai-hoc-cong-nghe.md
2025-10-30 13:18:48,087 [INFO] ✓ Saved numbered detail: https://daa.uit.edu.vn/thongbao/21-huong-dan-thang-phan-loai-nhan-thuc-ky-nang-thai-do-su-dung-tai-truong-dai-hoc-cong-nghe
2025-10-30 13:18:50,088 [INFO] Crawling numbered detail: https://daa.uit.edu.vn/thongbao/22-quy-dinh-ve-viec-chuc-day-hoc-ngoai-gio-hanh-chinh-doi-voi-cac-hoc-phan-trong-chuong
2025-10-30 13:19:34,379 [INFO] Using cached numbered doc: 22-quy-dinh-ve-viec-to-chuc-day-hoc-ngoai-gio-hanh-chinh-doi-voi-cac-hoc-phan-trong-chuong-trinh-dao-tao-dai-hoc-chinh-quy in qui-che-qui-dinh-qui-trinh
2025-10-30 13:19:34,385 [INFO] Saved HTML [daa/quydinh_huongdan/qui-che-qui-dinh-qui-trinh/22-quy-dinh-ve-viec-to-chuc-day-hoc-ngoai-gio-hanh-chinh-doi-voi-cac-hoc-phan-trong-chuong-trinh-dao-tao-dai-hoc-chinh-quy]: daa.uit.edu.vn_thongbao_22-quy-dinh-ve-viec-chuc-day-hoc-ngoai-gio-hanh-chinh-doi-voi-cac-hoc-phan-trong-chuong.html
2025-10-30 13:19:34,680 [INFO] Downloaded [daa/quydinh_huongdan/qui-che-qui-dinh-qui-trinh/22-quy-dinh-ve-viec-to-chuc-day-hoc-ngoai-gio-hanh-chinh-doi-voi-cac-hoc-phan-trong-chuong-trinh-dao-tao-dai-hoc-chinh-quy]: 333-qd-dhcntt_18-5-2022_quy_dinh_ve_viec_to_chuc_day-hoc_ngoai_gio_hanh_chinh_doi_voi_cac_hoc_phan_trong_ctdt_cq.pdf (0.28 MB)
2025-10-30 13:19:34,691 [INFO] Saved Markdown [daa/quydinh_huongdan/qui-che-qui-dinh-qui-trinh/22-quy-dinh-ve-viec-to-chuc-day-hoc-ngoai-gio-hanh-chinh-doi-voi-cac-hoc-phan-trong-chuong-trinh-dao-tao-dai-hoc-chinh-quy]: daa.uit.edu.vn_thongbao_22-quy-dinh-ve-viec-chuc-day-hoc-ngoai-gio-hanh-chinh-doi-voi-cac-hoc-phan-trong-chuong.md
2025-10-30 13:19:34,715 [INFO] ✓ Saved numbered detail: https://daa.uit.edu.vn/thongbao/22-quy-dinh-ve-viec-chuc-day-hoc-ngoai-gio-hanh-chinh-doi-voi-cac-hoc-phan-trong-chuong
2025-10-30 13:19:36,715 [INFO] Crawling numbered detail: https://daa.uit.edu.vn/thongbao/23-quy-dinh-tam-thoi-ve-dao-tao-lien-thong-tu-trinh-do-dai-hoc-len-trinh-do-thac-si-he
2025-10-30 13:20:18,993 [INFO] Using cached numbered doc: 23-quy-dinh-tam-thoi-ve-dao-tao-lien-thong-tu-trinh-do-dai-hoc-len-trinh-do-thac-si-he-chinh-quy in qui-che-qui-dinh-qui-trinh
2025-10-30 13:20:19,000 [INFO] Saved HTML [daa/quydinh_huongdan/qui-che-qui-dinh-qui-trinh/23-quy-dinh-tam-thoi-ve-dao-tao-lien-thong-tu-trinh-do-dai-hoc-len-trinh-do-thac-si-he-chinh-quy]: daa.uit.edu.vn_thongbao_23-quy-dinh-tam-thoi-ve-dao-tao-lien-thong-tu-trinh-do-dai-hoc-len-trinh-do-thac-si-he.html
2025-10-30 13:20:19,525 [INFO] Downloaded [daa/quydinh_huongdan/qui-che-qui-dinh-qui-trinh/23-quy-dinh-tam-thoi-ve-dao-tao-lien-thong-tu-trinh-do-dai-hoc-len-trinh-do-thac-si-he-chinh-quy]: 335-qd-dhcntt_19-5-2022_quy_dinh_tam_thoi_ve_dao_tao_lien_thong_tu_trinh_do_dai_hoc_len_trinh_do_thc_si_he_chinh_quy.pdf (0.38 MB)
2025-10-30 13:20:19,535 [INFO] Saved Markdown [daa/quydinh_huongdan/qui-che-qui-dinh-qui-trinh/23-quy-dinh-tam-thoi-ve-dao-tao-lien-thong-tu-trinh-do-dai-hoc-len-trinh-do-thac-si-he-chinh-quy]: daa.uit.edu.vn_thongbao_23-quy-dinh-tam-thoi-ve-dao-tao-lien-thong-tu-trinh-do-dai-hoc-len-trinh-do-thac-si-he.md
2025-10-30 13:20:19,546 [INFO] ✓ Saved numbered detail: https://daa.uit.edu.vn/thongbao/23-quy-dinh-tam-thoi-ve-dao-tao-lien-thong-tu-trinh-do-dai-hoc-len-trinh-do-thac-si-he
2025-10-30 13:20:21,544 [INFO] Crawling numbered detail: https://daa.uit.edu.vn/thongbao/24-quyet-dinh-ve-viec-ban-hanh-quy-dinh-day-va-hoc-theo-phuong-thuc-truc-tuyen-va-phuong
2025-10-30 13:21:03,827 [INFO] Using cached numbered doc: 24-quyet-dinh-ve-viec-ban-hanh-quy-dinh-day-va-hoc-theo-phuong-thuc-truc-tuyen-va-phuong-thuc-ket-hop in qui-che-qui-dinh-qui-trinh
2025-10-30 13:21:03,846 [INFO] Saved HTML [daa/quydinh_huongdan/qui-che-qui-dinh-qui-trinh/24-quyet-dinh-ve-viec-ban-hanh-quy-dinh-day-va-hoc-theo-phuong-thuc-truc-tuyen-va-phuong-thuc-ket-hop]: daa.uit.edu.vn_thongbao_24-quyet-dinh-ve-viec-ban-hanh-quy-dinh-day-va-hoc-theo-phuong-thuc-truc-tuyen-va-phuong.html
2025-10-30 13:21:04,132 [INFO] Downloaded [daa/quydinh_huongdan/qui-che-qui-dinh-qui-trinh/24-quyet-dinh-ve-viec-ban-hanh-quy-dinh-day-va-hoc-theo-phuong-thuc-truc-tuyen-va-phuong-thuc-ket-hop]: 196-qd-dhcntt_16-3-2023_quy_dinh_day_va_hoc_theo_phuong_thuc_truc_tuyen_va_phuong_thuc_ket_hop.pdf (0.58 MB)
2025-10-30 13:21:04,141 [INFO] Saved Markdown [daa/quydinh_huongdan/qui-che-qui-dinh-qui-trinh/24-quyet-dinh-ve-viec-ban-hanh-quy-dinh-day-va-hoc-theo-phuong-thuc-truc-tuyen-va-phuong-thuc-ket-hop]: daa.uit.edu.vn_thongbao_24-quyet-dinh-ve-viec-ban-hanh-quy-dinh-day-va-hoc-theo-phuong-thuc-truc-tuyen-va-phuong.md
2025-10-30 13:21:04,151 [INFO] ✓ Saved numbered detail: https://daa.uit.edu.vn/thongbao/24-quyet-dinh-ve-viec-ban-hanh-quy-dinh-day-va-hoc-theo-phuong-thuc-truc-tuyen-va-phuong
2025-10-30 13:21:06,151 [INFO] Crawling numbered detail: https://daa.uit.edu.vn/thongbao/25-quy-dinh-chuc-danh-gia-ket-qua-hoc-tap-theo-hinh-thuc-truc-tuyen
2025-10-30 13:21:48,408 [INFO] Using cached numbered doc: 25-quy-dinh-to-chuc-danh-gia-ket-qua-hoc-tap-theo-hinh-thuc-truc-tuyen in qui-che-qui-dinh-qui-trinh
2025-10-30 13:21:48,414 [INFO] Saved HTML [daa/quydinh_huongdan/qui-che-qui-dinh-qui-trinh/25-quy-dinh-to-chuc-danh-gia-ket-qua-hoc-tap-theo-hinh-thuc-truc-tuyen]: daa.uit.edu.vn_thongbao_25-quy-dinh-chuc-danh-gia-ket-qua-hoc-tap-theo-hinh-thuc-truc-tuyen.html
2025-10-30 13:21:48,828 [INFO] Downloaded [daa/quydinh_huongdan/qui-che-qui-dinh-qui-trinh/25-quy-dinh-to-chuc-danh-gia-ket-qua-hoc-tap-theo-hinh-thuc-truc-tuyen]: 1141-qd-dhcntt_7-11-2023_quy_dinh_to_chuc_danh_gia_ket_qua_hoc_tap_theo_hinh_thuc_truc_tuyen.pdf (1.28 MB)
2025-10-30 13:21:48,836 [INFO] Saved Markdown [daa/quydinh_huongdan/qui-che-qui-dinh-qui-trinh/25-quy-dinh-to-chuc-danh-gia-ket-qua-hoc-tap-theo-hinh-thuc-truc-tuyen]: daa.uit.edu.vn_thongbao_25-quy-dinh-chuc-danh-gia-ket-qua-hoc-tap-theo-hinh-thuc-truc-tuyen.md
2025-10-30 13:21:48,845 [INFO] ✓ Saved numbered detail: https://daa.uit.edu.vn/thongbao/25-quy-dinh-chuc-danh-gia-ket-qua-hoc-tap-theo-hinh-thuc-truc-tuyen
2025-10-30 13:21:50,844 [INFO] Crawling numbered detail: https://daa.uit.edu.vn/thongbao/26-quy-dinh-moi-giang-vien-thinh-giang-tu-doanh-nghiep
2025-10-30 13:22:33,153 [INFO] Using cached numbered doc: 26-quy-dinh-moi-giang-vien-thinh-giang-tu-doanh-nghiep in qui-che-qui-dinh-qui-trinh
2025-10-30 13:22:33,159 [INFO] Saved HTML [daa/quydinh_huongdan/qui-che-qui-dinh-qui-trinh/26-quy-dinh-moi-giang-vien-thinh-giang-tu-doanh-nghiep]: daa.uit.edu.vn_thongbao_26-quy-dinh-moi-giang-vien-thinh-giang-tu-doanh-nghiep.html
2025-10-30 13:22:33,626 [INFO] Downloaded [daa/quydinh_huongdan/qui-che-qui-dinh-qui-trinh/26-quy-dinh-moi-giang-vien-thinh-giang-tu-doanh-nghiep]: 1187-qd-dhcntt_23-11-2023.pdf (0.71 MB)
2025-10-30 13:22:33,635 [INFO] Saved Markdown [daa/quydinh_huongdan/qui-che-qui-dinh-qui-trinh/26-quy-dinh-moi-giang-vien-thinh-giang-tu-doanh-nghiep]: daa.uit.edu.vn_thongbao_26-quy-dinh-moi-giang-vien-thinh-giang-tu-doanh-nghiep.md
2025-10-30 13:22:33,643 [INFO] ✓ Saved numbered detail: https://daa.uit.edu.vn/thongbao/26-quy-dinh-moi-giang-vien-thinh-giang-tu-doanh-nghiep
2025-10-30 13:22:35,643 [INFO] Crawling numbered detail: https://daa.uit.edu.vn/27-huong-dan-dang-ky-hoc-phan-cho-sinh-vien
2025-10-30 13:23:17,938 [INFO] Using cached numbered doc: 27-huong-dan-dang-ky-hoc-phan-cho-sinh-vien in huong-dan-sinh-vien
2025-10-30 13:23:17,949 [INFO] Saved HTML [daa/quydinh_huongdan/huong-dan-sinh-vien/27-huong-dan-dang-ky-hoc-phan-cho-sinh-vien]: daa.uit.edu.vn_27-huong-dan-dang-ky-hoc-phan-cho-sinh-vien.html
2025-10-30 13:23:18,590 [INFO] Downloaded [daa/quydinh_huongdan/huong-dan-sinh-vien/27-huong-dan-dang-ky-hoc-phan-cho-sinh-vien]: dkhp_doc_0.pdf (2.10 MB)
2025-10-30 13:23:18,600 [INFO] Saved Markdown [daa/quydinh_huongdan/huong-dan-sinh-vien/27-huong-dan-dang-ky-hoc-phan-cho-sinh-vien]: daa.uit.edu.vn_27-huong-dan-dang-ky-hoc-phan-cho-sinh-vien.md
2025-10-30 13:23:18,612 [INFO] ✓ Saved numbered detail: https://daa.uit.edu.vn/27-huong-dan-dang-ky-hoc-phan-cho-sinh-vien
2025-10-30 13:23:20,612 [INFO] Crawling numbered detail: https://daa.uit.edu.vn/28-quy-dinh-dao-tao-song-nganh-trinh-do-dai-hoc-he-chinh-quy
2025-10-30 13:24:02,889 [INFO] Using cached numbered doc: 28-quy-dinh-dao-tao-song-nganh-trinh-do-dai-hoc-he-chinh-quy in qui-che-qui-dinh-qui-trinh
2025-10-30 13:24:02,901 [INFO] Saved HTML [daa/quydinh_huongdan/qui-che-qui-dinh-qui-trinh/28-quy-dinh-dao-tao-song-nganh-trinh-do-dai-hoc-he-chinh-quy]: daa.uit.edu.vn_28-quy-dinh-dao-tao-song-nganh-trinh-do-dai-hoc-he-chinh-quy.html
2025-10-30 13:24:03,229 [INFO] Downloaded [daa/quydinh_huongdan/qui-che-qui-dinh-qui-trinh/28-quy-dinh-dao-tao-song-nganh-trinh-do-dai-hoc-he-chinh-quy]: 112-qd-dhcntt_01-02-2024_quy_dinh_dao_tao_song_nganh_trinh_do_dai_hoc_he_chinh_quy.pdf (0.86 MB)
2025-10-30 13:24:03,237 [INFO] Saved Markdown [daa/quydinh_huongdan/qui-che-qui-dinh-qui-trinh/28-quy-dinh-dao-tao-song-nganh-trinh-do-dai-hoc-he-chinh-quy]: daa.uit.edu.vn_28-quy-dinh-dao-tao-song-nganh-trinh-do-dai-hoc-he-chinh-quy.md
2025-10-30 13:24:03,249 [INFO] ✓ Saved numbered detail: https://daa.uit.edu.vn/28-quy-dinh-dao-tao-song-nganh-trinh-do-dai-hoc-he-chinh-quy
2025-10-30 13:24:05,250 [INFO] Crawling numbered detail: https://daa.uit.edu.vn/29-quy-dinh-ve-do-tot-nghiep-tai-doanh-nghiep
2025-10-30 13:24:49,546 [INFO] Using cached numbered doc: 29-quy-dinh-ve-do-an-tot-nghiep-tai-doanh-nghiep in huong-dan-sinh-vien
2025-10-30 13:24:49,554 [INFO] Saved HTML [daa/quydinh_huongdan/huong-dan-sinh-vien/29-quy-dinh-ve-do-an-tot-nghiep-tai-doanh-nghiep]: daa.uit.edu.vn_29-quy-dinh-ve-do-tot-nghiep-tai-doanh-nghiep.html
2025-10-30 13:24:50,528 [INFO] Downloaded [daa/quydinh_huongdan/huong-dan-sinh-vien/29-quy-dinh-ve-do-an-tot-nghiep-tai-doanh-nghiep]: 697-qd-dhcntt_12-7-2024_quy_dinh_do_an_tot_nghiep_tai_doanh_nghiep.pdf (3.42 MB)
2025-10-30 13:24:50,538 [INFO] Saved Markdown [daa/quydinh_huongdan/huong-dan-sinh-vien/29-quy-dinh-ve-do-an-tot-nghiep-tai-doanh-nghiep]: daa.uit.edu.vn_29-quy-dinh-ve-do-tot-nghiep-tai-doanh-nghiep.md
2025-10-30 13:24:50,550 [INFO] ✓ Saved numbered detail: https://daa.uit.edu.vn/29-quy-dinh-ve-do-tot-nghiep-tai-doanh-nghiep
2025-10-30 13:24:52,548 [INFO] Crawling numbered detail: https://daa.uit.edu.vn/30-huong-dan-chuyen-doi-he-thong-tin-chi-sang-he-thong-tich-luy-va-chuyen-doi-tin-chi-cua-chau-au
2025-10-30 13:25:32,823 [INFO] Using cached numbered doc: 30-huong-dan-chuyen-doi-he-thong-tin-chi-sang-he-thong-tich-luy-va-chuyen-doi-tin-chi-cua-chau-au in qui-che-qui-dinh-qui-trinh
2025-10-30 13:25:32,830 [INFO] Saved HTML [daa/quydinh_huongdan/qui-che-qui-dinh-qui-trinh/30-huong-dan-chuyen-doi-he-thong-tin-chi-sang-he-thong-tich-luy-va-chuyen-doi-tin-chi-cua-chau-au]: daa.uit.edu.vn_30-huong-dan-chuyen-doi-he-thong-tin-chi-sang-he-thong-tich-luy-va-chuyen-doi-tin-chi-cua-chau-au.html
2025-10-30 13:25:33,048 [INFO] Downloaded [daa/quydinh_huongdan/qui-che-qui-dinh-qui-trinh/30-huong-dan-chuyen-doi-he-thong-tin-chi-sang-he-thong-tich-luy-va-chuyen-doi-tin-chi-cua-chau-au]: 01-hd-dhcntt_huong_dan_ects.pdf (0.29 MB)
2025-10-30 13:25:33,059 [INFO] Saved Markdown [daa/quydinh_huongdan/qui-che-qui-dinh-qui-trinh/30-huong-dan-chuyen-doi-he-thong-tin-chi-sang-he-thong-tich-luy-va-chuyen-doi-tin-chi-cua-chau-au]: daa.uit.edu.vn_30-huong-dan-chuyen-doi-he-thong-tin-chi-sang-he-thong-tich-luy-va-chuyen-doi-tin-chi-cua-chau-au.md
2025-10-30 13:25:33,068 [INFO] ✓ Saved numbered detail: https://daa.uit.edu.vn/30-huong-dan-chuyen-doi-he-thong-tin-chi-sang-he-thong-tich-luy-va-chuyen-doi-tin-chi-cua-chau-au
2025-10-30 13:25:35,069 [INFO] Crawling numbered detail: https://daa.uit.edu.vn/31-quy-che-tuyen-sinh-dai-hoc-chinh-quy
2025-10-30 13:26:19,396 [INFO] Using cached numbered doc: 31-quy-che-tuyen-sinh-dai-hoc-chinh-quy in qui-che-qui-dinh-qui-trinh
2025-10-30 13:26:19,404 [INFO] Saved HTML [daa/quydinh_huongdan/qui-che-qui-dinh-qui-trinh/31-quy-che-tuyen-sinh-dai-hoc-chinh-quy]: daa.uit.edu.vn_31-quy-che-tuyen-sinh-dai-hoc-chinh-quy.html
2025-10-30 13:26:19,840 [INFO] Downloaded [daa/quydinh_huongdan/qui-che-qui-dinh-qui-trinh/31-quy-che-tuyen-sinh-dai-hoc-chinh-quy]: 354-qd-dhcntt_19-4-2023-quychets.pdf (1.19 MB)
2025-10-30 13:26:19,848 [INFO] Saved Markdown [daa/quydinh_huongdan/qui-che-qui-dinh-qui-trinh/31-quy-che-tuyen-sinh-dai-hoc-chinh-quy]: daa.uit.edu.vn_31-quy-che-tuyen-sinh-dai-hoc-chinh-quy.md
2025-10-30 13:26:19,860 [INFO] ✓ Saved numbered detail: https://daa.uit.edu.vn/31-quy-che-tuyen-sinh-dai-hoc-chinh-quy
2025-10-30 13:26:21,859 [INFO] Crawling numbered detail: https://daa.uit.edu.vn/32-quy-trinh-canh-bao-sinh-vien-he-dai-hoc-chinh-quy-ve-ket-qua-dang-ky-hoc-phan-va-ket-qua-hoc-tap
2025-10-30 13:27:04,127 [INFO] Using cached numbered doc: 32-quy-trinh-canh-bao-sinh-vien-he-dai-hoc-chinh-quy-ve-ket-qua-dang-ky-hoc-phan-va-ket-qua-hoc-tap in huong-dan-sinh-vien
2025-10-30 13:27:04,134 [INFO] Saved HTML [daa/quydinh_huongdan/huong-dan-sinh-vien/32-quy-trinh-canh-bao-sinh-vien-he-dai-hoc-chinh-quy-ve-ket-qua-dang-ky-hoc-phan-va-ket-qua-hoc-tap]: daa.uit.edu.vn_32-quy-trinh-canh-bao-sinh-vien-he-dai-hoc-chinh-quy-ve-ket-qua-dang-ky-hoc-phan-va-ket-qua-hoc-tap.html
2025-10-30 13:27:04,423 [INFO] Downloaded [daa/quydinh_huongdan/huong-dan-sinh-vien/32-quy-trinh-canh-bao-sinh-vien-he-dai-hoc-chinh-quy-ve-ket-qua-dang-ky-hoc-phan-va-ket-qua-hoc-tap]: 832_qd-dhcntt12-8-2024.pdf (1.85 MB)
2025-10-30 13:27:04,433 [INFO] Saved Markdown [daa/quydinh_huongdan/huong-dan-sinh-vien/32-quy-trinh-canh-bao-sinh-vien-he-dai-hoc-chinh-quy-ve-ket-qua-dang-ky-hoc-phan-va-ket-qua-hoc-tap]: daa.uit.edu.vn_32-quy-trinh-canh-bao-sinh-vien-he-dai-hoc-chinh-quy-ve-ket-qua-dang-ky-hoc-phan-va-ket-qua-hoc-tap.md
2025-10-30 13:27:04,444 [INFO] ✓ Saved numbered detail: https://daa.uit.edu.vn/32-quy-trinh-canh-bao-sinh-vien-he-dai-hoc-chinh-quy-ve-ket-qua-dang-ky-hoc-phan-va-ket-qua-hoc-tap
2025-10-30 13:27:06,444 [INFO] Crawling numbered detail: https://daa.uit.edu.vn/33-quy-che-tuyen-sinh-hinh-thuc-dao-tao-tu-xa-trinh-do-dai-hoc
2025-10-30 13:27:48,705 [INFO] Using cached numbered doc: 33-quy-che-tuyen-sinh-hinh-thuc-dao-tao-tu-xa-trinh-do-dai-hoc in qui-che-qui-dinh-qui-trinh
2025-10-30 13:27:48,714 [INFO] Saved HTML [daa/quydinh_huongdan/qui-che-qui-dinh-qui-trinh/33-quy-che-tuyen-sinh-hinh-thuc-dao-tao-tu-xa-trinh-do-dai-hoc]: daa.uit.edu.vn_33-quy-che-tuyen-sinh-hinh-thuc-dao-tao-tu-xa-trinh-do-dai-hoc.html
2025-10-30 13:27:48,854 [INFO] Downloaded [daa/quydinh_huongdan/qui-che-qui-dinh-qui-trinh/33-quy-che-tuyen-sinh-hinh-thuc-dao-tao-tu-xa-trinh-do-dai-hoc]: 213-qd-dhcntt_19-3-2024_pdf.pdf (0.42 MB)
2025-10-30 13:27:48,863 [INFO] Saved Markdown [daa/quydinh_huongdan/qui-che-qui-dinh-qui-trinh/33-quy-che-tuyen-sinh-hinh-thuc-dao-tao-tu-xa-trinh-do-dai-hoc]: daa.uit.edu.vn_33-quy-che-tuyen-sinh-hinh-thuc-dao-tao-tu-xa-trinh-do-dai-hoc.md
2025-10-30 13:27:48,875 [INFO] ✓ Saved numbered detail: https://daa.uit.edu.vn/33-quy-che-tuyen-sinh-hinh-thuc-dao-tao-tu-xa-trinh-do-dai-hoc
2025-10-30 13:27:50,873 [INFO] Crawling numbered detail: https://daa.uit.edu.vn/34-quy-trinh-chuyen-sinh-vien-tu-hinh-thuc-dao-tao-chinh-quy-sang-hinh-thuc-dao-tao-tu-xa
2025-10-30 13:28:33,142 [INFO] Using cached numbered doc: 34-quy-trinh-chuyen-sinh-vien-tu-hinh-thuc-dao-tao-chinh-quy-sang-hinh-thuc-dao-tao-tu-xa in qui-che-qui-dinh-qui-trinh
2025-10-30 13:28:33,150 [INFO] Saved HTML [daa/quydinh_huongdan/qui-che-qui-dinh-qui-trinh/34-quy-trinh-chuyen-sinh-vien-tu-hinh-thuc-dao-tao-chinh-quy-sang-hinh-thuc-dao-tao-tu-xa]: daa.uit.edu.vn_34-quy-trinh-chuyen-sinh-vien-tu-hinh-thuc-dao-tao-chinh-quy-sang-hinh-thuc-dao-tao-tu-xa.html
2025-10-30 13:28:33,338 [INFO] Downloaded [daa/quydinh_huongdan/qui-che-qui-dinh-qui-trinh/34-quy-trinh-chuyen-sinh-vien-tu-hinh-thuc-dao-tao-chinh-quy-sang-hinh-thuc-dao-tao-tu-xa]: 1499-qd-dhcntt-10-12-2024.pdf (1.56 MB)
2025-10-30 13:28:33,349 [INFO] Saved Markdown [daa/quydinh_huongdan/qui-che-qui-dinh-qui-trinh/34-quy-trinh-chuyen-sinh-vien-tu-hinh-thuc-dao-tao-chinh-quy-sang-hinh-thuc-dao-tao-tu-xa]: daa.uit.edu.vn_34-quy-trinh-chuyen-sinh-vien-tu-hinh-thuc-dao-tao-chinh-quy-sang-hinh-thuc-dao-tao-tu-xa.md
2025-10-30 13:28:33,358 [INFO] ✓ Saved numbered detail: https://daa.uit.edu.vn/34-quy-trinh-chuyen-sinh-vien-tu-hinh-thuc-dao-tao-chinh-quy-sang-hinh-thuc-dao-tao-tu-xa
2025-10-30 13:28:35,359 [INFO] Crawling numbered detail: https://daa.uit.edu.vn/35-quy-trinh-cong-nhan-tin-chi-trong-dao-tao-dai-hoc-cua-truong-dai-hoc-cong-nghe-thong-tin
2025-10-30 13:29:19,604 [INFO] Using cached numbered doc: 35-quy-trinh-cong-nhan-tin-chi-trong-dao-tao-dai-hoc-cua-truong-dai-hoc-cong-nghe-thong-tin in qui-che-qui-dinh-qui-trinh
2025-10-30 13:29:19,613 [INFO] Saved HTML [daa/quydinh_huongdan/qui-che-qui-dinh-qui-trinh/35-quy-trinh-cong-nhan-tin-chi-trong-dao-tao-dai-hoc-cua-truong-dai-hoc-cong-nghe-thong-tin]: daa.uit.edu.vn_35-quy-trinh-cong-nhan-tin-chi-trong-dao-tao-dai-hoc-cua-truong-dai-hoc-cong-nghe-thong-tin.html
2025-10-30 13:29:19,755 [INFO] Downloaded [daa/quydinh_huongdan/qui-che-qui-dinh-qui-trinh/35-quy-trinh-cong-nhan-tin-chi-trong-dao-tao-dai-hoc-cua-truong-dai-hoc-cong-nghe-thong-tin]: 412-qd-dhcntt_27-03-2025_quy_trinh_cong_nhan_tin_chi_trong_dao_tao_dai_hoc.pdf (1.33 MB)
2025-10-30 13:29:19,860 [INFO] Downloaded [daa/quydinh_huongdan/qui-che-qui-dinh-qui-trinh/35-quy-trinh-cong-nhan-tin-chi-trong-dao-tao-dai-hoc-cua-truong-dai-hoc-cong-nghe-thong-tin]: mau_don.pdf (0.11 MB)
2025-10-30 13:29:19,873 [INFO] Saved Markdown [daa/quydinh_huongdan/qui-che-qui-dinh-qui-trinh/35-quy-trinh-cong-nhan-tin-chi-trong-dao-tao-dai-hoc-cua-truong-dai-hoc-cong-nghe-thong-tin]: daa.uit.edu.vn_35-quy-trinh-cong-nhan-tin-chi-trong-dao-tao-dai-hoc-cua-truong-dai-hoc-cong-nghe-thong-tin.md
2025-10-30 13:29:19,885 [INFO] ✓ Saved numbered detail: https://daa.uit.edu.vn/35-quy-trinh-cong-nhan-tin-chi-trong-dao-tao-dai-hoc-cua-truong-dai-hoc-cong-nghe-thong-tin
2025-10-30 13:29:21,884 [INFO] Crawling numbered detail: https://daa.uit.edu.vn/36-quy-dinh-ve-do-tot-nghiep
2025-10-30 13:30:04,101 [INFO] Using cached numbered doc: 36-quy-dinh-ve-do-an-tot-nghiep in huong-dan-sinh-vien
2025-10-30 13:30:04,108 [INFO] Saved HTML [daa/quydinh_huongdan/huong-dan-sinh-vien/36-quy-dinh-ve-do-an-tot-nghiep]: daa.uit.edu.vn_36-quy-dinh-ve-do-tot-nghiep.html
2025-10-30 13:30:04,273 [INFO] Downloaded [daa/quydinh_huongdan/huong-dan-sinh-vien/36-quy-dinh-ve-do-an-tot-nghiep]: 277-qd-dhcntt_21-03-2025.pdf (1.15 MB)
2025-10-30 13:30:04,283 [INFO] Saved Markdown [daa/quydinh_huongdan/huong-dan-sinh-vien/36-quy-dinh-ve-do-an-tot-nghiep]: daa.uit.edu.vn_36-quy-dinh-ve-do-tot-nghiep.md
2025-10-30 13:30:04,296 [INFO] ✓ Saved numbered detail: https://daa.uit.edu.vn/36-quy-dinh-ve-do-tot-nghiep
2025-10-30 13:30:06,297 [INFO] Crawling numbered detail: https://daa.uit.edu.vn/37-ban-hanh-quy-dinh-chuc-quan-ly-chuong-trinh-lien-ket-dao-tao-voi-nuoc-ngoai-trinh-do-dai-hoc-tai
2025-10-30 13:30:48,569 [INFO] Using cached numbered doc: 37-ban-hanh-quy-dinh-to-chuc-quan-ly-chuong-trinh-lien-ket-dao-tao-voi-nuoc-ngoai-trinh-do-dai-hoc-tai-truong-dhcntt in qui-che-qui-dinh-qui-trinh
2025-10-30 13:30:48,589 [INFO] Saved HTML [daa/quydinh_huongdan/qui-che-qui-dinh-qui-trinh/37-ban-hanh-quy-dinh-to-chuc-quan-ly-chuong-trinh-lien-ket-dao-tao-voi-nuoc-ngoai-trinh-do-dai-hoc-tai-truong-dhcntt]: daa.uit.edu.vn_37-ban-hanh-quy-dinh-chuc-quan-ly-chuong-trinh-lien-ket-dao-tao-voi-nuoc-ngoai-trinh-do-dai-hoc-tai.html
2025-10-30 13:30:49,623 [INFO] Downloaded [daa/quydinh_huongdan/qui-che-qui-dinh-qui-trinh/37-ban-hanh-quy-dinh-to-chuc-quan-ly-chuong-trinh-lien-ket-dao-tao-voi-nuoc-ngoai-trinh-do-dai-hoc-tai-truong-dhcntt]: 451-qd-dhcntt_10-04-2025.pdf (8.09 MB)
2025-10-30 13:30:49,633 [INFO] Saved Markdown [daa/quydinh_huongdan/qui-che-qui-dinh-qui-trinh/37-ban-hanh-quy-dinh-to-chuc-quan-ly-chuong-trinh-lien-ket-dao-tao-voi-nuoc-ngoai-trinh-do-dai-hoc-tai-truong-dhcntt]: daa.uit.edu.vn_37-ban-hanh-quy-dinh-chuc-quan-ly-chuong-trinh-lien-ket-dao-tao-voi-nuoc-ngoai-trinh-do-dai-hoc-tai.md
2025-10-30 13:30:49,646 [INFO] ✓ Saved numbered detail: https://daa.uit.edu.vn/37-ban-hanh-quy-dinh-chuc-quan-ly-chuong-trinh-lien-ket-dao-tao-voi-nuoc-ngoai-trinh-do-dai-hoc-tai
2025-10-30 13:30:51,645 [INFO] Crawling numbered detail: https://daa.uit.edu.vn/38-quy-trinh-xu-ly-hoc-vu-sinh-vien-dai-hoc-chinh-quy
2025-10-30 13:31:33,900 [INFO] Using cached numbered doc: 38-quy-trinh-xu-ly-hoc-vu-sinh-vien-dai-hoc-chinh-quy in huong-dan-sinh-vien
2025-10-30 13:31:33,905 [INFO] Saved HTML [daa/quydinh_huongdan/huong-dan-sinh-vien/38-quy-trinh-xu-ly-hoc-vu-sinh-vien-dai-hoc-chinh-quy]: daa.uit.edu.vn_38-quy-trinh-xu-ly-hoc-vu-sinh-vien-dai-hoc-chinh-quy.html
2025-10-30 13:31:34,032 [INFO] Downloaded [daa/quydinh_huongdan/huong-dan-sinh-vien/38-quy-trinh-xu-ly-hoc-vu-sinh-vien-dai-hoc-chinh-quy]: 803-qd-dhcntt_11-07-2025_quy_trinh_xlhv.pdf (0.71 MB)
2025-10-30 13:31:34,041 [INFO] Saved Markdown [daa/quydinh_huongdan/huong-dan-sinh-vien/38-quy-trinh-xu-ly-hoc-vu-sinh-vien-dai-hoc-chinh-quy]: daa.uit.edu.vn_38-quy-trinh-xu-ly-hoc-vu-sinh-vien-dai-hoc-chinh-quy.md
2025-10-30 13:31:34,053 [INFO] ✓ Saved numbered detail: https://daa.uit.edu.vn/38-quy-trinh-xu-ly-hoc-vu-sinh-vien-dai-hoc-chinh-quy
2025-10-30 13:31:36,053 [INFO] Crawling numbered detail: https://daa.uit.edu.vn/39quy-dinh-ve-liem-chinh-hoc-thuat-tai-truong-dai-hoc-cong-nghe-thong-tin
2025-10-30 13:32:18,300 [INFO] Using cached numbered doc: 39-quy-dinh-ve-liem-chinh-hoc-thuat-tai-truong-dai-hoc-cong-nghe-thong-tin in qui-che-qui-dinh-qui-trinh
2025-10-30 13:32:18,308 [INFO] Saved HTML [daa/quydinh_huongdan/qui-che-qui-dinh-qui-trinh/39-quy-dinh-ve-liem-chinh-hoc-thuat-tai-truong-dai-hoc-cong-nghe-thong-tin]: daa.uit.edu.vn_39quy-dinh-ve-liem-chinh-hoc-thuat-tai-truong-dai-hoc-cong-nghe-thong-tin.html
2025-10-30 13:32:19,200 [INFO] Downloaded [daa/quydinh_huongdan/qui-che-qui-dinh-qui-trinh/39-quy-dinh-ve-liem-chinh-hoc-thuat-tai-truong-dai-hoc-cong-nghe-thong-tin]: 851-qd-dhcntt-14-08-2024-scan.pdf (6.45 MB)
2025-10-30 13:32:19,210 [INFO] Saved Markdown [daa/quydinh_huongdan/qui-che-qui-dinh-qui-trinh/39-quy-dinh-ve-liem-chinh-hoc-thuat-tai-truong-dai-hoc-cong-nghe-thong-tin]: daa.uit.edu.vn_39quy-dinh-ve-liem-chinh-hoc-thuat-tai-truong-dai-hoc-cong-nghe-thong-tin.md
2025-10-30 13:32:19,221 [INFO] ✓ Saved numbered detail: https://daa.uit.edu.vn/39quy-dinh-ve-liem-chinh-hoc-thuat-tai-truong-dai-hoc-cong-nghe-thong-tin
2025-10-30 13:32:21,220 [INFO] Starting crawl for: https://daa.uit.edu.vn/quy-che-quy-dinh-dao-tao-dai-hoc-cua-dhqg-hcm (attempt 1/3)
2025-10-30 13:32:21,223 [INFO] Progress: 7/43 seeds completed
2025-10-30 13:32:36,308 [INFO] Crawled 9 pages from https://daa.uit.edu.vn/quy-che-quy-dinh-dao-tao-dai-hoc-cua-dhqg-hcm
2025-10-30 13:32:36,309 [INFO] Found 4 potential numbered items in https://daa.uit.edu.vn/quy-che-quy-dinh-dao-tao-dai-hoc-cua-dhqg-hcm
2025-10-30 13:32:36,309 [INFO] Cached numbered doc: https://daa.uit.edu.vn/39quy-dinh-ve-liem-chinh-hoc-thuat-tai-truong-dai-hoc-cong-nghe-thong-tin -> 39. Quy định về Liêm chính học thuật tại Trường Đại học Công nghệ Thông tin
2025-10-30 13:32:36,309 [INFO] Cached numbered doc: https://daa.uit.edu.vn/38-quy-trinh-xu-ly-hoc-vu-sinh-vien-dai-hoc-chinh-quy -> 38. Quy trình xử lý học vụ sinh viên đại học chính quy
2025-10-30 13:32:36,309 [INFO] Cached numbered doc: https://daa.uit.edu.vn/37-ban-hanh-quy-dinh-chuc-quan-ly-chuong-trinh-lien-ket-dao-tao-voi-nuoc-ngoai-trinh-do-dai-hoc-tai -> 37. Ban hành quy định tổ chức, quản lý chương trình liên kết đào tạo với nước ngoài trình độ đại học tại Trường ĐHCNTT
2025-10-30 13:32:36,310 [INFO] Cached numbered doc: https://daa.uit.edu.vn/36-quy-dinh-ve-do-tot-nghiep -> 36. Quy định về Đồ án tốt nghiệp
2025-10-30 13:32:36,310 [INFO] Successfully cached 4 numbered docs from https://daa.uit.edu.vn/quy-che-quy-dinh-dao-tao-dai-hoc-cua-dhqg-hcm
2025-10-30 13:32:36,325 [INFO] Saved HTML [daa/quydinh_huongdan/quyche-dhqg-hcm]: daa.uit.edu.vn_quy-che-quy-dinh-dao-tao-dai-hoc-cua-dhqg-hcm.html
2025-10-30 13:32:37,314 [INFO] Downloaded [daa/quydinh_huongdan/quyche-dhqg-hcm]: 1195-qd-dhqg_27-9-2019_quy_dinh_dao_tao_song_nganh_dhqg.pdf (7.92 MB)
2025-10-30 13:32:37,840 [INFO] Downloaded [daa/quydinh_huongdan/quyche-dhqg-hcm]: 1342-qd-dhqg_30-9-2022_quy_che_dao_tao.pdf (3.57 MB)
2025-10-30 13:32:40,094 [INFO] Downloaded [daa/quydinh_huongdan/quyche-dhqg-hcm]: 1372-qd-dhqg_10-10-2022_quy_che_van_bang_chung_chi.pdf (17.02 MB)
2025-10-30 13:32:40,193 [INFO] Downloaded [daa/quydinh_huongdan/quyche-dhqg-hcm]: 540_qd_dhqg_9-5-2023_quy_dinh_mo_nganh.pdf (0.46 MB)
2025-10-30 13:32:41,434 [INFO] Downloaded [daa/quydinh_huongdan/quyche-dhqg-hcm]: 809-qd-dhqg_3-7-2023_quy_dinh_dgkqht_theo_hinh_thuc_tt.pdf (8.35 MB)
2025-10-30 13:32:41,667 [INFO] Downloaded [daa/quydinh_huongdan/quyche-dhqg-hcm]: 170_qd_dhqg_27_02_2018_cong_nhan_chung_chi_ngoai_ngu.pdf (0.98 MB)
2025-10-30 13:32:42,313 [INFO] Downloaded [daa/quydinh_huongdan/quyche-dhqg-hcm]: 650-qd-dhqg_3-6-2019-quy_dinh_dao_tao_lien_thong_tu_trinh_do_dai_hoc_len_trinh_do_thac_si.pdf (5.20 MB)
2025-10-30 13:32:42,915 [INFO] Downloaded [daa/quydinh_huongdan/quyche-dhqg-hcm]: 707_qd_dhqg23_6_2022_quy_che_tuyen_sinh_trinh_do_dh.pdf (4.99 MB)
2025-10-30 13:32:43,621 [INFO] Downloaded [daa/quydinh_huongdan/quyche-dhqg-hcm]: 836_qd_dhqg_19_7_2021_quy_che_tuyen_sinh_trinh_do_dai_hoc_dhqghcm.pdf (5.13 MB)
2025-10-30 13:32:43,979 [INFO] Downloaded [daa/quydinh_huongdan/quyche-dhqg-hcm]: 1224-qd-dhqg_30-8-2022_ban_hanh_mau_chung_chi_ngoai_ngu_theo_khung_nlnn_6_bac.pdf (2.48 MB)
2025-10-30 13:32:44,391 [INFO] Downloaded [daa/quydinh_huongdan/quyche-dhqg-hcm]: 1658-qd-dhqg_24-12-2020_phe_duyet_thi_diem_bo_pcnl_svtn_dhqghcm.pdf (2.56 MB)
2025-10-30 13:32:45,632 [INFO] Downloaded [daa/quydinh_huongdan/quyche-dhqg-hcm]: 1672_qd-dhqg_14-12-2022_quy_dinh_in_noi_dung_tren_vbcc.pdf (8.66 MB)
2025-10-30 13:32:46,925 [INFO] Downloaded [daa/quydinh_huongdan/quyche-dhqg-hcm]: 1758-qd-dhqg-29-12-2022_quy_dinh_lien_ket_dao_tao_voi_nuoc_ngoai_trinh_do_dh_ths_ts_tai_dhqg-hcm.pdf (11.36 MB)
2025-10-30 13:32:47,604 [INFO] Downloaded [daa/quydinh_huongdan/quyche-dhqg-hcm]: bb1528_dhqg_2-8-2022_hop_ve_cong_tac_dao_tao.pdf (5.18 MB)
2025-10-30 13:32:47,736 [INFO] Downloaded [daa/quydinh_huongdan/quyche-dhqg-hcm]: cv671-dhqg_18-4-2022_su_dung_chung_chi_vnu-ept.pdf (0.65 MB)
2025-10-30 13:32:48,619 [INFO] Downloaded [daa/quydinh_huongdan/quyche-dhqg-hcm]: cv842_27-5-2023_huong_dan_in_noi_dung_tren_vb_mau_ban_hanh_nam_2017.pdf (7.61 MB)
2025-10-30 13:32:48,868 [INFO] Downloaded [daa/quydinh_huongdan/quyche-dhqg-hcm]: 1476_qd_dhqg_27-1-120_phe_duyet_ctmh_giao_duc_the_chat.pdf (1.74 MB)
2025-10-30 13:32:48,975 [INFO] Downloaded [daa/quydinh_huongdan/quyche-dhqg-hcm]: 1681-qd-dhqg30-11-2023_phe_duyet_song_nganh_tmdt_dh_cntt.pdf (0.43 MB)
2025-10-30 13:32:49,108 [INFO] Downloaded [daa/quydinh_huongdan/quyche-dhqg-hcm]: qd1537_241029_quy_dinh_dao_tao_va_cong_nhan_tin_chi_khoa_hoc_mooc.signed.pdf (0.67 MB)
2025-10-30 13:32:49,269 [INFO] Downloaded [daa/quydinh_huongdan/quyche-dhqg-hcm]: 2217_dhqg_dt_cong_nhan_mon_hoc_theo_hinh_thuc_mooc.pdf (0.97 MB)
2025-10-30 13:32:49,596 [INFO] Downloaded [daa/quydinh_huongdan/quyche-dhqg-hcm]: 15_qd_dhqg_07_01_2025_quy_dinh_sua_doi_bo_sung_mot_so_dieu_cua_quy_dinh_mo_nganh_dao_tao_trinh_do_dai_hoc_thac_si_tien_si.pdf (2.08 MB)
2025-10-30 13:32:49,722 [INFO] Downloaded [daa/quydinh_huongdan/quyche-dhqg-hcm]: 1916_dhqg_dt_pho_bien_khung_nang_luc_giang_day_so_cua_giang_vien.pdf (0.56 MB)
2025-10-30 13:32:49,876 [INFO] Downloaded [daa/quydinh_huongdan/quyche-dhqg-hcm]: qd2130_ban_hanh_quy_dinh_cong_nhan_tin_chi_cap_thpt.signed.pdf (0.97 MB)
2025-10-30 13:32:50,048 [INFO] Downloaded [daa/quydinh_huongdan/quyche-dhqg-hcm]: qd2104_251025_pl_bang_mo_ta_dcct_toan_dstt.signed.pdf (1.53 MB)
2025-10-30 13:32:50,370 [INFO] Downloaded [daa/quydinh_huongdan/quyche-dhqg-hcm]: qd2105_251025_pl_bang_mo_ta_dcct_toan_giai_tich.signed.pdf (2.50 MB)
2025-10-30 13:32:50,641 [INFO] Downloaded [daa/quydinh_huongdan/quyche-dhqg-hcm]: qd2106_251025_pl_bang_mo_ta_dcct.toan_xstk.signed.pdf (2.83 MB)
2025-10-30 13:32:50,786 [INFO] Downloaded [daa/quydinh_huongdan/quyche-dhqg-hcm]: qd2107_251025_pl_bang_mo_ta_dcct_toan_roi_rac.signed.pdf (1.18 MB)
2025-10-30 13:32:51,527 [INFO] Downloaded [daa/quydinh_huongdan/quyche-dhqg-hcm]: qd2108_251025_pl_bang_mo_ta_dcct_vat_ly.signed.pdf (6.43 MB)
2025-10-30 13:32:51,827 [INFO] Downloaded [daa/quydinh_huongdan/quyche-dhqg-hcm]: qd2109_251025_pl_bang_mo_ta_dcct_hoa_hoc.signed.pdf (2.61 MB)
2025-10-30 13:32:52,005 [INFO] Downloaded [daa/quydinh_huongdan/quyche-dhqg-hcm]: qd2110_251025_pl_bang_mo_ta_dcct_sinh_hoc.signed.pdf (1.48 MB)
2025-10-30 13:32:52,175 [INFO] Downloaded [daa/quydinh_huongdan/quyche-dhqg-hcm]: qd2062_221025_quy_dinh_khoi_hp_cong_nhanchuyen_doi_tin_chi.signed.pdf (1.13 MB)
2025-10-30 13:32:52,314 [INFO] Downloaded [daa/quydinh_huongdan/quyche-dhqg-hcm]: qd2003_251017_quy_dinh_thi_diem_dao_tao_lien_truong_cap_nhat.signed.pdf (0.74 MB)
2025-10-30 13:32:52,324 [INFO] Saved Markdown [daa/quydinh_huongdan/quyche-dhqg-hcm]: daa.uit.edu.vn_quy-che-quy-dinh-dao-tao-dai-hoc-cua-dhqg-hcm.md
2025-10-30 13:32:52,335 [INFO] Found 5 potential numbered items in https://daa.uit.edu.vn/quy-che-quy-dinh-dao-tao-dai-hoc-cua-dhqg-hcm?page=1
2025-10-30 13:32:52,335 [INFO] Cached numbered doc: https://daa.uit.edu.vn/35-quy-trinh-cong-nhan-tin-chi-trong-dao-tao-dai-hoc-cua-truong-dai-hoc-cong-nghe-thong-tin -> 35. Quy trình công nhận tín chỉ trong đào tạo đại học của Trường Đại học Công nghệ Thông tin
2025-10-30 13:32:52,335 [INFO] Cached numbered doc: https://daa.uit.edu.vn/34-quy-trinh-chuyen-sinh-vien-tu-hinh-thuc-dao-tao-chinh-quy-sang-hinh-thuc-dao-tao-tu-xa -> 34. Quy trình chuyển sinh viên từ hình thức đào tạo chính quy sang hình thức đào tạo từ xa
2025-10-30 13:32:52,335 [INFO] Cached numbered doc: https://daa.uit.edu.vn/33-quy-che-tuyen-sinh-hinh-thuc-dao-tao-tu-xa-trinh-do-dai-hoc -> 33. Quy chế tuyển sinh hình thức đào tạo từ xa trình độ đại học
2025-10-30 13:32:52,336 [INFO] Cached numbered doc: https://daa.uit.edu.vn/32-quy-trinh-canh-bao-sinh-vien-he-dai-hoc-chinh-quy-ve-ket-qua-dang-ky-hoc-phan-va-ket-qua-hoc-tap -> 32. Quy trình cảnh báo sinh viên hệ đại học chính quy về kết quả đăng ký học phần và kết quả học tập
2025-10-30 13:32:52,336 [INFO] Cached numbered doc: https://daa.uit.edu.vn/31-quy-che-tuyen-sinh-dai-hoc-chinh-quy -> 31. Quy chế tuyển sinh đại học chính quy
2025-10-30 13:32:52,336 [INFO] Successfully cached 5 numbered docs from https://daa.uit.edu.vn/quy-che-quy-dinh-dao-tao-dai-hoc-cua-dhqg-hcm?page=1
2025-10-30 13:32:52,354 [INFO] Saved HTML [daa/quydinh_huongdan/quyche-dhqg-hcm]: daa.uit.edu.vn_quy-che-quy-dinh-dao-tao-dai-hoc-cua-dhqg-hcm?page=1.html
2025-10-30 13:32:52,414 [INFO] Saved Markdown [daa/quydinh_huongdan/quyche-dhqg-hcm]: daa.uit.edu.vn_quy-che-quy-dinh-dao-tao-dai-hoc-cua-dhqg-hcm?page=1.md
2025-10-30 13:32:52,417 [INFO] Found 4 potential numbered items in https://daa.uit.edu.vn/quy-che-quy-dinh-dao-tao-dai-hoc-cua-dhqg-hcm?page=2
2025-10-30 13:32:52,417 [INFO] Cached numbered doc: https://daa.uit.edu.vn/30-huong-dan-chuyen-doi-he-thong-tin-chi-sang-he-thong-tich-luy-va-chuyen-doi-tin-chi-cua-chau-au -> 30. Hướng dẫn chuyển đổi hệ thống tín chỉ sang Hệ thống tích lũy và chuyển đổi tín chỉ của Châu Âu
2025-10-30 13:32:52,417 [INFO] Cached numbered doc: https://daa.uit.edu.vn/29-quy-dinh-ve-do-tot-nghiep-tai-doanh-nghiep -> 29. Quy định về đồ án tốt nghiệp tại doanh nghiệp
2025-10-30 13:32:52,417 [INFO] Cached numbered doc: https://daa.uit.edu.vn/28-quy-dinh-dao-tao-song-nganh-trinh-do-dai-hoc-he-chinh-quy -> 28. Quy định đào tạo song ngành trình độ đại học hệ chính quy
2025-10-30 13:32:52,418 [INFO] Cached numbered doc: https://daa.uit.edu.vn/27-huong-dan-dang-ky-hoc-phan-cho-sinh-vien -> 27. Hướng dẫn đăng ký học phần cho sinh viên
2025-10-30 13:32:52,418 [INFO] Successfully cached 4 numbered docs from https://daa.uit.edu.vn/quy-che-quy-dinh-dao-tao-dai-hoc-cua-dhqg-hcm?page=2
2025-10-30 13:32:52,433 [INFO] Saved HTML [daa/quydinh_huongdan/quyche-dhqg-hcm]: daa.uit.edu.vn_quy-che-quy-dinh-dao-tao-dai-hoc-cua-dhqg-hcm?page=2.html
2025-10-30 13:32:52,496 [INFO] Saved Markdown [daa/quydinh_huongdan/quyche-dhqg-hcm]: daa.uit.edu.vn_quy-che-quy-dinh-dao-tao-dai-hoc-cua-dhqg-hcm?page=2.md
2025-10-30 13:32:52,499 [INFO] Found 4 potential numbered items in https://daa.uit.edu.vn/quy-che-quy-dinh-dao-tao-dai-hoc-cua-dhqg-hcm?page=3
2025-10-30 13:32:52,499 [INFO] Cached numbered doc: https://daa.uit.edu.vn/thongbao/26-quy-dinh-moi-giang-vien-thinh-giang-tu-doanh-nghiep -> 26. Quy định mời giảng viên thỉnh giảng từ doanh nghiệp
2025-10-30 13:32:52,500 [INFO] Cached numbered doc: https://daa.uit.edu.vn/thongbao/25-quy-dinh-chuc-danh-gia-ket-qua-hoc-tap-theo-hinh-thuc-truc-tuyen -> 25. Quy định tổ chức đánh giá kết quả học tập theo hình thức trực tuyến
2025-10-30 13:32:52,500 [INFO] Cached numbered doc: https://daa.uit.edu.vn/thongbao/24-quyet-dinh-ve-viec-ban-hanh-quy-dinh-day-va-hoc-theo-phuong-thuc-truc-tuyen-va-phuong -> 24. Quyết định về việc ban hành quy định dạy và học theo phương thức trực tuyến và phương thức kết hợp
2025-10-30 13:32:52,501 [INFO] Cached numbered doc: https://daa.uit.edu.vn/thongbao/23-quy-dinh-tam-thoi-ve-dao-tao-lien-thong-tu-trinh-do-dai-hoc-len-trinh-do-thac-si-he -> 23. Quy định tạm thời về đào tạo liên thông từ trình độ đại học lên trình độ thạc sĩ hệ chính quy
2025-10-30 13:32:52,501 [INFO] Successfully cached 4 numbered docs from https://daa.uit.edu.vn/quy-che-quy-dinh-dao-tao-dai-hoc-cua-dhqg-hcm?page=3
2025-10-30 13:32:52,524 [INFO] Saved HTML [daa/quydinh_huongdan/quyche-dhqg-hcm]: daa.uit.edu.vn_quy-che-quy-dinh-dao-tao-dai-hoc-cua-dhqg-hcm?page=3.html
2025-10-30 13:32:52,596 [INFO] Saved Markdown [daa/quydinh_huongdan/quyche-dhqg-hcm]: daa.uit.edu.vn_quy-che-quy-dinh-dao-tao-dai-hoc-cua-dhqg-hcm?page=3.md
2025-10-30 13:32:52,599 [INFO] Found 4 potential numbered items in https://daa.uit.edu.vn/quy-che-quy-dinh-dao-tao-dai-hoc-cua-dhqg-hcm?page=4
2025-10-30 13:32:52,599 [INFO] Cached numbered doc: https://daa.uit.edu.vn/thongbao/22-quy-dinh-ve-viec-chuc-day-hoc-ngoai-gio-hanh-chinh-doi-voi-cac-hoc-phan-trong-chuong -> 22. Quy định về việc tổ chức dạy – học ngoài giờ hành chính đối với các học phần trong chương trình đào tạo đại học chính quy
2025-10-30 13:32:52,599 [INFO] Cached numbered doc: https://daa.uit.edu.vn/thongbao/21-huong-dan-thang-phan-loai-nhan-thuc-ky-nang-thai-do-su-dung-tai-truong-dai-hoc-cong-nghe -> 21. Hướng dẫn Thang phân loại nhận thức, kỹ năng, thái độ sử dụng tại Trường Đại học Công nghệ Thông tin
2025-10-30 13:32:52,600 [INFO] Cached numbered doc: https://daa.uit.edu.vn/thongbao/20-quy-dinh-chuong-trinh-tien-tien -> 20. Quy định chương trình tiên tiến
2025-10-30 13:32:52,600 [INFO] Cached numbered doc: https://daa.uit.edu.vn/thongbao/19-quy-trinh-nop-khoa-luan-tot-nghiep-sau-khi-bao-ve-truoc-hoi-dong-bao-ve-khoa-luan-tot -> 19. Quy trình nộp khoá luận tốt nghiệp sau khi bảo vệ trước Hội đồng bảo vệ khoá luận tốt nghiệp
2025-10-30 13:32:52,601 [INFO] Successfully cached 4 numbered docs from https://daa.uit.edu.vn/quy-che-quy-dinh-dao-tao-dai-hoc-cua-dhqg-hcm?page=4
2025-10-30 13:32:52,620 [INFO] Saved HTML [daa/quydinh_huongdan/quyche-dhqg-hcm]: daa.uit.edu.vn_quy-che-quy-dinh-dao-tao-dai-hoc-cua-dhqg-hcm?page=4.html
2025-10-30 13:32:52,689 [INFO] Saved Markdown [daa/quydinh_huongdan/quyche-dhqg-hcm]: daa.uit.edu.vn_quy-che-quy-dinh-dao-tao-dai-hoc-cua-dhqg-hcm?page=4.md
2025-10-30 13:32:52,693 [INFO] Found 5 potential numbered items in https://daa.uit.edu.vn/quy-che-quy-dinh-dao-tao-dai-hoc-cua-dhqg-hcm?page=5
2025-10-30 13:32:52,693 [INFO] Cached numbered doc: https://daa.uit.edu.vn/thongbao/18-quy-trinh-phan-cong-can-bo-coi-thi-cho-cac-dot-thi-tap-trung-he-dai-hoc-chinh-quy -> 18. Quy trình phân công cán bộ coi thi cho các đợt thi tập trung hệ đại học chính quy
2025-10-30 13:32:52,694 [INFO] Cached numbered doc: https://daa.uit.edu.vn/thongbao/17-quy-dinh-ve-chinh-sach-ho-tro-cong-bo-khoa-hoc -> 17. Quy định về chính sách hỗ trợ công bố khoa học
2025-10-30 13:32:52,694 [INFO] Cached numbered doc: https://daa.uit.edu.vn/thongbao/16-thoi-diem-va-muc-thu-hoc-phi-gia-han-doi-voi-sinh-vien-he-dai-hoc-chinh-quy -> 16. Thời điểm và mức thu học phí gia hạn đối với sinh viên hệ đại học chính quy
2025-10-30 13:32:52,694 [INFO] Cached numbered doc: https://daa.uit.edu.vn/15-qui-dinh-ve-giang-vien-giang-vien-va-tro-giang-mon-hoc -> 15. Qui định về giảng viên giảng viên và trợ giảng môn học
2025-10-30 13:32:52,695 [INFO] Cached numbered doc: https://daa.uit.edu.vn/thongbao/14-qui-dinh-cach-dat-ma-mon-hoc -> 14. Qui định cách đặt mã môn học
2025-10-30 13:32:52,695 [INFO] Successfully cached 5 numbered docs from https://daa.uit.edu.vn/quy-che-quy-dinh-dao-tao-dai-hoc-cua-dhqg-hcm?page=5
2025-10-30 13:32:52,715 [INFO] Saved HTML [daa/quydinh_huongdan/quyche-dhqg-hcm]: daa.uit.edu.vn_quy-che-quy-dinh-dao-tao-dai-hoc-cua-dhqg-hcm?page=5.html
2025-10-30 13:32:52,779 [INFO] Saved Markdown [daa/quydinh_huongdan/quyche-dhqg-hcm]: daa.uit.edu.vn_quy-che-quy-dinh-dao-tao-dai-hoc-cua-dhqg-hcm?page=5.md
2025-10-30 13:32:52,783 [INFO] Found 5 potential numbered items in https://daa.uit.edu.vn/quy-che-quy-dinh-dao-tao-dai-hoc-cua-dhqg-hcm?page=6
2025-10-30 13:32:52,783 [INFO] Cached numbered doc: https://daa.uit.edu.vn/thongbao/12-quyet-dinh-ve-viec-ban-hanh-quy-dinh-ve-dao-tao-chuong-trinh-chat-luong-cao -> 12. Quyết định về việc ban hành Quy định về đào tạo chương trình Chất lượng cao
2025-10-30 13:32:52,783 [INFO] Cached numbered doc: https://daa.uit.edu.vn/thongbao/11-quyet-dinh-ve-viec-ban-hanh-quy-dinh-ve-viec-mo-nganh-dao-tao -> 11. Quyết định về việc ban hành Quy định về việc mở ngành đào tạo
2025-10-30 13:32:52,784 [INFO] Cached numbered doc: https://daa.uit.edu.vn/thongbao/10-quyet-dinh-ve-viec-ban-hanh-quy-trinh-danh-gia-cap-nhat-ctdt-trinh-do-dhsdh -> 10. Quyết định về việc ban hành Quy trình đánh giá, cập nhật CTĐT trình độ ĐHSĐH
2025-10-30 13:32:52,784 [INFO] Cached numbered doc: https://daa.uit.edu.vn/09-quyet-dinh-ve-viec-ban-hanh-quy-che-dao-tao-cho-sinh-vien-he-dao-tao-tu-xa-trinh-do-dai-hoc -> 09. Quyết định về việc ban hành Quy chế đào tạo cho sinh viên hệ đào tạo từ xa trình độ đại học
2025-10-30 13:32:52,784 [INFO] Cached numbered doc: https://daa.uit.edu.vn/thongbao/08-quyet-dinh-ve-viec-ban-hanh-quy-trinh-bao-nghi-day-day-bu -> 08. Quyết định về việc ban hành Quy trình báo nghỉ dạy, dạy bù
2025-10-30 13:32:52,784 [INFO] Successfully cached 5 numbered docs from https://daa.uit.edu.vn/quy-che-quy-dinh-dao-tao-dai-hoc-cua-dhqg-hcm?page=6
2025-10-30 13:32:52,803 [INFO] Saved HTML [daa/quydinh_huongdan/quyche-dhqg-hcm]: daa.uit.edu.vn_quy-che-quy-dinh-dao-tao-dai-hoc-cua-dhqg-hcm?page=6.html
2025-10-30 13:32:52,864 [INFO] Saved Markdown [daa/quydinh_huongdan/quyche-dhqg-hcm]: daa.uit.edu.vn_quy-che-quy-dinh-dao-tao-dai-hoc-cua-dhqg-hcm?page=6.md
2025-10-30 13:32:52,867 [INFO] Found 5 potential numbered items in https://daa.uit.edu.vn/quy-che-quy-dinh-dao-tao-dai-hoc-cua-dhqg-hcm?page=7
2025-10-30 13:32:52,867 [INFO] Cached numbered doc: https://daa.uit.edu.vn/07-quyet-dinh-ve-viec-ban-hanh-quy-dinh-chuc-thi-tap-trung-cac-mon-hoc-he-dhcq -> 07. Quyết định về việc ban hành Quy định tổ chức thi tập trung các môn học hệ ĐHCQ
2025-10-30 13:32:52,868 [INFO] Cached numbered doc: https://daa.uit.edu.vn/06-quyet-dinh-ve-viec-ban-hanh-quy-dinh-ve-khoa-luan-tot-nghiep-cho-sv-he-cq -> 06. Quyết định về việc ban hành Quy định về khóa luận tốt nghiệp cho SV hệ CQ
2025-10-30 13:32:52,868 [INFO] Cached numbered doc: https://daa.uit.edu.vn/05-quy-dinh-dao-tao-ngoai-ngu-doi-voi-he-dai-hoc-chinh-quy-cua-truong-dhcntt -> 05. Quy định đào tạo ngoại ngữ đối với hệ đại học chính quy của Trường ĐHCNTT
2025-10-30 13:32:52,868 [INFO] Cached numbered doc: https://daa.uit.edu.vn/thongbao/04-quyet-dinh-ve-viec-ban-hanh-quy-dinh-ve-he-tai-nang -> 04. Quyết định về việc ban hành Quy định về hệ tài năng
2025-10-30 13:32:52,868 [INFO] Cached numbered doc: https://daa.uit.edu.vn/03-quyet-dinh-ve-viec-ban-hanh-quy-che-van-bang-chung-chi -> 03. Quyết định về việc ban hành Quy chế văn bằng chứng chỉ
2025-10-30 13:32:52,869 [INFO] Successfully cached 5 numbered docs from https://daa.uit.edu.vn/quy-che-quy-dinh-dao-tao-dai-hoc-cua-dhqg-hcm?page=7
2025-10-30 13:32:52,886 [INFO] Saved HTML [daa/quydinh_huongdan/quyche-dhqg-hcm]: daa.uit.edu.vn_quy-che-quy-dinh-dao-tao-dai-hoc-cua-dhqg-hcm?page=7.html
2025-10-30 13:32:52,943 [INFO] Saved Markdown [daa/quydinh_huongdan/quyche-dhqg-hcm]: daa.uit.edu.vn_quy-che-quy-dinh-dao-tao-dai-hoc-cua-dhqg-hcm?page=7.md
2025-10-30 13:32:52,946 [INFO] Found 2 potential numbered items in https://daa.uit.edu.vn/quy-che-quy-dinh-dao-tao-dai-hoc-cua-dhqg-hcm?page=8
2025-10-30 13:32:52,946 [INFO] Cached numbered doc: https://daa.uit.edu.vn/thongbao/02-quyet-dinh-ve-viec-ban-hanh-qui-dinh-ve-cong-tac-giao-trinh -> 02. Quyết định về việc ban hành Qui định về công tác giáo trình
2025-10-30 13:32:52,946 [INFO] Cached numbered doc: https://daa.uit.edu.vn/01-quyet-dinh-ve-viec-ban-hanh-quy-che-dao-tao-theo-hoc-che-tin-chi -> 01. Quyết định về việc ban hành Quy chế đào tạo theo học chế tín chỉ
2025-10-30 13:32:52,946 [INFO] Successfully cached 2 numbered docs from https://daa.uit.edu.vn/quy-che-quy-dinh-dao-tao-dai-hoc-cua-dhqg-hcm?page=8
2025-10-30 13:32:52,962 [INFO] Saved HTML [daa/quydinh_huongdan/quyche-dhqg-hcm]: daa.uit.edu.vn_quy-che-quy-dinh-dao-tao-dai-hoc-cua-dhqg-hcm?page=8.html
2025-10-30 13:32:53,020 [INFO] Saved Markdown [daa/quydinh_huongdan/quyche-dhqg-hcm]: daa.uit.edu.vn_quy-che-quy-dinh-dao-tao-dai-hoc-cua-dhqg-hcm?page=8.md
2025-10-30 13:32:53,023 [INFO] Saved 9/9 pages, skipped 0 (cached) from https://daa.uit.edu.vn/quy-che-quy-dinh-dao-tao-dai-hoc-cua-dhqg-hcm
2025-10-30 13:32:53,024 [INFO] Found 38 new numbered detail pages to crawl from https://daa.uit.edu.vn/quy-che-quy-dinh-dao-tao-dai-hoc-cua-dhqg-hcm
2025-10-30 13:32:53,024 [INFO] Crawling numbered detail: https://daa.uit.edu.vn/39quy-dinh-ve-liem-chinh-hoc-thuat-tai-truong-dai-hoc-cong-nghe-thong-tin
2025-10-30 13:33:33,248 [INFO] Using cached numbered doc: 39-quy-dinh-ve-liem-chinh-hoc-thuat-tai-truong-dai-hoc-cong-nghe-thong-tin in qui-che-qui-dinh-qui-trinh
2025-10-30 13:33:33,255 [INFO] Saved HTML [daa/quydinh_huongdan/qui-che-qui-dinh-qui-trinh/39-quy-dinh-ve-liem-chinh-hoc-thuat-tai-truong-dai-hoc-cong-nghe-thong-tin]: daa.uit.edu.vn_39quy-dinh-ve-liem-chinh-hoc-thuat-tai-truong-dai-hoc-cong-nghe-thong-tin.html
2025-10-30 13:33:33,263 [INFO] Saved Markdown [daa/quydinh_huongdan/qui-che-qui-dinh-qui-trinh/39-quy-dinh-ve-liem-chinh-hoc-thuat-tai-truong-dai-hoc-cong-nghe-thong-tin]: daa.uit.edu.vn_39quy-dinh-ve-liem-chinh-hoc-thuat-tai-truong-dai-hoc-cong-nghe-thong-tin.md
2025-10-30 13:33:33,266 [INFO] ✓ Saved numbered detail: https://daa.uit.edu.vn/39quy-dinh-ve-liem-chinh-hoc-thuat-tai-truong-dai-hoc-cong-nghe-thong-tin
2025-10-30 13:33:35,266 [INFO] Crawling numbered detail: https://daa.uit.edu.vn/38-quy-trinh-xu-ly-hoc-vu-sinh-vien-dai-hoc-chinh-quy
2025-10-30 13:34:19,620 [INFO] Using cached numbered doc: 38-quy-trinh-xu-ly-hoc-vu-sinh-vien-dai-hoc-chinh-quy in huong-dan-sinh-vien
2025-10-30 13:34:19,630 [INFO] Saved HTML [daa/quydinh_huongdan/huong-dan-sinh-vien/38-quy-trinh-xu-ly-hoc-vu-sinh-vien-dai-hoc-chinh-quy]: daa.uit.edu.vn_38-quy-trinh-xu-ly-hoc-vu-sinh-vien-dai-hoc-chinh-quy.html
2025-10-30 13:34:19,638 [INFO] Saved Markdown [daa/quydinh_huongdan/huong-dan-sinh-vien/38-quy-trinh-xu-ly-hoc-vu-sinh-vien-dai-hoc-chinh-quy]: daa.uit.edu.vn_38-quy-trinh-xu-ly-hoc-vu-sinh-vien-dai-hoc-chinh-quy.md
2025-10-30 13:34:19,642 [INFO] ✓ Saved numbered detail: https://daa.uit.edu.vn/38-quy-trinh-xu-ly-hoc-vu-sinh-vien-dai-hoc-chinh-quy
2025-10-30 13:34:21,641 [INFO] Crawling numbered detail: https://daa.uit.edu.vn/37-ban-hanh-quy-dinh-chuc-quan-ly-chuong-trinh-lien-ket-dao-tao-voi-nuoc-ngoai-trinh-do-dai-hoc-tai
2025-10-30 13:35:03,306 [INFO] Using cached numbered doc: 37-ban-hanh-quy-dinh-to-chuc-quan-ly-chuong-trinh-lien-ket-dao-tao-voi-nuoc-ngoai-trinh-do-dai-hoc-tai-truong-dhcntt in qui-che-qui-dinh-qui-trinh
2025-10-30 13:35:03,314 [INFO] Saved HTML [daa/quydinh_huongdan/qui-che-qui-dinh-qui-trinh/37-ban-hanh-quy-dinh-to-chuc-quan-ly-chuong-trinh-lien-ket-dao-tao-voi-nuoc-ngoai-trinh-do-dai-hoc-tai-truong-dhcntt]: daa.uit.edu.vn_37-ban-hanh-quy-dinh-chuc-quan-ly-chuong-trinh-lien-ket-dao-tao-voi-nuoc-ngoai-trinh-do-dai-hoc-tai.html
2025-10-30 13:35:03,321 [INFO] Saved Markdown [daa/quydinh_huongdan/qui-che-qui-dinh-qui-trinh/37-ban-hanh-quy-dinh-to-chuc-quan-ly-chuong-trinh-lien-ket-dao-tao-voi-nuoc-ngoai-trinh-do-dai-hoc-tai-truong-dhcntt]: daa.uit.edu.vn_37-ban-hanh-quy-dinh-chuc-quan-ly-chuong-trinh-lien-ket-dao-tao-voi-nuoc-ngoai-trinh-do-dai-hoc-tai.md
2025-10-30 13:35:03,324 [INFO] ✓ Saved numbered detail: https://daa.uit.edu.vn/37-ban-hanh-quy-dinh-chuc-quan-ly-chuong-trinh-lien-ket-dao-tao-voi-nuoc-ngoai-trinh-do-dai-hoc-tai
2025-10-30 13:35:05,324 [INFO] Crawling numbered detail: https://daa.uit.edu.vn/36-quy-dinh-ve-do-tot-nghiep
2025-10-30 13:35:49,686 [INFO] Using cached numbered doc: 36-quy-dinh-ve-do-an-tot-nghiep in huong-dan-sinh-vien
2025-10-30 13:35:49,692 [INFO] Saved HTML [daa/quydinh_huongdan/huong-dan-sinh-vien/36-quy-dinh-ve-do-an-tot-nghiep]: daa.uit.edu.vn_36-quy-dinh-ve-do-tot-nghiep.html
2025-10-30 13:35:49,697 [INFO] Saved Markdown [daa/quydinh_huongdan/huong-dan-sinh-vien/36-quy-dinh-ve-do-an-tot-nghiep]: daa.uit.edu.vn_36-quy-dinh-ve-do-tot-nghiep.md
2025-10-30 13:35:49,701 [INFO] ✓ Saved numbered detail: https://daa.uit.edu.vn/36-quy-dinh-ve-do-tot-nghiep
2025-10-30 13:35:51,700 [INFO] Crawling numbered detail: https://daa.uit.edu.vn/35-quy-trinh-cong-nhan-tin-chi-trong-dao-tao-dai-hoc-cua-truong-dai-hoc-cong-nghe-thong-tin
2025-10-30 13:36:33,915 [INFO] Using cached numbered doc: 35-quy-trinh-cong-nhan-tin-chi-trong-dao-tao-dai-hoc-cua-truong-dai-hoc-cong-nghe-thong-tin in qui-che-qui-dinh-qui-trinh
2025-10-30 13:36:33,924 [INFO] Saved HTML [daa/quydinh_huongdan/qui-che-qui-dinh-qui-trinh/35-quy-trinh-cong-nhan-tin-chi-trong-dao-tao-dai-hoc-cua-truong-dai-hoc-cong-nghe-thong-tin]: daa.uit.edu.vn_35-quy-trinh-cong-nhan-tin-chi-trong-dao-tao-dai-hoc-cua-truong-dai-hoc-cong-nghe-thong-tin.html
2025-10-30 13:36:33,932 [INFO] Saved Markdown [daa/quydinh_huongdan/qui-che-qui-dinh-qui-trinh/35-quy-trinh-cong-nhan-tin-chi-trong-dao-tao-dai-hoc-cua-truong-dai-hoc-cong-nghe-thong-tin]: daa.uit.edu.vn_35-quy-trinh-cong-nhan-tin-chi-trong-dao-tao-dai-hoc-cua-truong-dai-hoc-cong-nghe-thong-tin.md
2025-10-30 13:36:33,934 [INFO] ✓ Saved numbered detail: https://daa.uit.edu.vn/35-quy-trinh-cong-nhan-tin-chi-trong-dao-tao-dai-hoc-cua-truong-dai-hoc-cong-nghe-thong-tin
2025-10-30 13:36:35,934 [INFO] Crawling numbered detail: https://daa.uit.edu.vn/34-quy-trinh-chuyen-sinh-vien-tu-hinh-thuc-dao-tao-chinh-quy-sang-hinh-thuc-dao-tao-tu-xa
2025-10-30 13:37:18,169 [INFO] Using cached numbered doc: 34-quy-trinh-chuyen-sinh-vien-tu-hinh-thuc-dao-tao-chinh-quy-sang-hinh-thuc-dao-tao-tu-xa in qui-che-qui-dinh-qui-trinh
2025-10-30 13:37:18,175 [INFO] Saved HTML [daa/quydinh_huongdan/qui-che-qui-dinh-qui-trinh/34-quy-trinh-chuyen-sinh-vien-tu-hinh-thuc-dao-tao-chinh-quy-sang-hinh-thuc-dao-tao-tu-xa]: daa.uit.edu.vn_34-quy-trinh-chuyen-sinh-vien-tu-hinh-thuc-dao-tao-chinh-quy-sang-hinh-thuc-dao-tao-tu-xa.html
2025-10-30 13:37:18,182 [INFO] Saved Markdown [daa/quydinh_huongdan/qui-che-qui-dinh-qui-trinh/34-quy-trinh-chuyen-sinh-vien-tu-hinh-thuc-dao-tao-chinh-quy-sang-hinh-thuc-dao-tao-tu-xa]: daa.uit.edu.vn_34-quy-trinh-chuyen-sinh-vien-tu-hinh-thuc-dao-tao-chinh-quy-sang-hinh-thuc-dao-tao-tu-xa.md
2025-10-30 13:37:18,185 [INFO] ✓ Saved numbered detail: https://daa.uit.edu.vn/34-quy-trinh-chuyen-sinh-vien-tu-hinh-thuc-dao-tao-chinh-quy-sang-hinh-thuc-dao-tao-tu-xa
2025-10-30 13:37:20,185 [INFO] Crawling numbered detail: https://daa.uit.edu.vn/33-quy-che-tuyen-sinh-hinh-thuc-dao-tao-tu-xa-trinh-do-dai-hoc
2025-10-30 13:38:04,412 [INFO] Using cached numbered doc: 33-quy-che-tuyen-sinh-hinh-thuc-dao-tao-tu-xa-trinh-do-dai-hoc in qui-che-qui-dinh-qui-trinh
2025-10-30 13:38:04,421 [INFO] Saved HTML [daa/quydinh_huongdan/qui-che-qui-dinh-qui-trinh/33-quy-che-tuyen-sinh-hinh-thuc-dao-tao-tu-xa-trinh-do-dai-hoc]: daa.uit.edu.vn_33-quy-che-tuyen-sinh-hinh-thuc-dao-tao-tu-xa-trinh-do-dai-hoc.html
2025-10-30 13:38:04,427 [INFO] Saved Markdown [daa/quydinh_huongdan/qui-che-qui-dinh-qui-trinh/33-quy-che-tuyen-sinh-hinh-thuc-dao-tao-tu-xa-trinh-do-dai-hoc]: daa.uit.edu.vn_33-quy-che-tuyen-sinh-hinh-thuc-dao-tao-tu-xa-trinh-do-dai-hoc.md
2025-10-30 13:38:04,430 [INFO] ✓ Saved numbered detail: https://daa.uit.edu.vn/33-quy-che-tuyen-sinh-hinh-thuc-dao-tao-tu-xa-trinh-do-dai-hoc
2025-10-30 13:38:06,430 [INFO] Crawling numbered detail: https://daa.uit.edu.vn/32-quy-trinh-canh-bao-sinh-vien-he-dai-hoc-chinh-quy-ve-ket-qua-dang-ky-hoc-phan-va-ket-qua-hoc-tap
2025-10-30 13:38:48,640 [INFO] Using cached numbered doc: 32-quy-trinh-canh-bao-sinh-vien-he-dai-hoc-chinh-quy-ve-ket-qua-dang-ky-hoc-phan-va-ket-qua-hoc-tap in huong-dan-sinh-vien
2025-10-30 13:38:48,648 [INFO] Saved HTML [daa/quydinh_huongdan/huong-dan-sinh-vien/32-quy-trinh-canh-bao-sinh-vien-he-dai-hoc-chinh-quy-ve-ket-qua-dang-ky-hoc-phan-va-ket-qua-hoc-tap]: daa.uit.edu.vn_32-quy-trinh-canh-bao-sinh-vien-he-dai-hoc-chinh-quy-ve-ket-qua-dang-ky-hoc-phan-va-ket-qua-hoc-tap.html
2025-10-30 13:38:48,655 [INFO] Saved Markdown [daa/quydinh_huongdan/huong-dan-sinh-vien/32-quy-trinh-canh-bao-sinh-vien-he-dai-hoc-chinh-quy-ve-ket-qua-dang-ky-hoc-phan-va-ket-qua-hoc-tap]: daa.uit.edu.vn_32-quy-trinh-canh-bao-sinh-vien-he-dai-hoc-chinh-quy-ve-ket-qua-dang-ky-hoc-phan-va-ket-qua-hoc-tap.md
2025-10-30 13:38:48,658 [INFO] ✓ Saved numbered detail: https://daa.uit.edu.vn/32-quy-trinh-canh-bao-sinh-vien-he-dai-hoc-chinh-quy-ve-ket-qua-dang-ky-hoc-phan-va-ket-qua-hoc-tap
2025-10-30 13:38:50,659 [INFO] Crawling numbered detail: https://daa.uit.edu.vn/31-quy-che-tuyen-sinh-dai-hoc-chinh-quy
2025-10-30 13:39:34,908 [INFO] Using cached numbered doc: 31-quy-che-tuyen-sinh-dai-hoc-chinh-quy in qui-che-qui-dinh-qui-trinh
2025-10-30 13:39:34,915 [INFO] Saved HTML [daa/quydinh_huongdan/qui-che-qui-dinh-qui-trinh/31-quy-che-tuyen-sinh-dai-hoc-chinh-quy]: daa.uit.edu.vn_31-quy-che-tuyen-sinh-dai-hoc-chinh-quy.html
2025-10-30 13:39:34,921 [INFO] Saved Markdown [daa/quydinh_huongdan/qui-che-qui-dinh-qui-trinh/31-quy-che-tuyen-sinh-dai-hoc-chinh-quy]: daa.uit.edu.vn_31-quy-che-tuyen-sinh-dai-hoc-chinh-quy.md
2025-10-30 13:39:34,924 [INFO] ✓ Saved numbered detail: https://daa.uit.edu.vn/31-quy-che-tuyen-sinh-dai-hoc-chinh-quy
2025-10-30 13:39:36,925 [INFO] Crawling numbered detail: https://daa.uit.edu.vn/30-huong-dan-chuyen-doi-he-thong-tin-chi-sang-he-thong-tich-luy-va-chuyen-doi-tin-chi-cua-chau-au
2025-10-30 13:40:19,158 [INFO] Using cached numbered doc: 30-huong-dan-chuyen-doi-he-thong-tin-chi-sang-he-thong-tich-luy-va-chuyen-doi-tin-chi-cua-chau-au in qui-che-qui-dinh-qui-trinh
2025-10-30 13:40:19,166 [INFO] Saved HTML [daa/quydinh_huongdan/qui-che-qui-dinh-qui-trinh/30-huong-dan-chuyen-doi-he-thong-tin-chi-sang-he-thong-tich-luy-va-chuyen-doi-tin-chi-cua-chau-au]: daa.uit.edu.vn_30-huong-dan-chuyen-doi-he-thong-tin-chi-sang-he-thong-tich-luy-va-chuyen-doi-tin-chi-cua-chau-au.html
2025-10-30 13:40:19,174 [INFO] Saved Markdown [daa/quydinh_huongdan/qui-che-qui-dinh-qui-trinh/30-huong-dan-chuyen-doi-he-thong-tin-chi-sang-he-thong-tich-luy-va-chuyen-doi-tin-chi-cua-chau-au]: daa.uit.edu.vn_30-huong-dan-chuyen-doi-he-thong-tin-chi-sang-he-thong-tich-luy-va-chuyen-doi-tin-chi-cua-chau-au.md
2025-10-30 13:40:19,179 [INFO] ✓ Saved numbered detail: https://daa.uit.edu.vn/30-huong-dan-chuyen-doi-he-thong-tin-chi-sang-he-thong-tich-luy-va-chuyen-doi-tin-chi-cua-chau-au
2025-10-30 13:40:21,178 [INFO] Crawling numbered detail: https://daa.uit.edu.vn/29-quy-dinh-ve-do-tot-nghiep-tai-doanh-nghiep
2025-10-30 13:41:03,384 [INFO] Using cached numbered doc: 29-quy-dinh-ve-do-an-tot-nghiep-tai-doanh-nghiep in huong-dan-sinh-vien
2025-10-30 13:41:03,392 [INFO] Saved HTML [daa/quydinh_huongdan/huong-dan-sinh-vien/29-quy-dinh-ve-do-an-tot-nghiep-tai-doanh-nghiep]: daa.uit.edu.vn_29-quy-dinh-ve-do-tot-nghiep-tai-doanh-nghiep.html
2025-10-30 13:41:03,399 [INFO] Saved Markdown [daa/quydinh_huongdan/huong-dan-sinh-vien/29-quy-dinh-ve-do-an-tot-nghiep-tai-doanh-nghiep]: daa.uit.edu.vn_29-quy-dinh-ve-do-tot-nghiep-tai-doanh-nghiep.md
2025-10-30 13:41:03,402 [INFO] ✓ Saved numbered detail: https://daa.uit.edu.vn/29-quy-dinh-ve-do-tot-nghiep-tai-doanh-nghiep
2025-10-30 13:41:05,402 [INFO] Crawling numbered detail: https://daa.uit.edu.vn/28-quy-dinh-dao-tao-song-nganh-trinh-do-dai-hoc-he-chinh-quy
2025-10-30 13:41:49,706 [INFO] Using cached numbered doc: 28-quy-dinh-dao-tao-song-nganh-trinh-do-dai-hoc-he-chinh-quy in qui-che-qui-dinh-qui-trinh
2025-10-30 13:41:49,713 [INFO] Saved HTML [daa/quydinh_huongdan/qui-che-qui-dinh-qui-trinh/28-quy-dinh-dao-tao-song-nganh-trinh-do-dai-hoc-he-chinh-quy]: daa.uit.edu.vn_28-quy-dinh-dao-tao-song-nganh-trinh-do-dai-hoc-he-chinh-quy.html
2025-10-30 13:41:49,720 [INFO] Saved Markdown [daa/quydinh_huongdan/qui-che-qui-dinh-qui-trinh/28-quy-dinh-dao-tao-song-nganh-trinh-do-dai-hoc-he-chinh-quy]: daa.uit.edu.vn_28-quy-dinh-dao-tao-song-nganh-trinh-do-dai-hoc-he-chinh-quy.md
2025-10-30 13:41:49,723 [INFO] ✓ Saved numbered detail: https://daa.uit.edu.vn/28-quy-dinh-dao-tao-song-nganh-trinh-do-dai-hoc-he-chinh-quy
2025-10-30 13:41:51,722 [INFO] Crawling numbered detail: https://daa.uit.edu.vn/27-huong-dan-dang-ky-hoc-phan-cho-sinh-vien
2025-10-30 13:42:33,969 [INFO] Using cached numbered doc: 27-huong-dan-dang-ky-hoc-phan-cho-sinh-vien in huong-dan-sinh-vien
2025-10-30 13:42:33,981 [INFO] Saved HTML [daa/quydinh_huongdan/huong-dan-sinh-vien/27-huong-dan-dang-ky-hoc-phan-cho-sinh-vien]: daa.uit.edu.vn_27-huong-dan-dang-ky-hoc-phan-cho-sinh-vien.html
2025-10-30 13:42:33,989 [INFO] Saved Markdown [daa/quydinh_huongdan/huong-dan-sinh-vien/27-huong-dan-dang-ky-hoc-phan-cho-sinh-vien]: daa.uit.edu.vn_27-huong-dan-dang-ky-hoc-phan-cho-sinh-vien.md
2025-10-30 13:42:33,995 [INFO] ✓ Saved numbered detail: https://daa.uit.edu.vn/27-huong-dan-dang-ky-hoc-phan-cho-sinh-vien
2025-10-30 13:42:35,995 [INFO] Crawling numbered detail: https://daa.uit.edu.vn/thongbao/26-quy-dinh-moi-giang-vien-thinh-giang-tu-doanh-nghiep
2025-10-30 13:43:20,211 [INFO] Using cached numbered doc: 26-quy-dinh-moi-giang-vien-thinh-giang-tu-doanh-nghiep in qui-che-qui-dinh-qui-trinh
2025-10-30 13:43:20,219 [INFO] Saved HTML [daa/quydinh_huongdan/qui-che-qui-dinh-qui-trinh/26-quy-dinh-moi-giang-vien-thinh-giang-tu-doanh-nghiep]: daa.uit.edu.vn_thongbao_26-quy-dinh-moi-giang-vien-thinh-giang-tu-doanh-nghiep.html
2025-10-30 13:43:20,227 [INFO] Saved Markdown [daa/quydinh_huongdan/qui-che-qui-dinh-qui-trinh/26-quy-dinh-moi-giang-vien-thinh-giang-tu-doanh-nghiep]: daa.uit.edu.vn_thongbao_26-quy-dinh-moi-giang-vien-thinh-giang-tu-doanh-nghiep.md
2025-10-30 13:43:20,231 [INFO] ✓ Saved numbered detail: https://daa.uit.edu.vn/thongbao/26-quy-dinh-moi-giang-vien-thinh-giang-tu-doanh-nghiep
2025-10-30 13:43:22,229 [INFO] Crawling numbered detail: https://daa.uit.edu.vn/thongbao/25-quy-dinh-chuc-danh-gia-ket-qua-hoc-tap-theo-hinh-thuc-truc-tuyen
2025-10-30 13:44:04,448 [INFO] Using cached numbered doc: 25-quy-dinh-to-chuc-danh-gia-ket-qua-hoc-tap-theo-hinh-thuc-truc-tuyen in qui-che-qui-dinh-qui-trinh
2025-10-30 13:44:04,456 [INFO] Saved HTML [daa/quydinh_huongdan/qui-che-qui-dinh-qui-trinh/25-quy-dinh-to-chuc-danh-gia-ket-qua-hoc-tap-theo-hinh-thuc-truc-tuyen]: daa.uit.edu.vn_thongbao_25-quy-dinh-chuc-danh-gia-ket-qua-hoc-tap-theo-hinh-thuc-truc-tuyen.html
2025-10-30 13:44:04,467 [INFO] Saved Markdown [daa/quydinh_huongdan/qui-che-qui-dinh-qui-trinh/25-quy-dinh-to-chuc-danh-gia-ket-qua-hoc-tap-theo-hinh-thuc-truc-tuyen]: daa.uit.edu.vn_thongbao_25-quy-dinh-chuc-danh-gia-ket-qua-hoc-tap-theo-hinh-thuc-truc-tuyen.md
2025-10-30 13:44:04,471 [INFO] ✓ Saved numbered detail: https://daa.uit.edu.vn/thongbao/25-quy-dinh-chuc-danh-gia-ket-qua-hoc-tap-theo-hinh-thuc-truc-tuyen
2025-10-30 13:44:06,472 [INFO] Crawling numbered detail: https://daa.uit.edu.vn/thongbao/24-quyet-dinh-ve-viec-ban-hanh-quy-dinh-day-va-hoc-theo-phuong-thuc-truc-tuyen-va-phuong
2025-10-30 13:44:48,781 [INFO] Using cached numbered doc: 24-quyet-dinh-ve-viec-ban-hanh-quy-dinh-day-va-hoc-theo-phuong-thuc-truc-tuyen-va-phuong-thuc-ket-hop in qui-che-qui-dinh-qui-trinh
2025-10-30 13:44:48,790 [INFO] Saved HTML [daa/quydinh_huongdan/qui-che-qui-dinh-qui-trinh/24-quyet-dinh-ve-viec-ban-hanh-quy-dinh-day-va-hoc-theo-phuong-thuc-truc-tuyen-va-phuong-thuc-ket-hop]: daa.uit.edu.vn_thongbao_24-quyet-dinh-ve-viec-ban-hanh-quy-dinh-day-va-hoc-theo-phuong-thuc-truc-tuyen-va-phuong.html
2025-10-30 13:44:48,796 [INFO] Saved Markdown [daa/quydinh_huongdan/qui-che-qui-dinh-qui-trinh/24-quyet-dinh-ve-viec-ban-hanh-quy-dinh-day-va-hoc-theo-phuong-thuc-truc-tuyen-va-phuong-thuc-ket-hop]: daa.uit.edu.vn_thongbao_24-quyet-dinh-ve-viec-ban-hanh-quy-dinh-day-va-hoc-theo-phuong-thuc-truc-tuyen-va-phuong.md
2025-10-30 13:44:48,800 [INFO] ✓ Saved numbered detail: https://daa.uit.edu.vn/thongbao/24-quyet-dinh-ve-viec-ban-hanh-quy-dinh-day-va-hoc-theo-phuong-thuc-truc-tuyen-va-phuong
2025-10-30 13:44:50,798 [INFO] Crawling numbered detail: https://daa.uit.edu.vn/thongbao/23-quy-dinh-tam-thoi-ve-dao-tao-lien-thong-tu-trinh-do-dai-hoc-len-trinh-do-thac-si-he
2025-10-30 13:45:35,103 [INFO] Using cached numbered doc: 23-quy-dinh-tam-thoi-ve-dao-tao-lien-thong-tu-trinh-do-dai-hoc-len-trinh-do-thac-si-he-chinh-quy in qui-che-qui-dinh-qui-trinh
2025-10-30 13:45:35,112 [INFO] Saved HTML [daa/quydinh_huongdan/qui-che-qui-dinh-qui-trinh/23-quy-dinh-tam-thoi-ve-dao-tao-lien-thong-tu-trinh-do-dai-hoc-len-trinh-do-thac-si-he-chinh-quy]: daa.uit.edu.vn_thongbao_23-quy-dinh-tam-thoi-ve-dao-tao-lien-thong-tu-trinh-do-dai-hoc-len-trinh-do-thac-si-he.html
2025-10-30 13:45:35,120 [INFO] Saved Markdown [daa/quydinh_huongdan/qui-che-qui-dinh-qui-trinh/23-quy-dinh-tam-thoi-ve-dao-tao-lien-thong-tu-trinh-do-dai-hoc-len-trinh-do-thac-si-he-chinh-quy]: daa.uit.edu.vn_thongbao_23-quy-dinh-tam-thoi-ve-dao-tao-lien-thong-tu-trinh-do-dai-hoc-len-trinh-do-thac-si-he.md
2025-10-30 13:45:35,123 [INFO] ✓ Saved numbered detail: https://daa.uit.edu.vn/thongbao/23-quy-dinh-tam-thoi-ve-dao-tao-lien-thong-tu-trinh-do-dai-hoc-len-trinh-do-thac-si-he
2025-10-30 13:45:37,124 [INFO] Crawling numbered detail: https://daa.uit.edu.vn/thongbao/22-quy-dinh-ve-viec-chuc-day-hoc-ngoai-gio-hanh-chinh-doi-voi-cac-hoc-phan-trong-chuong
2025-10-30 13:46:19,389 [INFO] Using cached numbered doc: 22-quy-dinh-ve-viec-to-chuc-day-hoc-ngoai-gio-hanh-chinh-doi-voi-cac-hoc-phan-trong-chuong-trinh-dao-tao-dai-hoc-chinh-quy in qui-che-qui-dinh-qui-trinh
2025-10-30 13:46:19,397 [INFO] Saved HTML [daa/quydinh_huongdan/qui-che-qui-dinh-qui-trinh/22-quy-dinh-ve-viec-to-chuc-day-hoc-ngoai-gio-hanh-chinh-doi-voi-cac-hoc-phan-trong-chuong-trinh-dao-tao-dai-hoc-chinh-quy]: daa.uit.edu.vn_thongbao_22-quy-dinh-ve-viec-chuc-day-hoc-ngoai-gio-hanh-chinh-doi-voi-cac-hoc-phan-trong-chuong.html
2025-10-30 13:46:19,404 [INFO] Saved Markdown [daa/quydinh_huongdan/qui-che-qui-dinh-qui-trinh/22-quy-dinh-ve-viec-to-chuc-day-hoc-ngoai-gio-hanh-chinh-doi-voi-cac-hoc-phan-trong-chuong-trinh-dao-tao-dai-hoc-chinh-quy]: daa.uit.edu.vn_thongbao_22-quy-dinh-ve-viec-chuc-day-hoc-ngoai-gio-hanh-chinh-doi-voi-cac-hoc-phan-trong-chuong.md
2025-10-30 13:46:19,407 [INFO] ✓ Saved numbered detail: https://daa.uit.edu.vn/thongbao/22-quy-dinh-ve-viec-chuc-day-hoc-ngoai-gio-hanh-chinh-doi-voi-cac-hoc-phan-trong-chuong
2025-10-30 13:46:21,407 [INFO] Crawling numbered detail: https://daa.uit.edu.vn/thongbao/21-huong-dan-thang-phan-loai-nhan-thuc-ky-nang-thai-do-su-dung-tai-truong-dai-hoc-cong-nghe
2025-10-30 13:47:05,675 [INFO] Using cached numbered doc: 21-huong-dan-thang-phan-loai-nhan-thuc-ky-nang-thai-do-su-dung-tai-truong-dai-hoc-cong-nghe-thong-tin in qui-che-qui-dinh-qui-trinh
2025-10-30 13:47:05,687 [INFO] Saved HTML [daa/quydinh_huongdan/qui-che-qui-dinh-qui-trinh/21-huong-dan-thang-phan-loai-nhan-thuc-ky-nang-thai-do-su-dung-tai-truong-dai-hoc-cong-nghe-thong-tin]: daa.uit.edu.vn_thongbao_21-huong-dan-thang-phan-loai-nhan-thuc-ky-nang-thai-do-su-dung-tai-truong-dai-hoc-cong-nghe.html
2025-10-30 13:47:05,696 [INFO] Saved Markdown [daa/quydinh_huongdan/qui-che-qui-dinh-qui-trinh/21-huong-dan-thang-phan-loai-nhan-thuc-ky-nang-thai-do-su-dung-tai-truong-dai-hoc-cong-nghe-thong-tin]: daa.uit.edu.vn_thongbao_21-huong-dan-thang-phan-loai-nhan-thuc-ky-nang-thai-do-su-dung-tai-truong-dai-hoc-cong-nghe.md
2025-10-30 13:47:05,700 [INFO] ✓ Saved numbered detail: https://daa.uit.edu.vn/thongbao/21-huong-dan-thang-phan-loai-nhan-thuc-ky-nang-thai-do-su-dung-tai-truong-dai-hoc-cong-nghe
2025-10-30 13:47:07,700 [INFO] Crawling numbered detail: https://daa.uit.edu.vn/thongbao/20-quy-dinh-chuong-trinh-tien-tien
2025-10-30 13:47:49,961 [INFO] Using cached numbered doc: 20-quy-dinh-chuong-trinh-tien-tien in qui-che-qui-dinh-qui-trinh
2025-10-30 13:47:49,969 [INFO] Saved HTML [daa/quydinh_huongdan/qui-che-qui-dinh-qui-trinh/20-quy-dinh-chuong-trinh-tien-tien]: daa.uit.edu.vn_thongbao_20-quy-dinh-chuong-trinh-tien-tien.html
2025-10-30 13:47:49,978 [INFO] Saved Markdown [daa/quydinh_huongdan/qui-che-qui-dinh-qui-trinh/20-quy-dinh-chuong-trinh-tien-tien]: daa.uit.edu.vn_thongbao_20-quy-dinh-chuong-trinh-tien-tien.md
2025-10-30 13:47:49,981 [INFO] ✓ Saved numbered detail: https://daa.uit.edu.vn/thongbao/20-quy-dinh-chuong-trinh-tien-tien
2025-10-30 13:47:51,981 [INFO] Crawling numbered detail: https://daa.uit.edu.vn/thongbao/19-quy-trinh-nop-khoa-luan-tot-nghiep-sau-khi-bao-ve-truoc-hoi-dong-bao-ve-khoa-luan-tot
2025-10-30 13:48:34,261 [INFO] Using cached numbered doc: 19-quy-trinh-nop-khoa-luan-tot-nghiep-sau-khi-bao-ve-truoc-hoi-dong-bao-ve-khoa-luan-tot-nghiep in huong-dan-sinh-vien
2025-10-30 13:48:34,270 [INFO] Saved HTML [daa/quydinh_huongdan/huong-dan-sinh-vien/19-quy-trinh-nop-khoa-luan-tot-nghiep-sau-khi-bao-ve-truoc-hoi-dong-bao-ve-khoa-luan-tot-nghiep]: daa.uit.edu.vn_thongbao_19-quy-trinh-nop-khoa-luan-tot-nghiep-sau-khi-bao-ve-truoc-hoi-dong-bao-ve-khoa-luan-tot.html
2025-10-30 13:48:34,279 [INFO] Saved Markdown [daa/quydinh_huongdan/huong-dan-sinh-vien/19-quy-trinh-nop-khoa-luan-tot-nghiep-sau-khi-bao-ve-truoc-hoi-dong-bao-ve-khoa-luan-tot-nghiep]: daa.uit.edu.vn_thongbao_19-quy-trinh-nop-khoa-luan-tot-nghiep-sau-khi-bao-ve-truoc-hoi-dong-bao-ve-khoa-luan-tot.md
2025-10-30 13:48:34,284 [INFO] ✓ Saved numbered detail: https://daa.uit.edu.vn/thongbao/19-quy-trinh-nop-khoa-luan-tot-nghiep-sau-khi-bao-ve-truoc-hoi-dong-bao-ve-khoa-luan-tot
2025-10-30 13:48:36,284 [INFO] Crawling numbered detail: https://daa.uit.edu.vn/thongbao/18-quy-trinh-phan-cong-can-bo-coi-thi-cho-cac-dot-thi-tap-trung-he-dai-hoc-chinh-quy
2025-10-30 13:49:20,660 [INFO] Using cached numbered doc: 18-quy-trinh-phan-cong-can-bo-coi-thi-cho-cac-dot-thi-tap-trung-he-dai-hoc-chinh-quy in qui-che-qui-dinh-qui-trinh
2025-10-30 13:49:20,679 [INFO] Saved HTML [daa/quydinh_huongdan/qui-che-qui-dinh-qui-trinh/18-quy-trinh-phan-cong-can-bo-coi-thi-cho-cac-dot-thi-tap-trung-he-dai-hoc-chinh-quy]: daa.uit.edu.vn_thongbao_18-quy-trinh-phan-cong-can-bo-coi-thi-cho-cac-dot-thi-tap-trung-he-dai-hoc-chinh-quy.html
2025-10-30 13:49:20,697 [INFO] Saved Markdown [daa/quydinh_huongdan/qui-che-qui-dinh-qui-trinh/18-quy-trinh-phan-cong-can-bo-coi-thi-cho-cac-dot-thi-tap-trung-he-dai-hoc-chinh-quy]: daa.uit.edu.vn_thongbao_18-quy-trinh-phan-cong-can-bo-coi-thi-cho-cac-dot-thi-tap-trung-he-dai-hoc-chinh-quy.md
2025-10-30 13:49:20,702 [INFO] ✓ Saved numbered detail: https://daa.uit.edu.vn/thongbao/18-quy-trinh-phan-cong-can-bo-coi-thi-cho-cac-dot-thi-tap-trung-he-dai-hoc-chinh-quy
2025-10-30 13:49:22,704 [INFO] Crawling numbered detail: https://daa.uit.edu.vn/thongbao/17-quy-dinh-ve-chinh-sach-ho-tro-cong-bo-khoa-hoc
2025-10-30 13:50:04,923 [INFO] Using cached numbered doc: 17-quy-dinh-ve-chinh-sach-ho-tro-cong-bo-khoa-hoc in qui-che-qui-dinh-qui-trinh
2025-10-30 13:50:04,930 [INFO] Saved HTML [daa/quydinh_huongdan/qui-che-qui-dinh-qui-trinh/17-quy-dinh-ve-chinh-sach-ho-tro-cong-bo-khoa-hoc]: daa.uit.edu.vn_thongbao_17-quy-dinh-ve-chinh-sach-ho-tro-cong-bo-khoa-hoc.html
2025-10-30 13:50:04,937 [INFO] Saved Markdown [daa/quydinh_huongdan/qui-che-qui-dinh-qui-trinh/17-quy-dinh-ve-chinh-sach-ho-tro-cong-bo-khoa-hoc]: daa.uit.edu.vn_thongbao_17-quy-dinh-ve-chinh-sach-ho-tro-cong-bo-khoa-hoc.md
2025-10-30 13:50:04,939 [INFO] ✓ Saved numbered detail: https://daa.uit.edu.vn/thongbao/17-quy-dinh-ve-chinh-sach-ho-tro-cong-bo-khoa-hoc
2025-10-30 13:50:06,940 [INFO] Crawling numbered detail: https://daa.uit.edu.vn/thongbao/16-thoi-diem-va-muc-thu-hoc-phi-gia-han-doi-voi-sinh-vien-he-dai-hoc-chinh-quy
2025-10-30 13:50:49,235 [INFO] Using cached numbered doc: 16-thoi-diem-va-muc-thu-hoc-phi-gia-han-doi-voi-sinh-vien-he-dai-hoc-chinh-quy in qui-che-qui-dinh-qui-trinh
2025-10-30 13:50:49,243 [INFO] Saved HTML [daa/quydinh_huongdan/qui-che-qui-dinh-qui-trinh/16-thoi-diem-va-muc-thu-hoc-phi-gia-han-doi-voi-sinh-vien-he-dai-hoc-chinh-quy]: daa.uit.edu.vn_thongbao_16-thoi-diem-va-muc-thu-hoc-phi-gia-han-doi-voi-sinh-vien-he-dai-hoc-chinh-quy.html
2025-10-30 13:50:49,250 [INFO] Saved Markdown [daa/quydinh_huongdan/qui-che-qui-dinh-qui-trinh/16-thoi-diem-va-muc-thu-hoc-phi-gia-han-doi-voi-sinh-vien-he-dai-hoc-chinh-quy]: daa.uit.edu.vn_thongbao_16-thoi-diem-va-muc-thu-hoc-phi-gia-han-doi-voi-sinh-vien-he-dai-hoc-chinh-quy.md
2025-10-30 13:50:49,252 [INFO] ✓ Saved numbered detail: https://daa.uit.edu.vn/thongbao/16-thoi-diem-va-muc-thu-hoc-phi-gia-han-doi-voi-sinh-vien-he-dai-hoc-chinh-quy
2025-10-30 13:50:51,252 [INFO] Crawling numbered detail: https://daa.uit.edu.vn/15-qui-dinh-ve-giang-vien-giang-vien-va-tro-giang-mon-hoc
2025-10-30 13:51:35,520 [INFO] Using cached numbered doc: 15-qui-dinh-ve-giang-vien-giang-vien-va-tro-giang-mon-hoc in qui-che-qui-dinh-qui-trinh
2025-10-30 13:51:35,526 [INFO] Saved HTML [daa/quydinh_huongdan/qui-che-qui-dinh-qui-trinh/15-qui-dinh-ve-giang-vien-giang-vien-va-tro-giang-mon-hoc]: daa.uit.edu.vn_15-qui-dinh-ve-giang-vien-giang-vien-va-tro-giang-mon-hoc.html
2025-10-30 13:51:35,534 [INFO] Saved Markdown [daa/quydinh_huongdan/qui-che-qui-dinh-qui-trinh/15-qui-dinh-ve-giang-vien-giang-vien-va-tro-giang-mon-hoc]: daa.uit.edu.vn_15-qui-dinh-ve-giang-vien-giang-vien-va-tro-giang-mon-hoc.md
2025-10-30 13:51:35,538 [INFO] ✓ Saved numbered detail: https://daa.uit.edu.vn/15-qui-dinh-ve-giang-vien-giang-vien-va-tro-giang-mon-hoc
2025-10-30 13:51:37,538 [INFO] Crawling numbered detail: https://daa.uit.edu.vn/thongbao/14-qui-dinh-cach-dat-ma-mon-hoc
2025-10-30 13:52:19,803 [INFO] Using cached numbered doc: 14-qui-dinh-cach-dat-ma-mon-hoc in qui-che-qui-dinh-qui-trinh
2025-10-30 13:52:19,809 [INFO] Saved HTML [daa/quydinh_huongdan/qui-che-qui-dinh-qui-trinh/14-qui-dinh-cach-dat-ma-mon-hoc]: daa.uit.edu.vn_thongbao_14-qui-dinh-cach-dat-ma-mon-hoc.html
2025-10-30 13:52:19,816 [INFO] Saved Markdown [daa/quydinh_huongdan/qui-che-qui-dinh-qui-trinh/14-qui-dinh-cach-dat-ma-mon-hoc]: daa.uit.edu.vn_thongbao_14-qui-dinh-cach-dat-ma-mon-hoc.md
2025-10-30 13:52:19,820 [INFO] ✓ Saved numbered detail: https://daa.uit.edu.vn/thongbao/14-qui-dinh-cach-dat-ma-mon-hoc
2025-10-30 13:52:21,819 [INFO] Crawling numbered detail: https://daa.uit.edu.vn/thongbao/12-quyet-dinh-ve-viec-ban-hanh-quy-dinh-ve-dao-tao-chuong-trinh-chat-luong-cao
2025-10-30 13:53:04,081 [INFO] Using cached numbered doc: 12-quyet-dinh-ve-viec-ban-hanh-quy-dinh-ve-dao-tao-chuong-trinh-chat-luong-cao in qui-che-qui-dinh-qui-trinh
2025-10-30 13:53:04,088 [INFO] Saved HTML [daa/quydinh_huongdan/qui-che-qui-dinh-qui-trinh/12-quyet-dinh-ve-viec-ban-hanh-quy-dinh-ve-dao-tao-chuong-trinh-chat-luong-cao]: daa.uit.edu.vn_thongbao_12-quyet-dinh-ve-viec-ban-hanh-quy-dinh-ve-dao-tao-chuong-trinh-chat-luong-cao.html
2025-10-30 13:53:04,093 [INFO] Saved Markdown [daa/quydinh_huongdan/qui-che-qui-dinh-qui-trinh/12-quyet-dinh-ve-viec-ban-hanh-quy-dinh-ve-dao-tao-chuong-trinh-chat-luong-cao]: daa.uit.edu.vn_thongbao_12-quyet-dinh-ve-viec-ban-hanh-quy-dinh-ve-dao-tao-chuong-trinh-chat-luong-cao.md
2025-10-30 13:53:04,095 [INFO] ✓ Saved numbered detail: https://daa.uit.edu.vn/thongbao/12-quyet-dinh-ve-viec-ban-hanh-quy-dinh-ve-dao-tao-chuong-trinh-chat-luong-cao
2025-10-30 13:53:06,095 [INFO] Crawling numbered detail: https://daa.uit.edu.vn/thongbao/11-quyet-dinh-ve-viec-ban-hanh-quy-dinh-ve-viec-mo-nganh-dao-tao
2025-10-30 13:53:50,392 [INFO] Using cached numbered doc: 11-quyet-dinh-ve-viec-ban-hanh-quy-dinh-ve-viec-mo-nganh-dao-tao in qui-che-qui-dinh-qui-trinh
2025-10-30 13:53:50,404 [INFO] Saved HTML [daa/quydinh_huongdan/qui-che-qui-dinh-qui-trinh/11-quyet-dinh-ve-viec-ban-hanh-quy-dinh-ve-viec-mo-nganh-dao-tao]: daa.uit.edu.vn_thongbao_11-quyet-dinh-ve-viec-ban-hanh-quy-dinh-ve-viec-mo-nganh-dao-tao.html
2025-10-30 13:53:50,411 [INFO] Saved Markdown [daa/quydinh_huongdan/qui-che-qui-dinh-qui-trinh/11-quyet-dinh-ve-viec-ban-hanh-quy-dinh-ve-viec-mo-nganh-dao-tao]: daa.uit.edu.vn_thongbao_11-quyet-dinh-ve-viec-ban-hanh-quy-dinh-ve-viec-mo-nganh-dao-tao.md
2025-10-30 13:53:50,414 [INFO] ✓ Saved numbered detail: https://daa.uit.edu.vn/thongbao/11-quyet-dinh-ve-viec-ban-hanh-quy-dinh-ve-viec-mo-nganh-dao-tao
2025-10-30 13:53:52,413 [INFO] Crawling numbered detail: https://daa.uit.edu.vn/thongbao/10-quyet-dinh-ve-viec-ban-hanh-quy-trinh-danh-gia-cap-nhat-ctdt-trinh-do-dhsdh
2025-10-30 13:54:34,688 [INFO] Using cached numbered doc: 10-quyet-dinh-ve-viec-ban-hanh-quy-trinh-danh-gia-cap-nhat-ctdt-trinh-do-dhsdh in qui-che-qui-dinh-qui-trinh
2025-10-30 13:54:34,695 [INFO] Saved HTML [daa/quydinh_huongdan/qui-che-qui-dinh-qui-trinh/10-quyet-dinh-ve-viec-ban-hanh-quy-trinh-danh-gia-cap-nhat-ctdt-trinh-do-dhsdh]: daa.uit.edu.vn_thongbao_10-quyet-dinh-ve-viec-ban-hanh-quy-trinh-danh-gia-cap-nhat-ctdt-trinh-do-dhsdh.html
2025-10-30 13:54:34,702 [INFO] Saved Markdown [daa/quydinh_huongdan/qui-che-qui-dinh-qui-trinh/10-quyet-dinh-ve-viec-ban-hanh-quy-trinh-danh-gia-cap-nhat-ctdt-trinh-do-dhsdh]: daa.uit.edu.vn_thongbao_10-quyet-dinh-ve-viec-ban-hanh-quy-trinh-danh-gia-cap-nhat-ctdt-trinh-do-dhsdh.md
2025-10-30 13:54:34,705 [INFO] ✓ Saved numbered detail: https://daa.uit.edu.vn/thongbao/10-quyet-dinh-ve-viec-ban-hanh-quy-trinh-danh-gia-cap-nhat-ctdt-trinh-do-dhsdh
2025-10-30 13:54:36,705 [INFO] Crawling numbered detail: https://daa.uit.edu.vn/09-quyet-dinh-ve-viec-ban-hanh-quy-che-dao-tao-cho-sinh-vien-he-dao-tao-tu-xa-trinh-do-dai-hoc
2025-10-30 13:55:20,978 [INFO] Using cached numbered doc: 09-quyet-dinh-ve-viec-ban-hanh-quy-che-dao-tao-cho-sinh-vien-he-dao-tao-tu-xa-trinh-do-dai-hoc in qui-che-qui-dinh-qui-trinh
2025-10-30 13:55:20,984 [INFO] Saved HTML [daa/quydinh_huongdan/qui-che-qui-dinh-qui-trinh/09-quyet-dinh-ve-viec-ban-hanh-quy-che-dao-tao-cho-sinh-vien-he-dao-tao-tu-xa-trinh-do-dai-hoc]: daa.uit.edu.vn_09-quyet-dinh-ve-viec-ban-hanh-quy-che-dao-tao-cho-sinh-vien-he-dao-tao-tu-xa-trinh-do-dai-hoc.html
2025-10-30 13:55:20,990 [INFO] Saved Markdown [daa/quydinh_huongdan/qui-che-qui-dinh-qui-trinh/09-quyet-dinh-ve-viec-ban-hanh-quy-che-dao-tao-cho-sinh-vien-he-dao-tao-tu-xa-trinh-do-dai-hoc]: daa.uit.edu.vn_09-quyet-dinh-ve-viec-ban-hanh-quy-che-dao-tao-cho-sinh-vien-he-dao-tao-tu-xa-trinh-do-dai-hoc.md
2025-10-30 13:55:20,993 [INFO] ✓ Saved numbered detail: https://daa.uit.edu.vn/09-quyet-dinh-ve-viec-ban-hanh-quy-che-dao-tao-cho-sinh-vien-he-dao-tao-tu-xa-trinh-do-dai-hoc
2025-10-30 13:55:22,994 [INFO] Crawling numbered detail: https://daa.uit.edu.vn/thongbao/08-quyet-dinh-ve-viec-ban-hanh-quy-trinh-bao-nghi-day-day-bu
2025-10-30 13:56:05,310 [INFO] Using cached numbered doc: 08-quyet-dinh-ve-viec-ban-hanh-quy-trinh-bao-nghi-day-day-bu in qui-che-qui-dinh-qui-trinh
2025-10-30 13:56:05,317 [INFO] Saved HTML [daa/quydinh_huongdan/qui-che-qui-dinh-qui-trinh/08-quyet-dinh-ve-viec-ban-hanh-quy-trinh-bao-nghi-day-day-bu]: daa.uit.edu.vn_thongbao_08-quyet-dinh-ve-viec-ban-hanh-quy-trinh-bao-nghi-day-day-bu.html
2025-10-30 13:56:05,326 [INFO] Saved Markdown [daa/quydinh_huongdan/qui-che-qui-dinh-qui-trinh/08-quyet-dinh-ve-viec-ban-hanh-quy-trinh-bao-nghi-day-day-bu]: daa.uit.edu.vn_thongbao_08-quyet-dinh-ve-viec-ban-hanh-quy-trinh-bao-nghi-day-day-bu.md
2025-10-30 13:56:05,329 [INFO] ✓ Saved numbered detail: https://daa.uit.edu.vn/thongbao/08-quyet-dinh-ve-viec-ban-hanh-quy-trinh-bao-nghi-day-day-bu
2025-10-30 13:56:07,330 [INFO] Crawling numbered detail: https://daa.uit.edu.vn/07-quyet-dinh-ve-viec-ban-hanh-quy-dinh-chuc-thi-tap-trung-cac-mon-hoc-he-dhcq
2025-10-30 13:56:49,556 [INFO] Using cached numbered doc: 07-quyet-dinh-ve-viec-ban-hanh-quy-dinh-to-chuc-thi-tap-trung-cac-mon-hoc-he-dhcq in qui-che-qui-dinh-qui-trinh
2025-10-30 13:56:49,565 [INFO] Saved HTML [daa/quydinh_huongdan/qui-che-qui-dinh-qui-trinh/07-quyet-dinh-ve-viec-ban-hanh-quy-dinh-to-chuc-thi-tap-trung-cac-mon-hoc-he-dhcq]: daa.uit.edu.vn_07-quyet-dinh-ve-viec-ban-hanh-quy-dinh-chuc-thi-tap-trung-cac-mon-hoc-he-dhcq.html
2025-10-30 13:56:49,575 [INFO] Saved Markdown [daa/quydinh_huongdan/qui-che-qui-dinh-qui-trinh/07-quyet-dinh-ve-viec-ban-hanh-quy-dinh-to-chuc-thi-tap-trung-cac-mon-hoc-he-dhcq]: daa.uit.edu.vn_07-quyet-dinh-ve-viec-ban-hanh-quy-dinh-chuc-thi-tap-trung-cac-mon-hoc-he-dhcq.md
2025-10-30 13:56:49,578 [INFO] ✓ Saved numbered detail: https://daa.uit.edu.vn/07-quyet-dinh-ve-viec-ban-hanh-quy-dinh-chuc-thi-tap-trung-cac-mon-hoc-he-dhcq
2025-10-30 13:56:51,577 [INFO] Crawling numbered detail: https://daa.uit.edu.vn/06-quyet-dinh-ve-viec-ban-hanh-quy-dinh-ve-khoa-luan-tot-nghiep-cho-sv-he-cq
2025-10-30 13:57:35,801 [INFO] Using cached numbered doc: 06-quyet-dinh-ve-viec-ban-hanh-quy-dinh-ve-khoa-luan-tot-nghiep-cho-sv-he-cq in huong-dan-sinh-vien
2025-10-30 13:57:35,808 [INFO] Saved HTML [daa/quydinh_huongdan/huong-dan-sinh-vien/06-quyet-dinh-ve-viec-ban-hanh-quy-dinh-ve-khoa-luan-tot-nghiep-cho-sv-he-cq]: daa.uit.edu.vn_06-quyet-dinh-ve-viec-ban-hanh-quy-dinh-ve-khoa-luan-tot-nghiep-cho-sv-he-cq.html
2025-10-30 13:57:35,815 [INFO] Saved Markdown [daa/quydinh_huongdan/huong-dan-sinh-vien/06-quyet-dinh-ve-viec-ban-hanh-quy-dinh-ve-khoa-luan-tot-nghiep-cho-sv-he-cq]: daa.uit.edu.vn_06-quyet-dinh-ve-viec-ban-hanh-quy-dinh-ve-khoa-luan-tot-nghiep-cho-sv-he-cq.md
2025-10-30 13:57:35,819 [INFO] ✓ Saved numbered detail: https://daa.uit.edu.vn/06-quyet-dinh-ve-viec-ban-hanh-quy-dinh-ve-khoa-luan-tot-nghiep-cho-sv-he-cq
2025-10-30 13:57:37,819 [INFO] Crawling numbered detail: https://daa.uit.edu.vn/05-quy-dinh-dao-tao-ngoai-ngu-doi-voi-he-dai-hoc-chinh-quy-cua-truong-dhcntt
2025-10-30 13:58:20,040 [INFO] Using cached numbered doc: 05-quy-dinh-dao-tao-ngoai-ngu-doi-voi-he-dai-hoc-chinh-quy-cua-truong-dhcntt in qui-che-qui-dinh-qui-trinh
2025-10-30 13:58:20,047 [INFO] Saved HTML [daa/quydinh_huongdan/qui-che-qui-dinh-qui-trinh/05-quy-dinh-dao-tao-ngoai-ngu-doi-voi-he-dai-hoc-chinh-quy-cua-truong-dhcntt]: daa.uit.edu.vn_05-quy-dinh-dao-tao-ngoai-ngu-doi-voi-he-dai-hoc-chinh-quy-cua-truong-dhcntt.html
2025-10-30 13:58:20,072 [INFO] Saved Markdown [daa/quydinh_huongdan/qui-che-qui-dinh-qui-trinh/05-quy-dinh-dao-tao-ngoai-ngu-doi-voi-he-dai-hoc-chinh-quy-cua-truong-dhcntt]: daa.uit.edu.vn_05-quy-dinh-dao-tao-ngoai-ngu-doi-voi-he-dai-hoc-chinh-quy-cua-truong-dhcntt.md
2025-10-30 13:58:20,075 [INFO] ✓ Saved numbered detail: https://daa.uit.edu.vn/05-quy-dinh-dao-tao-ngoai-ngu-doi-voi-he-dai-hoc-chinh-quy-cua-truong-dhcntt
2025-10-30 13:58:22,074 [INFO] Crawling numbered detail: https://daa.uit.edu.vn/thongbao/04-quyet-dinh-ve-viec-ban-hanh-quy-dinh-ve-he-tai-nang
2025-10-30 13:59:06,283 [INFO] Using cached numbered doc: 04-quyet-dinh-ve-viec-ban-hanh-quy-dinh-ve-he-tai-nang in qui-che-qui-dinh-qui-trinh
2025-10-30 13:59:06,290 [INFO] Saved HTML [daa/quydinh_huongdan/qui-che-qui-dinh-qui-trinh/04-quyet-dinh-ve-viec-ban-hanh-quy-dinh-ve-he-tai-nang]: daa.uit.edu.vn_thongbao_04-quyet-dinh-ve-viec-ban-hanh-quy-dinh-ve-he-tai-nang.html
2025-10-30 13:59:06,297 [INFO] Saved Markdown [daa/quydinh_huongdan/qui-che-qui-dinh-qui-trinh/04-quyet-dinh-ve-viec-ban-hanh-quy-dinh-ve-he-tai-nang]: daa.uit.edu.vn_thongbao_04-quyet-dinh-ve-viec-ban-hanh-quy-dinh-ve-he-tai-nang.md
2025-10-30 13:59:06,300 [INFO] ✓ Saved numbered detail: https://daa.uit.edu.vn/thongbao/04-quyet-dinh-ve-viec-ban-hanh-quy-dinh-ve-he-tai-nang
2025-10-30 13:59:08,301 [INFO] Crawling numbered detail: https://daa.uit.edu.vn/03-quyet-dinh-ve-viec-ban-hanh-quy-che-van-bang-chung-chi
2025-10-30 13:59:50,511 [INFO] Using cached numbered doc: 03-quyet-dinh-ve-viec-ban-hanh-quy-che-van-bang-chung-chi in qui-che-qui-dinh-qui-trinh
2025-10-30 13:59:50,516 [INFO] Saved HTML [daa/quydinh_huongdan/qui-che-qui-dinh-qui-trinh/03-quyet-dinh-ve-viec-ban-hanh-quy-che-van-bang-chung-chi]: daa.uit.edu.vn_03-quyet-dinh-ve-viec-ban-hanh-quy-che-van-bang-chung-chi.html
2025-10-30 13:59:50,527 [INFO] Saved Markdown [daa/quydinh_huongdan/qui-che-qui-dinh-qui-trinh/03-quyet-dinh-ve-viec-ban-hanh-quy-che-van-bang-chung-chi]: daa.uit.edu.vn_03-quyet-dinh-ve-viec-ban-hanh-quy-che-van-bang-chung-chi.md
2025-10-30 13:59:50,530 [INFO] ✓ Saved numbered detail: https://daa.uit.edu.vn/03-quyet-dinh-ve-viec-ban-hanh-quy-che-van-bang-chung-chi
2025-10-30 13:59:52,529 [INFO] Crawling numbered detail: https://daa.uit.edu.vn/thongbao/02-quyet-dinh-ve-viec-ban-hanh-qui-dinh-ve-cong-tac-giao-trinh
2025-10-30 14:00:34,787 [INFO] Using cached numbered doc: 02-quyet-dinh-ve-viec-ban-hanh-qui-dinh-ve-cong-tac-giao-trinh in qui-che-qui-dinh-qui-trinh
2025-10-30 14:00:34,794 [INFO] Saved HTML [daa/quydinh_huongdan/qui-che-qui-dinh-qui-trinh/02-quyet-dinh-ve-viec-ban-hanh-qui-dinh-ve-cong-tac-giao-trinh]: daa.uit.edu.vn_thongbao_02-quyet-dinh-ve-viec-ban-hanh-qui-dinh-ve-cong-tac-giao-trinh.html
2025-10-30 14:00:34,800 [INFO] Saved Markdown [daa/quydinh_huongdan/qui-che-qui-dinh-qui-trinh/02-quyet-dinh-ve-viec-ban-hanh-qui-dinh-ve-cong-tac-giao-trinh]: daa.uit.edu.vn_thongbao_02-quyet-dinh-ve-viec-ban-hanh-qui-dinh-ve-cong-tac-giao-trinh.md
2025-10-30 14:00:34,803 [INFO] ✓ Saved numbered detail: https://daa.uit.edu.vn/thongbao/02-quyet-dinh-ve-viec-ban-hanh-qui-dinh-ve-cong-tac-giao-trinh
2025-10-30 14:00:36,803 [INFO] Crawling numbered detail: https://daa.uit.edu.vn/01-quyet-dinh-ve-viec-ban-hanh-quy-che-dao-tao-theo-hoc-che-tin-chi
2025-10-30 14:01:21,025 [INFO] Using cached numbered doc: 01-quyet-dinh-ve-viec-ban-hanh-quy-che-dao-tao-theo-hoc-che-tin-chi in qui-che-qui-dinh-qui-trinh
2025-10-30 14:01:21,032 [INFO] Saved HTML [daa/quydinh_huongdan/qui-che-qui-dinh-qui-trinh/01-quyet-dinh-ve-viec-ban-hanh-quy-che-dao-tao-theo-hoc-che-tin-chi]: daa.uit.edu.vn_01-quyet-dinh-ve-viec-ban-hanh-quy-che-dao-tao-theo-hoc-che-tin-chi.html
2025-10-30 14:01:21,042 [INFO] Saved Markdown [daa/quydinh_huongdan/qui-che-qui-dinh-qui-trinh/01-quyet-dinh-ve-viec-ban-hanh-quy-che-dao-tao-theo-hoc-che-tin-chi]: daa.uit.edu.vn_01-quyet-dinh-ve-viec-ban-hanh-quy-che-dao-tao-theo-hoc-che-tin-chi.md
2025-10-30 14:01:21,045 [INFO] ✓ Saved numbered detail: https://daa.uit.edu.vn/01-quyet-dinh-ve-viec-ban-hanh-quy-che-dao-tao-theo-hoc-che-tin-chi
2025-10-30 14:01:23,046 [INFO] Starting crawl for: https://daa.uit.edu.vn/quy-che-quy-dinh-dao-tao-dai-hoc-cua-bo-gddt (attempt 1/3)
2025-10-30 14:01:23,049 [INFO] Progress: 8/43 seeds completed
2025-10-30 14:02:08,324 [INFO] Crawled 9 pages from https://daa.uit.edu.vn/quy-che-quy-dinh-dao-tao-dai-hoc-cua-bo-gddt
2025-10-30 14:02:08,325 [INFO] Found 5 potential numbered items in https://daa.uit.edu.vn/quy-che-quy-dinh-dao-tao-dai-hoc-cua-bo-gddt
2025-10-30 14:02:08,325 [INFO] Cached numbered doc: https://daa.uit.edu.vn/sites/daa/files/202505/08.2025-tt-bgddt_quy_dinh_thoi_han_luu_tru_ho_so_tai_lieu_thuoc_linh_vuc_gddt.pdf -> 08. 2025-tt-bgddt_quy_dinh_thoi_han_luu_tru_ho_so_tai_lieu_thuoc_linh_vuc_gddt.pdf
2025-10-30 14:02:08,325 [INFO] Cached numbered doc: https://daa.uit.edu.vn/39quy-dinh-ve-liem-chinh-hoc-thuat-tai-truong-dai-hoc-cong-nghe-thong-tin -> 39. Quy định về Liêm chính học thuật tại Trường Đại học Công nghệ Thông tin
2025-10-30 14:02:08,326 [INFO] Cached numbered doc: https://daa.uit.edu.vn/38-quy-trinh-xu-ly-hoc-vu-sinh-vien-dai-hoc-chinh-quy -> 38. Quy trình xử lý học vụ sinh viên đại học chính quy
2025-10-30 14:02:08,326 [INFO] Cached numbered doc: https://daa.uit.edu.vn/37-ban-hanh-quy-dinh-chuc-quan-ly-chuong-trinh-lien-ket-dao-tao-voi-nuoc-ngoai-trinh-do-dai-hoc-tai -> 37. Ban hành quy định tổ chức, quản lý chương trình liên kết đào tạo với nước ngoài trình độ đại học tại Trường ĐHCNTT
2025-10-30 14:02:08,326 [INFO] Cached numbered doc: https://daa.uit.edu.vn/36-quy-dinh-ve-do-tot-nghiep -> 36. Quy định về Đồ án tốt nghiệp
2025-10-30 14:02:08,326 [INFO] Successfully cached 5 numbered docs from https://daa.uit.edu.vn/quy-che-quy-dinh-dao-tao-dai-hoc-cua-bo-gddt
2025-10-30 14:02:08,340 [INFO] Saved HTML [daa/quydinh_huongdan/quyche-bogddt]: daa.uit.edu.vn_quy-che-quy-dinh-dao-tao-dai-hoc-cua-bo-gddt.html
2025-10-30 14:02:11,727 [INFO] Downloaded [daa/quydinh_huongdan/quyche-bogddt]: 17-2021-tt-bgddt_ngay_22-6-2021_chuan_ctdt.pdf (11.76 MB)
2025-10-30 14:02:12,101 [INFO] Downloaded [daa/quydinh_huongdan/quyche-bogddt]: 02_2022-tt-bgddt_18-1-2022_quy_dinh_mo_nganh.pdf (1.19 MB)
2025-10-30 14:02:17,065 [INFO] Downloaded [daa/quydinh_huongdan/quyche-bogddt]: 09_2022_tt-bdgdt_6-6-2022_danh_muc_thong_ke_nganh_dao_tao.pdf (17.37 MB)
2025-10-30 14:02:17,412 [INFO] Downloaded [daa/quydinh_huongdan/quyche-bogddt]: 01_2017_qd-ttg_ban_hanh_danh_muc_gddt_cua_he_thong_giao_duc_quoc_dan.pdf (0.81 MB)
2025-10-30 14:02:17,994 [INFO] Downloaded [daa/quydinh_huongdan/quyche-bogddt]: 03_tt_2022_bgddt_quy_dinh_ve_viec_xac_dinh_chi_tieu_tuyen_sinh_dai_hoc.pdf (1.53 MB)
2025-10-30 14:02:18,585 [INFO] Downloaded [daa/quydinh_huongdan/quyche-bogddt]: 05_2020_tt-bgddt_18-03-2020_ban_hanh_chuong_trinh_giao_duc_quoc_phong_an_ninh.pdf (1.16 MB)
2025-10-30 14:02:19,093 [INFO] Downloaded [daa/quydinh_huongdan/quyche-bogddt]: 20_2020_tt_bgddt_27-7-2020_thong_tu_quy_dinh_che_do_lam_viec_cua_gv_co_so_gddh.pdf (0.94 MB)
2025-10-30 14:02:19,447 [INFO] Downloaded [daa/quydinh_huongdan/quyche-bogddt]: 21_2019_tt_bgddt_quy_che_quan_ly_bang_tot_nghiep_thcs_thpt_tcsp_cdsp_gddh_cc.pdf (0.77 MB)
2025-10-30 14:02:19,707 [INFO] Downloaded [daa/quydinh_huongdan/quyche-bogddt]: 24_tt_2017_bgddt_danh_muc_giao_duc_dao_tao_cap_iv_trinh_do_dai_hoc.pdf (0.46 MB)
2025-10-30 14:02:20,015 [INFO] Downloaded [daa/quydinh_huongdan/quyche-bogddt]: 43-2019-qh14_luat_giao_duc.pdf (0.80 MB)
2025-10-30 14:02:20,445 [INFO] Downloaded [daa/quydinh_huongdan/quyche-bogddt]: 99_2019_nd-cp_quy_dinh_bo_sung_mot_so_dieu_cua_luat_giao_duc_dai_hoc.pdf (1.51 MB)
2025-10-30 14:02:20,724 [INFO] Downloaded [daa/quydinh_huongdan/quyche-bogddt]: 436_qd-ttg_ban_hanh_ke_hoach_thuc_hien_khung_trinh_do_quoc_gia_vn_2020-2025.pdf (0.44 MB)
2025-10-30 14:02:21,788 [INFO] Downloaded [daa/quydinh_huongdan/quyche-bogddt]: 30-2023-tt-bgddt_29-12-23_ung_dung_cntt_trong_dao_tao_truc_tuyen.pdf (3.58 MB)
2025-10-30 14:02:22,480 [INFO] Downloaded [daa/quydinh_huongdan/quyche-bogddt]: cv960_240307_bo_gddt_thuc_hien_quy_dinh_ve_quan_ly_chat_luong.pdf (2.16 MB)
2025-10-30 14:02:22,864 [INFO] Downloaded [daa/quydinh_huongdan/quyche-bogddt]: 08_2021_tt-bdgdt_18-03-2021_quy_che_dao_tao_trinh_do_dai_hoc.pdf (1.05 MB)
2025-10-30 14:02:23,200 [INFO] Downloaded [daa/quydinh_huongdan/quyche-bogddt]: khung_nang_luc_ngoai_ngu_viet_nam_6_bac.pdf (0.29 MB)
2025-10-30 14:02:26,400 [INFO] Downloaded [daa/quydinh_huongdan/quyche-bogddt]: thong-tu-01-2024-tt-bgddt-ban-hanh-chuan-co-so-giao-duc-dai-hoc.pdf (12.17 MB)
2025-10-30 14:02:26,717 [INFO] Downloaded [daa/quydinh_huongdan/quyche-bogddt]: tt10-quy_che_dttx_nam_2017.pdf (0.58 MB)
2025-10-30 14:02:29,546 [INFO] Downloaded [daa/quydinh_huongdan/quyche-bogddt]: 28_2023_tt_bgddt._quy_che_dttx_nam_2023.pdf (7.88 MB)
2025-10-30 14:02:30,130 [INFO] Downloaded [daa/quydinh_huongdan/quyche-bogddt]: kh1576_bo_gddt_xd_httt_quan_ly_vb.pdf (1.00 MB)
2025-10-30 14:02:30,927 [INFO] Downloaded [daa/quydinh_huongdan/quyche-bogddt]: qd3566-bgddt_tieu_chi_va_quy_trinh_cong_nhan_cuoc_thi_olympic.pdf (1.60 MB)
2025-10-30 14:02:32,060 [INFO] Downloaded [daa/quydinh_huongdan/quyche-bogddt]: tt16_bgddt_20-11-2024_sua_doi_bo_sung_tt02_ve_mo_nganh_dao_tao.pdf (3.63 MB)
2025-10-30 14:02:34,097 [INFO] Downloaded [daa/quydinh_huongdan/quyche-bogddt]: 1314-qd-bgddt_13-05-2025_ban_hanh_chuan_ctdt_ve_vi_mach_ban_dan_trinh_do_dh_ths.pdf (6.04 MB)
2025-10-30 14:02:39,478 [INFO] Downloaded [daa/quydinh_huongdan/quyche-bogddt]: 08.2025-tt-bgddt_quy_dinh_thoi_han_luu_tru_ho_so_tai_lieu_thuoc_linh_vuc_gddt.pdf (17.75 MB)
2025-10-30 14:02:40,469 [INFO] Downloaded [daa/quydinh_huongdan/quyche-bogddt]: 124-cp.signed_quy_dinh_hop_tac_dau_tu_voi_nuoc_ngoai_trong_linh_vuc_giao_duc.pdf (2.94 MB)
2025-10-30 14:02:40,690 [INFO] Downloaded [daa/quydinh_huongdan/quyche-bogddt]: 07-bgd.signed-1_quy_dinh_lien_ket_dao_tao_giua_co_so_gdvn_va_co_so_gdnn.pdf (0.31 MB)
2025-10-30 14:02:41,895 [INFO] Downloaded [daa/quydinh_huongdan/quyche-bogddt]: 2627-qd-bgddtsigned-1.stamped_ban_hanh_chuan_ctdt_ky_su_thac_si_tai_nang_linh_vuc_stem.pdf (3.78 MB)
2025-10-30 14:02:42,363 [INFO] Downloaded [daa/quydinh_huongdan/quyche-bogddt]: 2101_qd_bgddt_sua_doi_chuan_chuong_trinh_dao_tao_ve_vi_mach_ban_dan.pdf (1.13 MB)
2025-10-30 14:02:42,371 [INFO] Saved Markdown [daa/quydinh_huongdan/quyche-bogddt]: daa.uit.edu.vn_quy-che-quy-dinh-dao-tao-dai-hoc-cua-bo-gddt.md
2025-10-30 14:02:42,384 [INFO] Found 6 potential numbered items in https://daa.uit.edu.vn/quy-che-quy-dinh-dao-tao-dai-hoc-cua-bo-gddt?page=1
2025-10-30 14:02:42,384 [INFO] Cached numbered doc: https://daa.uit.edu.vn/sites/daa/files/202505/08.2025-tt-bgddt_quy_dinh_thoi_han_luu_tru_ho_so_tai_lieu_thuoc_linh_vuc_gddt.pdf -> 08. 2025-tt-bgddt_quy_dinh_thoi_han_luu_tru_ho_so_tai_lieu_thuoc_linh_vuc_gddt.pdf
2025-10-30 14:02:42,385 [INFO] Cached numbered doc: https://daa.uit.edu.vn/35-quy-trinh-cong-nhan-tin-chi-trong-dao-tao-dai-hoc-cua-truong-dai-hoc-cong-nghe-thong-tin -> 35. Quy trình công nhận tín chỉ trong đào tạo đại học của Trường Đại học Công nghệ Thông tin
2025-10-30 14:02:42,385 [INFO] Cached numbered doc: https://daa.uit.edu.vn/34-quy-trinh-chuyen-sinh-vien-tu-hinh-thuc-dao-tao-chinh-quy-sang-hinh-thuc-dao-tao-tu-xa -> 34. Quy trình chuyển sinh viên từ hình thức đào tạo chính quy sang hình thức đào tạo từ xa
2025-10-30 14:02:42,385 [INFO] Cached numbered doc: https://daa.uit.edu.vn/33-quy-che-tuyen-sinh-hinh-thuc-dao-tao-tu-xa-trinh-do-dai-hoc -> 33. Quy chế tuyển sinh hình thức đào tạo từ xa trình độ đại học
2025-10-30 14:02:42,386 [INFO] Cached numbered doc: https://daa.uit.edu.vn/32-quy-trinh-canh-bao-sinh-vien-he-dai-hoc-chinh-quy-ve-ket-qua-dang-ky-hoc-phan-va-ket-qua-hoc-tap -> 32. Quy trình cảnh báo sinh viên hệ đại học chính quy về kết quả đăng ký học phần và kết quả học tập
2025-10-30 14:02:42,386 [INFO] Cached numbered doc: https://daa.uit.edu.vn/31-quy-che-tuyen-sinh-dai-hoc-chinh-quy -> 31. Quy chế tuyển sinh đại học chính quy
2025-10-30 14:02:42,386 [INFO] Successfully cached 6 numbered docs from https://daa.uit.edu.vn/quy-che-quy-dinh-dao-tao-dai-hoc-cua-bo-gddt?page=1
2025-10-30 14:02:42,417 [INFO] Saved HTML [daa/quydinh_huongdan/quyche-bogddt]: daa.uit.edu.vn_quy-che-quy-dinh-dao-tao-dai-hoc-cua-bo-gddt?page=1.html
2025-10-30 14:02:42,468 [INFO] Saved Markdown [daa/quydinh_huongdan/quyche-bogddt]: daa.uit.edu.vn_quy-che-quy-dinh-dao-tao-dai-hoc-cua-bo-gddt?page=1.md
2025-10-30 14:02:42,471 [INFO] Found 5 potential numbered items in https://daa.uit.edu.vn/quy-che-quy-dinh-dao-tao-dai-hoc-cua-bo-gddt?page=2
2025-10-30 14:02:42,472 [INFO] Cached numbered doc: https://daa.uit.edu.vn/sites/daa/files/202505/08.2025-tt-bgddt_quy_dinh_thoi_han_luu_tru_ho_so_tai_lieu_thuoc_linh_vuc_gddt.pdf -> 08. 2025-tt-bgddt_quy_dinh_thoi_han_luu_tru_ho_so_tai_lieu_thuoc_linh_vuc_gddt.pdf
2025-10-30 14:02:42,472 [INFO] Cached numbered doc: https://daa.uit.edu.vn/30-huong-dan-chuyen-doi-he-thong-tin-chi-sang-he-thong-tich-luy-va-chuyen-doi-tin-chi-cua-chau-au -> 30. Hướng dẫn chuyển đổi hệ thống tín chỉ sang Hệ thống tích lũy và chuyển đổi tín chỉ của Châu Âu
2025-10-30 14:02:42,472 [INFO] Cached numbered doc: https://daa.uit.edu.vn/29-quy-dinh-ve-do-tot-nghiep-tai-doanh-nghiep -> 29. Quy định về đồ án tốt nghiệp tại doanh nghiệp
2025-10-30 14:02:42,472 [INFO] Cached numbered doc: https://daa.uit.edu.vn/28-quy-dinh-dao-tao-song-nganh-trinh-do-dai-hoc-he-chinh-quy -> 28. Quy định đào tạo song ngành trình độ đại học hệ chính quy
2025-10-30 14:02:42,472 [INFO] Cached numbered doc: https://daa.uit.edu.vn/27-huong-dan-dang-ky-hoc-phan-cho-sinh-vien -> 27. Hướng dẫn đăng ký học phần cho sinh viên
2025-10-30 14:02:42,473 [INFO] Successfully cached 5 numbered docs from https://daa.uit.edu.vn/quy-che-quy-dinh-dao-tao-dai-hoc-cua-bo-gddt?page=2
2025-10-30 14:02:42,488 [INFO] Saved HTML [daa/quydinh_huongdan/quyche-bogddt]: daa.uit.edu.vn_quy-che-quy-dinh-dao-tao-dai-hoc-cua-bo-gddt?page=2.html
2025-10-30 14:02:42,547 [INFO] Saved Markdown [daa/quydinh_huongdan/quyche-bogddt]: daa.uit.edu.vn_quy-che-quy-dinh-dao-tao-dai-hoc-cua-bo-gddt?page=2.md
2025-10-30 14:02:42,550 [INFO] Found 5 potential numbered items in https://daa.uit.edu.vn/quy-che-quy-dinh-dao-tao-dai-hoc-cua-bo-gddt?page=3
2025-10-30 14:02:42,550 [INFO] Cached numbered doc: https://daa.uit.edu.vn/sites/daa/files/202505/08.2025-tt-bgddt_quy_dinh_thoi_han_luu_tru_ho_so_tai_lieu_thuoc_linh_vuc_gddt.pdf -> 08. 2025-tt-bgddt_quy_dinh_thoi_han_luu_tru_ho_so_tai_lieu_thuoc_linh_vuc_gddt.pdf
2025-10-30 14:02:42,551 [INFO] Cached numbered doc: https://daa.uit.edu.vn/thongbao/26-quy-dinh-moi-giang-vien-thinh-giang-tu-doanh-nghiep -> 26. Quy định mời giảng viên thỉnh giảng từ doanh nghiệp
2025-10-30 14:02:42,551 [INFO] Cached numbered doc: https://daa.uit.edu.vn/thongbao/25-quy-dinh-chuc-danh-gia-ket-qua-hoc-tap-theo-hinh-thuc-truc-tuyen -> 25. Quy định tổ chức đánh giá kết quả học tập theo hình thức trực tuyến
2025-10-30 14:02:42,551 [INFO] Cached numbered doc: https://daa.uit.edu.vn/thongbao/24-quyet-dinh-ve-viec-ban-hanh-quy-dinh-day-va-hoc-theo-phuong-thuc-truc-tuyen-va-phuong -> 24. Quyết định về việc ban hành quy định dạy và học theo phương thức trực tuyến và phương thức kết hợp
2025-10-30 14:02:42,551 [INFO] Cached numbered doc: https://daa.uit.edu.vn/thongbao/23-quy-dinh-tam-thoi-ve-dao-tao-lien-thong-tu-trinh-do-dai-hoc-len-trinh-do-thac-si-he -> 23. Quy định tạm thời về đào tạo liên thông từ trình độ đại học lên trình độ thạc sĩ hệ chính quy
2025-10-30 14:02:42,552 [INFO] Successfully cached 5 numbered docs from https://daa.uit.edu.vn/quy-che-quy-dinh-dao-tao-dai-hoc-cua-bo-gddt?page=3
2025-10-30 14:02:42,570 [INFO] Saved HTML [daa/quydinh_huongdan/quyche-bogddt]: daa.uit.edu.vn_quy-che-quy-dinh-dao-tao-dai-hoc-cua-bo-gddt?page=3.html
2025-10-30 14:02:42,626 [INFO] Saved Markdown [daa/quydinh_huongdan/quyche-bogddt]: daa.uit.edu.vn_quy-che-quy-dinh-dao-tao-dai-hoc-cua-bo-gddt?page=3.md
2025-10-30 14:02:42,629 [INFO] Found 5 potential numbered items in https://daa.uit.edu.vn/quy-che-quy-dinh-dao-tao-dai-hoc-cua-bo-gddt?page=4
2025-10-30 14:02:42,630 [INFO] Cached numbered doc: https://daa.uit.edu.vn/sites/daa/files/202505/08.2025-tt-bgddt_quy_dinh_thoi_han_luu_tru_ho_so_tai_lieu_thuoc_linh_vuc_gddt.pdf -> 08. 2025-tt-bgddt_quy_dinh_thoi_han_luu_tru_ho_so_tai_lieu_thuoc_linh_vuc_gddt.pdf
2025-10-30 14:02:42,630 [INFO] Cached numbered doc: https://daa.uit.edu.vn/thongbao/22-quy-dinh-ve-viec-chuc-day-hoc-ngoai-gio-hanh-chinh-doi-voi-cac-hoc-phan-trong-chuong -> 22. Quy định về việc tổ chức dạy – học ngoài giờ hành chính đối với các học phần trong chương trình đào tạo đại học chính quy
2025-10-30 14:02:42,630 [INFO] Cached numbered doc: https://daa.uit.edu.vn/thongbao/21-huong-dan-thang-phan-loai-nhan-thuc-ky-nang-thai-do-su-dung-tai-truong-dai-hoc-cong-nghe -> 21. Hướng dẫn Thang phân loại nhận thức, kỹ năng, thái độ sử dụng tại Trường Đại học Công nghệ Thông tin
2025-10-30 14:02:42,631 [INFO] Cached numbered doc: https://daa.uit.edu.vn/thongbao/20-quy-dinh-chuong-trinh-tien-tien -> 20. Quy định chương trình tiên tiến
2025-10-30 14:02:42,631 [INFO] Cached numbered doc: https://daa.uit.edu.vn/thongbao/19-quy-trinh-nop-khoa-luan-tot-nghiep-sau-khi-bao-ve-truoc-hoi-dong-bao-ve-khoa-luan-tot -> 19. Quy trình nộp khoá luận tốt nghiệp sau khi bảo vệ trước Hội đồng bảo vệ khoá luận tốt nghiệp
2025-10-30 14:02:42,631 [INFO] Successfully cached 5 numbered docs from https://daa.uit.edu.vn/quy-che-quy-dinh-dao-tao-dai-hoc-cua-bo-gddt?page=4
2025-10-30 14:02:42,650 [INFO] Saved HTML [daa/quydinh_huongdan/quyche-bogddt]: daa.uit.edu.vn_quy-che-quy-dinh-dao-tao-dai-hoc-cua-bo-gddt?page=4.html
2025-10-30 14:02:42,749 [INFO] Saved Markdown [daa/quydinh_huongdan/quyche-bogddt]: daa.uit.edu.vn_quy-che-quy-dinh-dao-tao-dai-hoc-cua-bo-gddt?page=4.md
2025-10-30 14:02:42,755 [INFO] Found 6 potential numbered items in https://daa.uit.edu.vn/quy-che-quy-dinh-dao-tao-dai-hoc-cua-bo-gddt?page=5
2025-10-30 14:02:42,756 [INFO] Cached numbered doc: https://daa.uit.edu.vn/sites/daa/files/202505/08.2025-tt-bgddt_quy_dinh_thoi_han_luu_tru_ho_so_tai_lieu_thuoc_linh_vuc_gddt.pdf -> 08. 2025-tt-bgddt_quy_dinh_thoi_han_luu_tru_ho_so_tai_lieu_thuoc_linh_vuc_gddt.pdf
2025-10-30 14:02:42,756 [INFO] Cached numbered doc: https://daa.uit.edu.vn/thongbao/18-quy-trinh-phan-cong-can-bo-coi-thi-cho-cac-dot-thi-tap-trung-he-dai-hoc-chinh-quy -> 18. Quy trình phân công cán bộ coi thi cho các đợt thi tập trung hệ đại học chính quy
2025-10-30 14:02:42,757 [INFO] Cached numbered doc: https://daa.uit.edu.vn/thongbao/17-quy-dinh-ve-chinh-sach-ho-tro-cong-bo-khoa-hoc -> 17. Quy định về chính sách hỗ trợ công bố khoa học
2025-10-30 14:02:42,757 [INFO] Cached numbered doc: https://daa.uit.edu.vn/thongbao/16-thoi-diem-va-muc-thu-hoc-phi-gia-han-doi-voi-sinh-vien-he-dai-hoc-chinh-quy -> 16. Thời điểm và mức thu học phí gia hạn đối với sinh viên hệ đại học chính quy
2025-10-30 14:02:42,758 [INFO] Cached numbered doc: https://daa.uit.edu.vn/15-qui-dinh-ve-giang-vien-giang-vien-va-tro-giang-mon-hoc -> 15. Qui định về giảng viên giảng viên và trợ giảng môn học
2025-10-30 14:02:42,759 [INFO] Cached numbered doc: https://daa.uit.edu.vn/thongbao/14-qui-dinh-cach-dat-ma-mon-hoc -> 14. Qui định cách đặt mã môn học
2025-10-30 14:02:42,759 [INFO] Successfully cached 6 numbered docs from https://daa.uit.edu.vn/quy-che-quy-dinh-dao-tao-dai-hoc-cua-bo-gddt?page=5
2025-10-30 14:02:42,786 [INFO] Saved HTML [daa/quydinh_huongdan/quyche-bogddt]: daa.uit.edu.vn_quy-che-quy-dinh-dao-tao-dai-hoc-cua-bo-gddt?page=5.html
2025-10-30 14:02:42,841 [INFO] Saved Markdown [daa/quydinh_huongdan/quyche-bogddt]: daa.uit.edu.vn_quy-che-quy-dinh-dao-tao-dai-hoc-cua-bo-gddt?page=5.md
2025-10-30 14:02:42,844 [INFO] Found 6 potential numbered items in https://daa.uit.edu.vn/quy-che-quy-dinh-dao-tao-dai-hoc-cua-bo-gddt?page=6
2025-10-30 14:02:42,844 [INFO] Cached numbered doc: https://daa.uit.edu.vn/sites/daa/files/202505/08.2025-tt-bgddt_quy_dinh_thoi_han_luu_tru_ho_so_tai_lieu_thuoc_linh_vuc_gddt.pdf -> 08. 2025-tt-bgddt_quy_dinh_thoi_han_luu_tru_ho_so_tai_lieu_thuoc_linh_vuc_gddt.pdf
2025-10-30 14:02:42,845 [INFO] Cached numbered doc: https://daa.uit.edu.vn/thongbao/12-quyet-dinh-ve-viec-ban-hanh-quy-dinh-ve-dao-tao-chuong-trinh-chat-luong-cao -> 12. Quyết định về việc ban hành Quy định về đào tạo chương trình Chất lượng cao
2025-10-30 14:02:42,846 [INFO] Cached numbered doc: https://daa.uit.edu.vn/thongbao/11-quyet-dinh-ve-viec-ban-hanh-quy-dinh-ve-viec-mo-nganh-dao-tao -> 11. Quyết định về việc ban hành Quy định về việc mở ngành đào tạo
2025-10-30 14:02:42,846 [INFO] Cached numbered doc: https://daa.uit.edu.vn/thongbao/10-quyet-dinh-ve-viec-ban-hanh-quy-trinh-danh-gia-cap-nhat-ctdt-trinh-do-dhsdh -> 10. Quyết định về việc ban hành Quy trình đánh giá, cập nhật CTĐT trình độ ĐHSĐH
2025-10-30 14:02:42,846 [INFO] Cached numbered doc: https://daa.uit.edu.vn/09-quyet-dinh-ve-viec-ban-hanh-quy-che-dao-tao-cho-sinh-vien-he-dao-tao-tu-xa-trinh-do-dai-hoc -> 09. Quyết định về việc ban hành Quy chế đào tạo cho sinh viên hệ đào tạo từ xa trình độ đại học
2025-10-30 14:02:42,847 [INFO] Cached numbered doc: https://daa.uit.edu.vn/thongbao/08-quyet-dinh-ve-viec-ban-hanh-quy-trinh-bao-nghi-day-day-bu -> 08. Quyết định về việc ban hành Quy trình báo nghỉ dạy, dạy bù
2025-10-30 14:02:42,847 [INFO] Successfully cached 6 numbered docs from https://daa.uit.edu.vn/quy-che-quy-dinh-dao-tao-dai-hoc-cua-bo-gddt?page=6
2025-10-30 14:02:42,866 [INFO] Saved HTML [daa/quydinh_huongdan/quyche-bogddt]: daa.uit.edu.vn_quy-che-quy-dinh-dao-tao-dai-hoc-cua-bo-gddt?page=6.html
2025-10-30 14:02:42,930 [INFO] Saved Markdown [daa/quydinh_huongdan/quyche-bogddt]: daa.uit.edu.vn_quy-che-quy-dinh-dao-tao-dai-hoc-cua-bo-gddt?page=6.md
2025-10-30 14:02:42,933 [INFO] Found 6 potential numbered items in https://daa.uit.edu.vn/quy-che-quy-dinh-dao-tao-dai-hoc-cua-bo-gddt?page=7
2025-10-30 14:02:42,933 [INFO] Cached numbered doc: https://daa.uit.edu.vn/sites/daa/files/202505/08.2025-tt-bgddt_quy_dinh_thoi_han_luu_tru_ho_so_tai_lieu_thuoc_linh_vuc_gddt.pdf -> 08. 2025-tt-bgddt_quy_dinh_thoi_han_luu_tru_ho_so_tai_lieu_thuoc_linh_vuc_gddt.pdf
2025-10-30 14:02:42,933 [INFO] Cached numbered doc: https://daa.uit.edu.vn/07-quyet-dinh-ve-viec-ban-hanh-quy-dinh-chuc-thi-tap-trung-cac-mon-hoc-he-dhcq -> 07. Quyết định về việc ban hành Quy định tổ chức thi tập trung các môn học hệ ĐHCQ
2025-10-30 14:02:42,933 [INFO] Cached numbered doc: https://daa.uit.edu.vn/06-quyet-dinh-ve-viec-ban-hanh-quy-dinh-ve-khoa-luan-tot-nghiep-cho-sv-he-cq -> 06. Quyết định về việc ban hành Quy định về khóa luận tốt nghiệp cho SV hệ CQ
2025-10-30 14:02:42,934 [INFO] Cached numbered doc: https://daa.uit.edu.vn/05-quy-dinh-dao-tao-ngoai-ngu-doi-voi-he-dai-hoc-chinh-quy-cua-truong-dhcntt -> 05. Quy định đào tạo ngoại ngữ đối với hệ đại học chính quy của Trường ĐHCNTT
2025-10-30 14:02:42,934 [INFO] Cached numbered doc: https://daa.uit.edu.vn/thongbao/04-quyet-dinh-ve-viec-ban-hanh-quy-dinh-ve-he-tai-nang -> 04. Quyết định về việc ban hành Quy định về hệ tài năng
2025-10-30 14:02:42,934 [INFO] Cached numbered doc: https://daa.uit.edu.vn/03-quyet-dinh-ve-viec-ban-hanh-quy-che-van-bang-chung-chi -> 03. Quyết định về việc ban hành Quy chế văn bằng chứng chỉ
2025-10-30 14:02:42,934 [INFO] Successfully cached 6 numbered docs from https://daa.uit.edu.vn/quy-che-quy-dinh-dao-tao-dai-hoc-cua-bo-gddt?page=7
2025-10-30 14:02:42,951 [INFO] Saved HTML [daa/quydinh_huongdan/quyche-bogddt]: daa.uit.edu.vn_quy-che-quy-dinh-dao-tao-dai-hoc-cua-bo-gddt?page=7.html
2025-10-30 14:02:43,009 [INFO] Saved Markdown [daa/quydinh_huongdan/quyche-bogddt]: daa.uit.edu.vn_quy-che-quy-dinh-dao-tao-dai-hoc-cua-bo-gddt?page=7.md
2025-10-30 14:02:43,028 [INFO] Saved HTML [daa/quydinh_huongdan/quyche-bogddt]: daa.uit.edu.vn_quy-che-quy-dinh-dao-tao-dai-hoc-cua-bo-gddt?page=8.html
2025-10-30 14:02:43,032 [INFO] Saved Markdown [daa/quydinh_huongdan/quyche-bogddt]: daa.uit.edu.vn_quy-che-quy-dinh-dao-tao-dai-hoc-cua-bo-gddt?page=8.md
2025-10-30 14:02:43,034 [INFO] Saved 9/9 pages, skipped 0 (cached) from https://daa.uit.edu.vn/quy-che-quy-dinh-dao-tao-dai-hoc-cua-bo-gddt
2025-10-30 14:02:43,035 [INFO] Found 44 new numbered detail pages to crawl from https://daa.uit.edu.vn/quy-che-quy-dinh-dao-tao-dai-hoc-cua-bo-gddt
2025-10-30 14:02:43,035 [INFO] Crawling numbered detail: https://daa.uit.edu.vn/sites/daa/files/202505/08.2025-tt-bgddt_quy_dinh_thoi_han_luu_tru_ho_so_tai_lieu_thuoc_linh_vuc_gddt.pdf
2025-10-30 14:02:43,040 [ERROR] Error crawling detail https://daa.uit.edu.vn/sites/daa/files/202505/08.2025-tt-bgddt_quy_dinh_thoi_han_luu_tru_ho_so_tai_lieu_thuoc_linh_vuc_gddt.pdf: Unexpected error during start crawl job: Status code 400. URL depth exceeds the specified maxDepth - [{'code': 'custom', 'message': 'URL depth exceeds the specified maxDepth', 'path': ['url']}]
2025-10-30 14:02:45,041 [INFO] Crawling numbered detail: https://daa.uit.edu.vn/39quy-dinh-ve-liem-chinh-hoc-thuat-tai-truong-dai-hoc-cong-nghe-thong-tin
2025-10-30 14:03:21,286 [INFO] Using cached numbered doc: 39-quy-dinh-ve-liem-chinh-hoc-thuat-tai-truong-dai-hoc-cong-nghe-thong-tin in qui-che-qui-dinh-qui-trinh
2025-10-30 14:03:21,293 [INFO] Saved HTML [daa/quydinh_huongdan/qui-che-qui-dinh-qui-trinh/39-quy-dinh-ve-liem-chinh-hoc-thuat-tai-truong-dai-hoc-cong-nghe-thong-tin]: daa.uit.edu.vn_39quy-dinh-ve-liem-chinh-hoc-thuat-tai-truong-dai-hoc-cong-nghe-thong-tin.html
2025-10-30 14:03:21,303 [INFO] Saved Markdown [daa/quydinh_huongdan/qui-che-qui-dinh-qui-trinh/39-quy-dinh-ve-liem-chinh-hoc-thuat-tai-truong-dai-hoc-cong-nghe-thong-tin]: daa.uit.edu.vn_39quy-dinh-ve-liem-chinh-hoc-thuat-tai-truong-dai-hoc-cong-nghe-thong-tin.md
2025-10-30 14:03:21,306 [INFO] ✓ Saved numbered detail: https://daa.uit.edu.vn/39quy-dinh-ve-liem-chinh-hoc-thuat-tai-truong-dai-hoc-cong-nghe-thong-tin
2025-10-30 14:03:23,306 [INFO] Crawling numbered detail: https://daa.uit.edu.vn/38-quy-trinh-xu-ly-hoc-vu-sinh-vien-dai-hoc-chinh-quy
2025-10-30 14:04:05,582 [INFO] Using cached numbered doc: 38-quy-trinh-xu-ly-hoc-vu-sinh-vien-dai-hoc-chinh-quy in huong-dan-sinh-vien
2025-10-30 14:04:05,592 [INFO] Saved HTML [daa/quydinh_huongdan/huong-dan-sinh-vien/38-quy-trinh-xu-ly-hoc-vu-sinh-vien-dai-hoc-chinh-quy]: daa.uit.edu.vn_38-quy-trinh-xu-ly-hoc-vu-sinh-vien-dai-hoc-chinh-quy.html
2025-10-30 14:04:05,601 [INFO] Saved Markdown [daa/quydinh_huongdan/huong-dan-sinh-vien/38-quy-trinh-xu-ly-hoc-vu-sinh-vien-dai-hoc-chinh-quy]: daa.uit.edu.vn_38-quy-trinh-xu-ly-hoc-vu-sinh-vien-dai-hoc-chinh-quy.md
2025-10-30 14:04:05,604 [INFO] ✓ Saved numbered detail: https://daa.uit.edu.vn/38-quy-trinh-xu-ly-hoc-vu-sinh-vien-dai-hoc-chinh-quy
2025-10-30 14:04:07,605 [INFO] Crawling numbered detail: https://daa.uit.edu.vn/37-ban-hanh-quy-dinh-chuc-quan-ly-chuong-trinh-lien-ket-dao-tao-voi-nuoc-ngoai-trinh-do-dai-hoc-tai
2025-10-30 14:04:49,876 [INFO] Using cached numbered doc: 37-ban-hanh-quy-dinh-to-chuc-quan-ly-chuong-trinh-lien-ket-dao-tao-voi-nuoc-ngoai-trinh-do-dai-hoc-tai-truong-dhcntt in qui-che-qui-dinh-qui-trinh
2025-10-30 14:04:49,885 [INFO] Saved HTML [daa/quydinh_huongdan/qui-che-qui-dinh-qui-trinh/37-ban-hanh-quy-dinh-to-chuc-quan-ly-chuong-trinh-lien-ket-dao-tao-voi-nuoc-ngoai-trinh-do-dai-hoc-tai-truong-dhcntt]: daa.uit.edu.vn_37-ban-hanh-quy-dinh-chuc-quan-ly-chuong-trinh-lien-ket-dao-tao-voi-nuoc-ngoai-trinh-do-dai-hoc-tai.html
2025-10-30 14:04:49,893 [INFO] Saved Markdown [daa/quydinh_huongdan/qui-che-qui-dinh-qui-trinh/37-ban-hanh-quy-dinh-to-chuc-quan-ly-chuong-trinh-lien-ket-dao-tao-voi-nuoc-ngoai-trinh-do-dai-hoc-tai-truong-dhcntt]: daa.uit.edu.vn_37-ban-hanh-quy-dinh-chuc-quan-ly-chuong-trinh-lien-ket-dao-tao-voi-nuoc-ngoai-trinh-do-dai-hoc-tai.md
2025-10-30 14:04:49,897 [INFO] ✓ Saved numbered detail: https://daa.uit.edu.vn/37-ban-hanh-quy-dinh-chuc-quan-ly-chuong-trinh-lien-ket-dao-tao-voi-nuoc-ngoai-trinh-do-dai-hoc-tai
2025-10-30 14:04:51,896 [INFO] Crawling numbered detail: https://daa.uit.edu.vn/36-quy-dinh-ve-do-tot-nghiep
2025-10-30 14:05:36,175 [INFO] Using cached numbered doc: 36-quy-dinh-ve-do-an-tot-nghiep in huong-dan-sinh-vien
2025-10-30 14:05:36,189 [INFO] Saved HTML [daa/quydinh_huongdan/huong-dan-sinh-vien/36-quy-dinh-ve-do-an-tot-nghiep]: daa.uit.edu.vn_36-quy-dinh-ve-do-tot-nghiep.html
2025-10-30 14:05:36,198 [INFO] Saved Markdown [daa/quydinh_huongdan/huong-dan-sinh-vien/36-quy-dinh-ve-do-an-tot-nghiep]: daa.uit.edu.vn_36-quy-dinh-ve-do-tot-nghiep.md
2025-10-30 14:05:36,202 [INFO] ✓ Saved numbered detail: https://daa.uit.edu.vn/36-quy-dinh-ve-do-tot-nghiep
2025-10-30 14:05:38,203 [INFO] Crawling numbered detail: https://daa.uit.edu.vn/sites/daa/files/202505/08.2025-tt-bgddt_quy_dinh_thoi_han_luu_tru_ho_so_tai_lieu_thuoc_linh_vuc_gddt.pdf
2025-10-30 14:05:38,207 [ERROR] Error crawling detail https://daa.uit.edu.vn/sites/daa/files/202505/08.2025-tt-bgddt_quy_dinh_thoi_han_luu_tru_ho_so_tai_lieu_thuoc_linh_vuc_gddt.pdf: Unexpected error during start crawl job: Status code 400. URL depth exceeds the specified maxDepth - [{'code': 'custom', 'message': 'URL depth exceeds the specified maxDepth', 'path': ['url']}]
2025-10-30 14:05:40,207 [INFO] Crawling numbered detail: https://daa.uit.edu.vn/35-quy-trinh-cong-nhan-tin-chi-trong-dao-tao-dai-hoc-cua-truong-dai-hoc-cong-nghe-thong-tin
2025-10-30 14:06:20,528 [INFO] Using cached numbered doc: 35-quy-trinh-cong-nhan-tin-chi-trong-dao-tao-dai-hoc-cua-truong-dai-hoc-cong-nghe-thong-tin in qui-che-qui-dinh-qui-trinh
2025-10-30 14:06:20,534 [INFO] Saved HTML [daa/quydinh_huongdan/qui-che-qui-dinh-qui-trinh/35-quy-trinh-cong-nhan-tin-chi-trong-dao-tao-dai-hoc-cua-truong-dai-hoc-cong-nghe-thong-tin]: daa.uit.edu.vn_35-quy-trinh-cong-nhan-tin-chi-trong-dao-tao-dai-hoc-cua-truong-dai-hoc-cong-nghe-thong-tin.html
2025-10-30 14:06:20,543 [INFO] Saved Markdown [daa/quydinh_huongdan/qui-che-qui-dinh-qui-trinh/35-quy-trinh-cong-nhan-tin-chi-trong-dao-tao-dai-hoc-cua-truong-dai-hoc-cong-nghe-thong-tin]: daa.uit.edu.vn_35-quy-trinh-cong-nhan-tin-chi-trong-dao-tao-dai-hoc-cua-truong-dai-hoc-cong-nghe-thong-tin.md
2025-10-30 14:06:20,546 [INFO] ✓ Saved numbered detail: https://daa.uit.edu.vn/35-quy-trinh-cong-nhan-tin-chi-trong-dao-tao-dai-hoc-cua-truong-dai-hoc-cong-nghe-thong-tin
2025-10-30 14:06:22,545 [INFO] Crawling numbered detail: https://daa.uit.edu.vn/34-quy-trinh-chuyen-sinh-vien-tu-hinh-thuc-dao-tao-chinh-quy-sang-hinh-thuc-dao-tao-tu-xa
2025-10-30 14:07:06,825 [INFO] Using cached numbered doc: 34-quy-trinh-chuyen-sinh-vien-tu-hinh-thuc-dao-tao-chinh-quy-sang-hinh-thuc-dao-tao-tu-xa in qui-che-qui-dinh-qui-trinh
2025-10-30 14:07:06,834 [INFO] Saved HTML [daa/quydinh_huongdan/qui-che-qui-dinh-qui-trinh/34-quy-trinh-chuyen-sinh-vien-tu-hinh-thuc-dao-tao-chinh-quy-sang-hinh-thuc-dao-tao-tu-xa]: daa.uit.edu.vn_34-quy-trinh-chuyen-sinh-vien-tu-hinh-thuc-dao-tao-chinh-quy-sang-hinh-thuc-dao-tao-tu-xa.html
2025-10-30 14:07:06,843 [INFO] Saved Markdown [daa/quydinh_huongdan/qui-che-qui-dinh-qui-trinh/34-quy-trinh-chuyen-sinh-vien-tu-hinh-thuc-dao-tao-chinh-quy-sang-hinh-thuc-dao-tao-tu-xa]: daa.uit.edu.vn_34-quy-trinh-chuyen-sinh-vien-tu-hinh-thuc-dao-tao-chinh-quy-sang-hinh-thuc-dao-tao-tu-xa.md
2025-10-30 14:07:06,847 [INFO] ✓ Saved numbered detail: https://daa.uit.edu.vn/34-quy-trinh-chuyen-sinh-vien-tu-hinh-thuc-dao-tao-chinh-quy-sang-hinh-thuc-dao-tao-tu-xa
2025-10-30 14:07:08,848 [INFO] Crawling numbered detail: https://daa.uit.edu.vn/33-quy-che-tuyen-sinh-hinh-thuc-dao-tao-tu-xa-trinh-do-dai-hoc
2025-10-30 14:07:51,143 [INFO] Using cached numbered doc: 33-quy-che-tuyen-sinh-hinh-thuc-dao-tao-tu-xa-trinh-do-dai-hoc in qui-che-qui-dinh-qui-trinh
2025-10-30 14:07:51,150 [INFO] Saved HTML [daa/quydinh_huongdan/qui-che-qui-dinh-qui-trinh/33-quy-che-tuyen-sinh-hinh-thuc-dao-tao-tu-xa-trinh-do-dai-hoc]: daa.uit.edu.vn_33-quy-che-tuyen-sinh-hinh-thuc-dao-tao-tu-xa-trinh-do-dai-hoc.html
2025-10-30 14:07:51,156 [INFO] Saved Markdown [daa/quydinh_huongdan/qui-che-qui-dinh-qui-trinh/33-quy-che-tuyen-sinh-hinh-thuc-dao-tao-tu-xa-trinh-do-dai-hoc]: daa.uit.edu.vn_33-quy-che-tuyen-sinh-hinh-thuc-dao-tao-tu-xa-trinh-do-dai-hoc.md
2025-10-30 14:07:51,159 [INFO] ✓ Saved numbered detail: https://daa.uit.edu.vn/33-quy-che-tuyen-sinh-hinh-thuc-dao-tao-tu-xa-trinh-do-dai-hoc
2025-10-30 14:07:53,160 [INFO] Crawling numbered detail: https://daa.uit.edu.vn/32-quy-trinh-canh-bao-sinh-vien-he-dai-hoc-chinh-quy-ve-ket-qua-dang-ky-hoc-phan-va-ket-qua-hoc-tap
2025-10-30 14:08:35,435 [INFO] Using cached numbered doc: 32-quy-trinh-canh-bao-sinh-vien-he-dai-hoc-chinh-quy-ve-ket-qua-dang-ky-hoc-phan-va-ket-qua-hoc-tap in huong-dan-sinh-vien
2025-10-30 14:08:35,444 [INFO] Saved HTML [daa/quydinh_huongdan/huong-dan-sinh-vien/32-quy-trinh-canh-bao-sinh-vien-he-dai-hoc-chinh-quy-ve-ket-qua-dang-ky-hoc-phan-va-ket-qua-hoc-tap]: daa.uit.edu.vn_32-quy-trinh-canh-bao-sinh-vien-he-dai-hoc-chinh-quy-ve-ket-qua-dang-ky-hoc-phan-va-ket-qua-hoc-tap.html
2025-10-30 14:08:35,450 [INFO] Saved Markdown [daa/quydinh_huongdan/huong-dan-sinh-vien/32-quy-trinh-canh-bao-sinh-vien-he-dai-hoc-chinh-quy-ve-ket-qua-dang-ky-hoc-phan-va-ket-qua-hoc-tap]: daa.uit.edu.vn_32-quy-trinh-canh-bao-sinh-vien-he-dai-hoc-chinh-quy-ve-ket-qua-dang-ky-hoc-phan-va-ket-qua-hoc-tap.md
2025-10-30 14:08:35,453 [INFO] ✓ Saved numbered detail: https://daa.uit.edu.vn/32-quy-trinh-canh-bao-sinh-vien-he-dai-hoc-chinh-quy-ve-ket-qua-dang-ky-hoc-phan-va-ket-qua-hoc-tap
2025-10-30 14:08:37,453 [INFO] Crawling numbered detail: https://daa.uit.edu.vn/31-quy-che-tuyen-sinh-dai-hoc-chinh-quy
2025-10-30 14:09:21,720 [INFO] Using cached numbered doc: 31-quy-che-tuyen-sinh-dai-hoc-chinh-quy in qui-che-qui-dinh-qui-trinh
2025-10-30 14:09:21,728 [INFO] Saved HTML [daa/quydinh_huongdan/qui-che-qui-dinh-qui-trinh/31-quy-che-tuyen-sinh-dai-hoc-chinh-quy]: daa.uit.edu.vn_31-quy-che-tuyen-sinh-dai-hoc-chinh-quy.html
2025-10-30 14:09:21,736 [INFO] Saved Markdown [daa/quydinh_huongdan/qui-che-qui-dinh-qui-trinh/31-quy-che-tuyen-sinh-dai-hoc-chinh-quy]: daa.uit.edu.vn_31-quy-che-tuyen-sinh-dai-hoc-chinh-quy.md
2025-10-30 14:09:21,739 [INFO] ✓ Saved numbered detail: https://daa.uit.edu.vn/31-quy-che-tuyen-sinh-dai-hoc-chinh-quy
2025-10-30 14:09:23,740 [INFO] Crawling numbered detail: https://daa.uit.edu.vn/sites/daa/files/202505/08.2025-tt-bgddt_quy_dinh_thoi_han_luu_tru_ho_so_tai_lieu_thuoc_linh_vuc_gddt.pdf
2025-10-30 14:09:23,745 [ERROR] Error crawling detail https://daa.uit.edu.vn/sites/daa/files/202505/08.2025-tt-bgddt_quy_dinh_thoi_han_luu_tru_ho_so_tai_lieu_thuoc_linh_vuc_gddt.pdf: Unexpected error during start crawl job: Status code 400. URL depth exceeds the specified maxDepth - [{'code': 'custom', 'message': 'URL depth exceeds the specified maxDepth', 'path': ['url']}]
2025-10-30 14:09:25,745 [INFO] Crawling numbered detail: https://daa.uit.edu.vn/30-huong-dan-chuyen-doi-he-thong-tin-chi-sang-he-thong-tich-luy-va-chuyen-doi-tin-chi-cua-chau-au
2025-10-30 14:10:05,998 [INFO] Using cached numbered doc: 30-huong-dan-chuyen-doi-he-thong-tin-chi-sang-he-thong-tich-luy-va-chuyen-doi-tin-chi-cua-chau-au in qui-che-qui-dinh-qui-trinh
2025-10-30 14:10:06,005 [INFO] Saved HTML [daa/quydinh_huongdan/qui-che-qui-dinh-qui-trinh/30-huong-dan-chuyen-doi-he-thong-tin-chi-sang-he-thong-tich-luy-va-chuyen-doi-tin-chi-cua-chau-au]: daa.uit.edu.vn_30-huong-dan-chuyen-doi-he-thong-tin-chi-sang-he-thong-tich-luy-va-chuyen-doi-tin-chi-cua-chau-au.html
2025-10-30 14:10:06,013 [INFO] Saved Markdown [daa/quydinh_huongdan/qui-che-qui-dinh-qui-trinh/30-huong-dan-chuyen-doi-he-thong-tin-chi-sang-he-thong-tich-luy-va-chuyen-doi-tin-chi-cua-chau-au]: daa.uit.edu.vn_30-huong-dan-chuyen-doi-he-thong-tin-chi-sang-he-thong-tich-luy-va-chuyen-doi-tin-chi-cua-chau-au.md
2025-10-30 14:10:06,016 [INFO] ✓ Saved numbered detail: https://daa.uit.edu.vn/30-huong-dan-chuyen-doi-he-thong-tin-chi-sang-he-thong-tich-luy-va-chuyen-doi-tin-chi-cua-chau-au
2025-10-30 14:10:08,017 [INFO] Crawling numbered detail: https://daa.uit.edu.vn/29-quy-dinh-ve-do-tot-nghiep-tai-doanh-nghiep
2025-10-30 14:10:50,293 [INFO] Using cached numbered doc: 29-quy-dinh-ve-do-an-tot-nghiep-tai-doanh-nghiep in huong-dan-sinh-vien
2025-10-30 14:10:50,302 [INFO] Saved HTML [daa/quydinh_huongdan/huong-dan-sinh-vien/29-quy-dinh-ve-do-an-tot-nghiep-tai-doanh-nghiep]: daa.uit.edu.vn_29-quy-dinh-ve-do-tot-nghiep-tai-doanh-nghiep.html
2025-10-30 14:10:50,309 [INFO] Saved Markdown [daa/quydinh_huongdan/huong-dan-sinh-vien/29-quy-dinh-ve-do-an-tot-nghiep-tai-doanh-nghiep]: daa.uit.edu.vn_29-quy-dinh-ve-do-tot-nghiep-tai-doanh-nghiep.md
2025-10-30 14:10:50,312 [INFO] ✓ Saved numbered detail: https://daa.uit.edu.vn/29-quy-dinh-ve-do-tot-nghiep-tai-doanh-nghiep
2025-10-30 14:10:52,311 [INFO] Crawling numbered detail: https://daa.uit.edu.vn/28-quy-dinh-dao-tao-song-nganh-trinh-do-dai-hoc-he-chinh-quy
2025-10-30 14:11:36,584 [INFO] Using cached numbered doc: 28-quy-dinh-dao-tao-song-nganh-trinh-do-dai-hoc-he-chinh-quy in qui-che-qui-dinh-qui-trinh
2025-10-30 14:11:36,591 [INFO] Saved HTML [daa/quydinh_huongdan/qui-che-qui-dinh-qui-trinh/28-quy-dinh-dao-tao-song-nganh-trinh-do-dai-hoc-he-chinh-quy]: daa.uit.edu.vn_28-quy-dinh-dao-tao-song-nganh-trinh-do-dai-hoc-he-chinh-quy.html
2025-10-30 14:11:36,600 [INFO] Saved Markdown [daa/quydinh_huongdan/qui-che-qui-dinh-qui-trinh/28-quy-dinh-dao-tao-song-nganh-trinh-do-dai-hoc-he-chinh-quy]: daa.uit.edu.vn_28-quy-dinh-dao-tao-song-nganh-trinh-do-dai-hoc-he-chinh-quy.md
2025-10-30 14:11:36,603 [INFO] ✓ Saved numbered detail: https://daa.uit.edu.vn/28-quy-dinh-dao-tao-song-nganh-trinh-do-dai-hoc-he-chinh-quy
2025-10-30 14:11:38,603 [INFO] Crawling numbered detail: https://daa.uit.edu.vn/27-huong-dan-dang-ky-hoc-phan-cho-sinh-vien
2025-10-30 14:12:20,860 [INFO] Using cached numbered doc: 27-huong-dan-dang-ky-hoc-phan-cho-sinh-vien in huong-dan-sinh-vien
2025-10-30 14:12:20,867 [INFO] Saved HTML [daa/quydinh_huongdan/huong-dan-sinh-vien/27-huong-dan-dang-ky-hoc-phan-cho-sinh-vien]: daa.uit.edu.vn_27-huong-dan-dang-ky-hoc-phan-cho-sinh-vien.html
2025-10-30 14:12:20,875 [INFO] Saved Markdown [daa/quydinh_huongdan/huong-dan-sinh-vien/27-huong-dan-dang-ky-hoc-phan-cho-sinh-vien]: daa.uit.edu.vn_27-huong-dan-dang-ky-hoc-phan-cho-sinh-vien.md
2025-10-30 14:12:20,878 [INFO] ✓ Saved numbered detail: https://daa.uit.edu.vn/27-huong-dan-dang-ky-hoc-phan-cho-sinh-vien
2025-10-30 14:12:22,878 [INFO] Crawling numbered detail: https://daa.uit.edu.vn/sites/daa/files/202505/08.2025-tt-bgddt_quy_dinh_thoi_han_luu_tru_ho_so_tai_lieu_thuoc_linh_vuc_gddt.pdf
2025-10-30 14:12:22,882 [ERROR] Error crawling detail https://daa.uit.edu.vn/sites/daa/files/202505/08.2025-tt-bgddt_quy_dinh_thoi_han_luu_tru_ho_so_tai_lieu_thuoc_linh_vuc_gddt.pdf: Unexpected error during start crawl job: Status code 400. URL depth exceeds the specified maxDepth - [{'code': 'custom', 'message': 'URL depth exceeds the specified maxDepth', 'path': ['url']}]
2025-10-30 14:12:24,882 [INFO] Crawling numbered detail: https://daa.uit.edu.vn/thongbao/26-quy-dinh-moi-giang-vien-thinh-giang-tu-doanh-nghiep
2025-10-30 14:13:05,143 [INFO] Using cached numbered doc: 26-quy-dinh-moi-giang-vien-thinh-giang-tu-doanh-nghiep in qui-che-qui-dinh-qui-trinh
2025-10-30 14:13:05,151 [INFO] Saved HTML [daa/quydinh_huongdan/qui-che-qui-dinh-qui-trinh/26-quy-dinh-moi-giang-vien-thinh-giang-tu-doanh-nghiep]: daa.uit.edu.vn_thongbao_26-quy-dinh-moi-giang-vien-thinh-giang-tu-doanh-nghiep.html
2025-10-30 14:13:05,159 [INFO] Saved Markdown [daa/quydinh_huongdan/qui-che-qui-dinh-qui-trinh/26-quy-dinh-moi-giang-vien-thinh-giang-tu-doanh-nghiep]: daa.uit.edu.vn_thongbao_26-quy-dinh-moi-giang-vien-thinh-giang-tu-doanh-nghiep.md
2025-10-30 14:13:05,162 [INFO] ✓ Saved numbered detail: https://daa.uit.edu.vn/thongbao/26-quy-dinh-moi-giang-vien-thinh-giang-tu-doanh-nghiep
2025-10-30 14:13:07,162 [INFO] Crawling numbered detail: https://daa.uit.edu.vn/thongbao/25-quy-dinh-chuc-danh-gia-ket-qua-hoc-tap-theo-hinh-thuc-truc-tuyen
2025-10-30 14:13:51,447 [INFO] Using cached numbered doc: 25-quy-dinh-to-chuc-danh-gia-ket-qua-hoc-tap-theo-hinh-thuc-truc-tuyen in qui-che-qui-dinh-qui-trinh
2025-10-30 14:13:51,454 [INFO] Saved HTML [daa/quydinh_huongdan/qui-che-qui-dinh-qui-trinh/25-quy-dinh-to-chuc-danh-gia-ket-qua-hoc-tap-theo-hinh-thuc-truc-tuyen]: daa.uit.edu.vn_thongbao_25-quy-dinh-chuc-danh-gia-ket-qua-hoc-tap-theo-hinh-thuc-truc-tuyen.html
2025-10-30 14:13:51,461 [INFO] Saved Markdown [daa/quydinh_huongdan/qui-che-qui-dinh-qui-trinh/25-quy-dinh-to-chuc-danh-gia-ket-qua-hoc-tap-theo-hinh-thuc-truc-tuyen]: daa.uit.edu.vn_thongbao_25-quy-dinh-chuc-danh-gia-ket-qua-hoc-tap-theo-hinh-thuc-truc-tuyen.md
2025-10-30 14:13:51,464 [INFO] ✓ Saved numbered detail: https://daa.uit.edu.vn/thongbao/25-quy-dinh-chuc-danh-gia-ket-qua-hoc-tap-theo-hinh-thuc-truc-tuyen
2025-10-30 14:13:53,464 [INFO] Crawling numbered detail: https://daa.uit.edu.vn/thongbao/24-quyet-dinh-ve-viec-ban-hanh-quy-dinh-day-va-hoc-theo-phuong-thuc-truc-tuyen-va-phuong
2025-10-30 14:14:35,806 [INFO] Using cached numbered doc: 24-quyet-dinh-ve-viec-ban-hanh-quy-dinh-day-va-hoc-theo-phuong-thuc-truc-tuyen-va-phuong-thuc-ket-hop in qui-che-qui-dinh-qui-trinh
2025-10-30 14:14:35,822 [INFO] Saved HTML [daa/quydinh_huongdan/qui-che-qui-dinh-qui-trinh/24-quyet-dinh-ve-viec-ban-hanh-quy-dinh-day-va-hoc-theo-phuong-thuc-truc-tuyen-va-phuong-thuc-ket-hop]: daa.uit.edu.vn_thongbao_24-quyet-dinh-ve-viec-ban-hanh-quy-dinh-day-va-hoc-theo-phuong-thuc-truc-tuyen-va-phuong.html
2025-10-30 14:14:35,835 [INFO] Saved Markdown [daa/quydinh_huongdan/qui-che-qui-dinh-qui-trinh/24-quyet-dinh-ve-viec-ban-hanh-quy-dinh-day-va-hoc-theo-phuong-thuc-truc-tuyen-va-phuong-thuc-ket-hop]: daa.uit.edu.vn_thongbao_24-quyet-dinh-ve-viec-ban-hanh-quy-dinh-day-va-hoc-theo-phuong-thuc-truc-tuyen-va-phuong.md
2025-10-30 14:14:35,840 [INFO] ✓ Saved numbered detail: https://daa.uit.edu.vn/thongbao/24-quyet-dinh-ve-viec-ban-hanh-quy-dinh-day-va-hoc-theo-phuong-thuc-truc-tuyen-va-phuong
2025-10-30 14:14:37,841 [INFO] Crawling numbered detail: https://daa.uit.edu.vn/thongbao/23-quy-dinh-tam-thoi-ve-dao-tao-lien-thong-tu-trinh-do-dai-hoc-len-trinh-do-thac-si-he
2025-10-30 14:15:22,107 [INFO] Using cached numbered doc: 23-quy-dinh-tam-thoi-ve-dao-tao-lien-thong-tu-trinh-do-dai-hoc-len-trinh-do-thac-si-he-chinh-quy in qui-che-qui-dinh-qui-trinh
2025-10-30 14:15:22,113 [INFO] Saved HTML [daa/quydinh_huongdan/qui-che-qui-dinh-qui-trinh/23-quy-dinh-tam-thoi-ve-dao-tao-lien-thong-tu-trinh-do-dai-hoc-len-trinh-do-thac-si-he-chinh-quy]: daa.uit.edu.vn_thongbao_23-quy-dinh-tam-thoi-ve-dao-tao-lien-thong-tu-trinh-do-dai-hoc-len-trinh-do-thac-si-he.html
2025-10-30 14:15:22,119 [INFO] Saved Markdown [daa/quydinh_huongdan/qui-che-qui-dinh-qui-trinh/23-quy-dinh-tam-thoi-ve-dao-tao-lien-thong-tu-trinh-do-dai-hoc-len-trinh-do-thac-si-he-chinh-quy]: daa.uit.edu.vn_thongbao_23-quy-dinh-tam-thoi-ve-dao-tao-lien-thong-tu-trinh-do-dai-hoc-len-trinh-do-thac-si-he.md
2025-10-30 14:15:22,122 [INFO] ✓ Saved numbered detail: https://daa.uit.edu.vn/thongbao/23-quy-dinh-tam-thoi-ve-dao-tao-lien-thong-tu-trinh-do-dai-hoc-len-trinh-do-thac-si-he
2025-10-30 14:15:24,123 [INFO] Crawling numbered detail: https://daa.uit.edu.vn/sites/daa/files/202505/08.2025-tt-bgddt_quy_dinh_thoi_han_luu_tru_ho_so_tai_lieu_thuoc_linh_vuc_gddt.pdf
2025-10-30 14:15:24,127 [ERROR] Error crawling detail https://daa.uit.edu.vn/sites/daa/files/202505/08.2025-tt-bgddt_quy_dinh_thoi_han_luu_tru_ho_so_tai_lieu_thuoc_linh_vuc_gddt.pdf: Unexpected error during start crawl job: Status code 400. URL depth exceeds the specified maxDepth - [{'code': 'custom', 'message': 'URL depth exceeds the specified maxDepth', 'path': ['url']}]
2025-10-30 14:15:26,127 [INFO] Crawling numbered detail: https://daa.uit.edu.vn/thongbao/22-quy-dinh-ve-viec-chuc-day-hoc-ngoai-gio-hanh-chinh-doi-voi-cac-hoc-phan-trong-chuong
2025-10-30 14:16:06,387 [INFO] Using cached numbered doc: 22-quy-dinh-ve-viec-to-chuc-day-hoc-ngoai-gio-hanh-chinh-doi-voi-cac-hoc-phan-trong-chuong-trinh-dao-tao-dai-hoc-chinh-quy in qui-che-qui-dinh-qui-trinh
2025-10-30 14:16:06,394 [INFO] Saved HTML [daa/quydinh_huongdan/qui-che-qui-dinh-qui-trinh/22-quy-dinh-ve-viec-to-chuc-day-hoc-ngoai-gio-hanh-chinh-doi-voi-cac-hoc-phan-trong-chuong-trinh-dao-tao-dai-hoc-chinh-quy]: daa.uit.edu.vn_thongbao_22-quy-dinh-ve-viec-chuc-day-hoc-ngoai-gio-hanh-chinh-doi-voi-cac-hoc-phan-trong-chuong.html
2025-10-30 14:16:06,403 [INFO] Saved Markdown [daa/quydinh_huongdan/qui-che-qui-dinh-qui-trinh/22-quy-dinh-ve-viec-to-chuc-day-hoc-ngoai-gio-hanh-chinh-doi-voi-cac-hoc-phan-trong-chuong-trinh-dao-tao-dai-hoc-chinh-quy]: daa.uit.edu.vn_thongbao_22-quy-dinh-ve-viec-chuc-day-hoc-ngoai-gio-hanh-chinh-doi-voi-cac-hoc-phan-trong-chuong.md
2025-10-30 14:16:06,406 [INFO] ✓ Saved numbered detail: https://daa.uit.edu.vn/thongbao/22-quy-dinh-ve-viec-chuc-day-hoc-ngoai-gio-hanh-chinh-doi-voi-cac-hoc-phan-trong-chuong
2025-10-30 14:16:08,406 [INFO] Crawling numbered detail: https://daa.uit.edu.vn/thongbao/21-huong-dan-thang-phan-loai-nhan-thuc-ky-nang-thai-do-su-dung-tai-truong-dai-hoc-cong-nghe
2025-10-30 14:16:50,670 [INFO] Using cached numbered doc: 21-huong-dan-thang-phan-loai-nhan-thuc-ky-nang-thai-do-su-dung-tai-truong-dai-hoc-cong-nghe-thong-tin in qui-che-qui-dinh-qui-trinh
2025-10-30 14:16:50,679 [INFO] Saved HTML [daa/quydinh_huongdan/qui-che-qui-dinh-qui-trinh/21-huong-dan-thang-phan-loai-nhan-thuc-ky-nang-thai-do-su-dung-tai-truong-dai-hoc-cong-nghe-thong-tin]: daa.uit.edu.vn_thongbao_21-huong-dan-thang-phan-loai-nhan-thuc-ky-nang-thai-do-su-dung-tai-truong-dai-hoc-cong-nghe.html
2025-10-30 14:16:50,686 [INFO] Saved Markdown [daa/quydinh_huongdan/qui-che-qui-dinh-qui-trinh/21-huong-dan-thang-phan-loai-nhan-thuc-ky-nang-thai-do-su-dung-tai-truong-dai-hoc-cong-nghe-thong-tin]: daa.uit.edu.vn_thongbao_21-huong-dan-thang-phan-loai-nhan-thuc-ky-nang-thai-do-su-dung-tai-truong-dai-hoc-cong-nghe.md
2025-10-30 14:16:50,688 [INFO] ✓ Saved numbered detail: https://daa.uit.edu.vn/thongbao/21-huong-dan-thang-phan-loai-nhan-thuc-ky-nang-thai-do-su-dung-tai-truong-dai-hoc-cong-nghe
2025-10-30 14:16:52,687 [INFO] Crawling numbered detail: https://daa.uit.edu.vn/thongbao/20-quy-dinh-chuong-trinh-tien-tien
2025-10-30 14:17:36,947 [INFO] Using cached numbered doc: 20-quy-dinh-chuong-trinh-tien-tien in qui-che-qui-dinh-qui-trinh
2025-10-30 14:17:36,953 [INFO] Saved HTML [daa/quydinh_huongdan/qui-che-qui-dinh-qui-trinh/20-quy-dinh-chuong-trinh-tien-tien]: daa.uit.edu.vn_thongbao_20-quy-dinh-chuong-trinh-tien-tien.html
2025-10-30 14:17:36,960 [INFO] Saved Markdown [daa/quydinh_huongdan/qui-che-qui-dinh-qui-trinh/20-quy-dinh-chuong-trinh-tien-tien]: daa.uit.edu.vn_thongbao_20-quy-dinh-chuong-trinh-tien-tien.md
2025-10-30 14:17:36,963 [INFO] ✓ Saved numbered detail: https://daa.uit.edu.vn/thongbao/20-quy-dinh-chuong-trinh-tien-tien
2025-10-30 14:17:38,963 [INFO] Crawling numbered detail: https://daa.uit.edu.vn/thongbao/19-quy-trinh-nop-khoa-luan-tot-nghiep-sau-khi-bao-ve-truoc-hoi-dong-bao-ve-khoa-luan-tot
2025-10-30 14:18:21,216 [INFO] Using cached numbered doc: 19-quy-trinh-nop-khoa-luan-tot-nghiep-sau-khi-bao-ve-truoc-hoi-dong-bao-ve-khoa-luan-tot-nghiep in huong-dan-sinh-vien
2025-10-30 14:18:21,222 [INFO] Saved HTML [daa/quydinh_huongdan/huong-dan-sinh-vien/19-quy-trinh-nop-khoa-luan-tot-nghiep-sau-khi-bao-ve-truoc-hoi-dong-bao-ve-khoa-luan-tot-nghiep]: daa.uit.edu.vn_thongbao_19-quy-trinh-nop-khoa-luan-tot-nghiep-sau-khi-bao-ve-truoc-hoi-dong-bao-ve-khoa-luan-tot.html
2025-10-30 14:18:21,230 [INFO] Saved Markdown [daa/quydinh_huongdan/huong-dan-sinh-vien/19-quy-trinh-nop-khoa-luan-tot-nghiep-sau-khi-bao-ve-truoc-hoi-dong-bao-ve-khoa-luan-tot-nghiep]: daa.uit.edu.vn_thongbao_19-quy-trinh-nop-khoa-luan-tot-nghiep-sau-khi-bao-ve-truoc-hoi-dong-bao-ve-khoa-luan-tot.md
2025-10-30 14:18:21,233 [INFO] ✓ Saved numbered detail: https://daa.uit.edu.vn/thongbao/19-quy-trinh-nop-khoa-luan-tot-nghiep-sau-khi-bao-ve-truoc-hoi-dong-bao-ve-khoa-luan-tot
2025-10-30 14:18:23,233 [INFO] Crawling numbered detail: https://daa.uit.edu.vn/sites/daa/files/202505/08.2025-tt-bgddt_quy_dinh_thoi_han_luu_tru_ho_so_tai_lieu_thuoc_linh_vuc_gddt.pdf
2025-10-30 14:18:23,237 [ERROR] Error crawling detail https://daa.uit.edu.vn/sites/daa/files/202505/08.2025-tt-bgddt_quy_dinh_thoi_han_luu_tru_ho_so_tai_lieu_thuoc_linh_vuc_gddt.pdf: Unexpected error during start crawl job: Status code 400. URL depth exceeds the specified maxDepth - [{'code': 'custom', 'message': 'URL depth exceeds the specified maxDepth', 'path': ['url']}]
2025-10-30 14:18:25,238 [INFO] Crawling numbered detail: https://daa.uit.edu.vn/thongbao/18-quy-trinh-phan-cong-can-bo-coi-thi-cho-cac-dot-thi-tap-trung-he-dai-hoc-chinh-quy
2025-10-30 14:19:05,518 [INFO] Using cached numbered doc: 18-quy-trinh-phan-cong-can-bo-coi-thi-cho-cac-dot-thi-tap-trung-he-dai-hoc-chinh-quy in qui-che-qui-dinh-qui-trinh
2025-10-30 14:19:05,524 [INFO] Saved HTML [daa/quydinh_huongdan/qui-che-qui-dinh-qui-trinh/18-quy-trinh-phan-cong-can-bo-coi-thi-cho-cac-dot-thi-tap-trung-he-dai-hoc-chinh-quy]: daa.uit.edu.vn_thongbao_18-quy-trinh-phan-cong-can-bo-coi-thi-cho-cac-dot-thi-tap-trung-he-dai-hoc-chinh-quy.html
2025-10-30 14:19:05,534 [INFO] Saved Markdown [daa/quydinh_huongdan/qui-che-qui-dinh-qui-trinh/18-quy-trinh-phan-cong-can-bo-coi-thi-cho-cac-dot-thi-tap-trung-he-dai-hoc-chinh-quy]: daa.uit.edu.vn_thongbao_18-quy-trinh-phan-cong-can-bo-coi-thi-cho-cac-dot-thi-tap-trung-he-dai-hoc-chinh-quy.md
2025-10-30 14:19:05,537 [INFO] ✓ Saved numbered detail: https://daa.uit.edu.vn/thongbao/18-quy-trinh-phan-cong-can-bo-coi-thi-cho-cac-dot-thi-tap-trung-he-dai-hoc-chinh-quy
2025-10-30 14:19:07,538 [INFO] Crawling numbered detail: https://daa.uit.edu.vn/thongbao/17-quy-dinh-ve-chinh-sach-ho-tro-cong-bo-khoa-hoc
2025-10-30 14:19:51,784 [INFO] Using cached numbered doc: 17-quy-dinh-ve-chinh-sach-ho-tro-cong-bo-khoa-hoc in qui-che-qui-dinh-qui-trinh
2025-10-30 14:19:51,790 [INFO] Saved HTML [daa/quydinh_huongdan/qui-che-qui-dinh-qui-trinh/17-quy-dinh-ve-chinh-sach-ho-tro-cong-bo-khoa-hoc]: daa.uit.edu.vn_thongbao_17-quy-dinh-ve-chinh-sach-ho-tro-cong-bo-khoa-hoc.html
2025-10-30 14:19:51,801 [INFO] Saved Markdown [daa/quydinh_huongdan/qui-che-qui-dinh-qui-trinh/17-quy-dinh-ve-chinh-sach-ho-tro-cong-bo-khoa-hoc]: daa.uit.edu.vn_thongbao_17-quy-dinh-ve-chinh-sach-ho-tro-cong-bo-khoa-hoc.md
2025-10-30 14:19:51,805 [INFO] ✓ Saved numbered detail: https://daa.uit.edu.vn/thongbao/17-quy-dinh-ve-chinh-sach-ho-tro-cong-bo-khoa-hoc
2025-10-30 14:19:53,805 [INFO] Crawling numbered detail: https://daa.uit.edu.vn/thongbao/16-thoi-diem-va-muc-thu-hoc-phi-gia-han-doi-voi-sinh-vien-he-dai-hoc-chinh-quy
2025-10-30 14:20:36,044 [INFO] Using cached numbered doc: 16-thoi-diem-va-muc-thu-hoc-phi-gia-han-doi-voi-sinh-vien-he-dai-hoc-chinh-quy in qui-che-qui-dinh-qui-trinh
2025-10-30 14:20:36,052 [INFO] Saved HTML [daa/quydinh_huongdan/qui-che-qui-dinh-qui-trinh/16-thoi-diem-va-muc-thu-hoc-phi-gia-han-doi-voi-sinh-vien-he-dai-hoc-chinh-quy]: daa.uit.edu.vn_thongbao_16-thoi-diem-va-muc-thu-hoc-phi-gia-han-doi-voi-sinh-vien-he-dai-hoc-chinh-quy.html
2025-10-30 14:20:36,063 [INFO] Saved Markdown [daa/quydinh_huongdan/qui-che-qui-dinh-qui-trinh/16-thoi-diem-va-muc-thu-hoc-phi-gia-han-doi-voi-sinh-vien-he-dai-hoc-chinh-quy]: daa.uit.edu.vn_thongbao_16-thoi-diem-va-muc-thu-hoc-phi-gia-han-doi-voi-sinh-vien-he-dai-hoc-chinh-quy.md
2025-10-30 14:20:36,066 [INFO] ✓ Saved numbered detail: https://daa.uit.edu.vn/thongbao/16-thoi-diem-va-muc-thu-hoc-phi-gia-han-doi-voi-sinh-vien-he-dai-hoc-chinh-quy
2025-10-30 14:20:38,066 [INFO] Crawling numbered detail: https://daa.uit.edu.vn/15-qui-dinh-ve-giang-vien-giang-vien-va-tro-giang-mon-hoc
2025-10-30 14:21:22,280 [INFO] Using cached numbered doc: 15-qui-dinh-ve-giang-vien-giang-vien-va-tro-giang-mon-hoc in qui-che-qui-dinh-qui-trinh
2025-10-30 14:21:22,287 [INFO] Saved HTML [daa/quydinh_huongdan/qui-che-qui-dinh-qui-trinh/15-qui-dinh-ve-giang-vien-giang-vien-va-tro-giang-mon-hoc]: daa.uit.edu.vn_15-qui-dinh-ve-giang-vien-giang-vien-va-tro-giang-mon-hoc.html
2025-10-30 14:21:22,294 [INFO] Saved Markdown [daa/quydinh_huongdan/qui-che-qui-dinh-qui-trinh/15-qui-dinh-ve-giang-vien-giang-vien-va-tro-giang-mon-hoc]: daa.uit.edu.vn_15-qui-dinh-ve-giang-vien-giang-vien-va-tro-giang-mon-hoc.md
2025-10-30 14:21:22,297 [INFO] ✓ Saved numbered detail: https://daa.uit.edu.vn/15-qui-dinh-ve-giang-vien-giang-vien-va-tro-giang-mon-hoc
2025-10-30 14:21:24,298 [INFO] Crawling numbered detail: https://daa.uit.edu.vn/thongbao/14-qui-dinh-cach-dat-ma-mon-hoc
2025-10-30 14:22:06,501 [INFO] Using cached numbered doc: 14-qui-dinh-cach-dat-ma-mon-hoc in qui-che-qui-dinh-qui-trinh
2025-10-30 14:22:06,508 [INFO] Saved HTML [daa/quydinh_huongdan/qui-che-qui-dinh-qui-trinh/14-qui-dinh-cach-dat-ma-mon-hoc]: daa.uit.edu.vn_thongbao_14-qui-dinh-cach-dat-ma-mon-hoc.html
2025-10-30 14:22:06,516 [INFO] Saved Markdown [daa/quydinh_huongdan/qui-che-qui-dinh-qui-trinh/14-qui-dinh-cach-dat-ma-mon-hoc]: daa.uit.edu.vn_thongbao_14-qui-dinh-cach-dat-ma-mon-hoc.md
2025-10-30 14:22:06,519 [INFO] ✓ Saved numbered detail: https://daa.uit.edu.vn/thongbao/14-qui-dinh-cach-dat-ma-mon-hoc
2025-10-30 14:22:08,519 [INFO] Crawling numbered detail: https://daa.uit.edu.vn/sites/daa/files/202505/08.2025-tt-bgddt_quy_dinh_thoi_han_luu_tru_ho_so_tai_lieu_thuoc_linh_vuc_gddt.pdf
2025-10-30 14:22:08,525 [ERROR] Error crawling detail https://daa.uit.edu.vn/sites/daa/files/202505/08.2025-tt-bgddt_quy_dinh_thoi_han_luu_tru_ho_so_tai_lieu_thuoc_linh_vuc_gddt.pdf: Unexpected error during start crawl job: Status code 400. URL depth exceeds the specified maxDepth - [{'code': 'custom', 'message': 'URL depth exceeds the specified maxDepth', 'path': ['url']}]
2025-10-30 14:22:10,528 [INFO] Crawling numbered detail: https://daa.uit.edu.vn/thongbao/12-quyet-dinh-ve-viec-ban-hanh-quy-dinh-ve-dao-tao-chuong-trinh-chat-luong-cao
2025-10-30 14:22:50,736 [INFO] Using cached numbered doc: 12-quyet-dinh-ve-viec-ban-hanh-quy-dinh-ve-dao-tao-chuong-trinh-chat-luong-cao in qui-che-qui-dinh-qui-trinh
2025-10-30 14:22:50,743 [INFO] Saved HTML [daa/quydinh_huongdan/qui-che-qui-dinh-qui-trinh/12-quyet-dinh-ve-viec-ban-hanh-quy-dinh-ve-dao-tao-chuong-trinh-chat-luong-cao]: daa.uit.edu.vn_thongbao_12-quyet-dinh-ve-viec-ban-hanh-quy-dinh-ve-dao-tao-chuong-trinh-chat-luong-cao.html
2025-10-30 14:22:50,749 [INFO] Saved Markdown [daa/quydinh_huongdan/qui-che-qui-dinh-qui-trinh/12-quyet-dinh-ve-viec-ban-hanh-quy-dinh-ve-dao-tao-chuong-trinh-chat-luong-cao]: daa.uit.edu.vn_thongbao_12-quyet-dinh-ve-viec-ban-hanh-quy-dinh-ve-dao-tao-chuong-trinh-chat-luong-cao.md
2025-10-30 14:22:50,752 [INFO] ✓ Saved numbered detail: https://daa.uit.edu.vn/thongbao/12-quyet-dinh-ve-viec-ban-hanh-quy-dinh-ve-dao-tao-chuong-trinh-chat-luong-cao
2025-10-30 14:22:52,752 [INFO] Crawling numbered detail: https://daa.uit.edu.vn/thongbao/11-quyet-dinh-ve-viec-ban-hanh-quy-dinh-ve-viec-mo-nganh-dao-tao
2025-10-30 14:23:36,982 [INFO] Using cached numbered doc: 11-quyet-dinh-ve-viec-ban-hanh-quy-dinh-ve-viec-mo-nganh-dao-tao in qui-che-qui-dinh-qui-trinh
2025-10-30 14:23:36,990 [INFO] Saved HTML [daa/quydinh_huongdan/qui-che-qui-dinh-qui-trinh/11-quyet-dinh-ve-viec-ban-hanh-quy-dinh-ve-viec-mo-nganh-dao-tao]: daa.uit.edu.vn_thongbao_11-quyet-dinh-ve-viec-ban-hanh-quy-dinh-ve-viec-mo-nganh-dao-tao.html
2025-10-30 14:23:36,999 [INFO] Saved Markdown [daa/quydinh_huongdan/qui-che-qui-dinh-qui-trinh/11-quyet-dinh-ve-viec-ban-hanh-quy-dinh-ve-viec-mo-nganh-dao-tao]: daa.uit.edu.vn_thongbao_11-quyet-dinh-ve-viec-ban-hanh-quy-dinh-ve-viec-mo-nganh-dao-tao.md
2025-10-30 14:23:37,003 [INFO] ✓ Saved numbered detail: https://daa.uit.edu.vn/thongbao/11-quyet-dinh-ve-viec-ban-hanh-quy-dinh-ve-viec-mo-nganh-dao-tao
2025-10-30 14:23:39,003 [INFO] Crawling numbered detail: https://daa.uit.edu.vn/thongbao/10-quyet-dinh-ve-viec-ban-hanh-quy-trinh-danh-gia-cap-nhat-ctdt-trinh-do-dhsdh
2025-10-30 14:24:21,333 [INFO] Using cached numbered doc: 10-quyet-dinh-ve-viec-ban-hanh-quy-trinh-danh-gia-cap-nhat-ctdt-trinh-do-dhsdh in qui-che-qui-dinh-qui-trinh
2025-10-30 14:24:21,342 [INFO] Saved HTML [daa/quydinh_huongdan/qui-che-qui-dinh-qui-trinh/10-quyet-dinh-ve-viec-ban-hanh-quy-trinh-danh-gia-cap-nhat-ctdt-trinh-do-dhsdh]: daa.uit.edu.vn_thongbao_10-quyet-dinh-ve-viec-ban-hanh-quy-trinh-danh-gia-cap-nhat-ctdt-trinh-do-dhsdh.html
2025-10-30 14:24:21,348 [INFO] Saved Markdown [daa/quydinh_huongdan/qui-che-qui-dinh-qui-trinh/10-quyet-dinh-ve-viec-ban-hanh-quy-trinh-danh-gia-cap-nhat-ctdt-trinh-do-dhsdh]: daa.uit.edu.vn_thongbao_10-quyet-dinh-ve-viec-ban-hanh-quy-trinh-danh-gia-cap-nhat-ctdt-trinh-do-dhsdh.md
2025-10-30 14:24:21,351 [INFO] ✓ Saved numbered detail: https://daa.uit.edu.vn/thongbao/10-quyet-dinh-ve-viec-ban-hanh-quy-trinh-danh-gia-cap-nhat-ctdt-trinh-do-dhsdh
2025-10-30 14:24:23,352 [INFO] Crawling numbered detail: https://daa.uit.edu.vn/09-quyet-dinh-ve-viec-ban-hanh-quy-che-dao-tao-cho-sinh-vien-he-dao-tao-tu-xa-trinh-do-dai-hoc
2025-10-30 14:25:07,636 [INFO] Using cached numbered doc: 09-quyet-dinh-ve-viec-ban-hanh-quy-che-dao-tao-cho-sinh-vien-he-dao-tao-tu-xa-trinh-do-dai-hoc in qui-che-qui-dinh-qui-trinh
2025-10-30 14:25:07,645 [INFO] Saved HTML [daa/quydinh_huongdan/qui-che-qui-dinh-qui-trinh/09-quyet-dinh-ve-viec-ban-hanh-quy-che-dao-tao-cho-sinh-vien-he-dao-tao-tu-xa-trinh-do-dai-hoc]: daa.uit.edu.vn_09-quyet-dinh-ve-viec-ban-hanh-quy-che-dao-tao-cho-sinh-vien-he-dao-tao-tu-xa-trinh-do-dai-hoc.html
2025-10-30 14:25:07,653 [INFO] Saved Markdown [daa/quydinh_huongdan/qui-che-qui-dinh-qui-trinh/09-quyet-dinh-ve-viec-ban-hanh-quy-che-dao-tao-cho-sinh-vien-he-dao-tao-tu-xa-trinh-do-dai-hoc]: daa.uit.edu.vn_09-quyet-dinh-ve-viec-ban-hanh-quy-che-dao-tao-cho-sinh-vien-he-dao-tao-tu-xa-trinh-do-dai-hoc.md
2025-10-30 14:25:07,656 [INFO] ✓ Saved numbered detail: https://daa.uit.edu.vn/09-quyet-dinh-ve-viec-ban-hanh-quy-che-dao-tao-cho-sinh-vien-he-dao-tao-tu-xa-trinh-do-dai-hoc
2025-10-30 14:25:09,656 [INFO] Crawling numbered detail: https://daa.uit.edu.vn/thongbao/08-quyet-dinh-ve-viec-ban-hanh-quy-trinh-bao-nghi-day-day-bu
2025-10-30 14:25:51,921 [INFO] Using cached numbered doc: 08-quyet-dinh-ve-viec-ban-hanh-quy-trinh-bao-nghi-day-day-bu in qui-che-qui-dinh-qui-trinh
2025-10-30 14:25:51,927 [INFO] Saved HTML [daa/quydinh_huongdan/qui-che-qui-dinh-qui-trinh/08-quyet-dinh-ve-viec-ban-hanh-quy-trinh-bao-nghi-day-day-bu]: daa.uit.edu.vn_thongbao_08-quyet-dinh-ve-viec-ban-hanh-quy-trinh-bao-nghi-day-day-bu.html
2025-10-30 14:25:51,932 [INFO] Saved Markdown [daa/quydinh_huongdan/qui-che-qui-dinh-qui-trinh/08-quyet-dinh-ve-viec-ban-hanh-quy-trinh-bao-nghi-day-day-bu]: daa.uit.edu.vn_thongbao_08-quyet-dinh-ve-viec-ban-hanh-quy-trinh-bao-nghi-day-day-bu.md
2025-10-30 14:25:51,937 [INFO] ✓ Saved numbered detail: https://daa.uit.edu.vn/thongbao/08-quyet-dinh-ve-viec-ban-hanh-quy-trinh-bao-nghi-day-day-bu
2025-10-30 14:25:53,937 [INFO] Crawling numbered detail: https://daa.uit.edu.vn/sites/daa/files/202505/08.2025-tt-bgddt_quy_dinh_thoi_han_luu_tru_ho_so_tai_lieu_thuoc_linh_vuc_gddt.pdf
2025-10-30 14:25:53,941 [ERROR] Error crawling detail https://daa.uit.edu.vn/sites/daa/files/202505/08.2025-tt-bgddt_quy_dinh_thoi_han_luu_tru_ho_so_tai_lieu_thuoc_linh_vuc_gddt.pdf: Unexpected error during start crawl job: Status code 400. URL depth exceeds the specified maxDepth - [{'code': 'custom', 'message': 'URL depth exceeds the specified maxDepth', 'path': ['url']}]
2025-10-30 14:25:55,942 [INFO] Crawling numbered detail: https://daa.uit.edu.vn/07-quyet-dinh-ve-viec-ban-hanh-quy-dinh-chuc-thi-tap-trung-cac-mon-hoc-he-dhcq
2025-10-30 14:26:36,177 [INFO] Using cached numbered doc: 07-quyet-dinh-ve-viec-ban-hanh-quy-dinh-to-chuc-thi-tap-trung-cac-mon-hoc-he-dhcq in qui-che-qui-dinh-qui-trinh
2025-10-30 14:26:36,183 [INFO] Saved HTML [daa/quydinh_huongdan/qui-che-qui-dinh-qui-trinh/07-quyet-dinh-ve-viec-ban-hanh-quy-dinh-to-chuc-thi-tap-trung-cac-mon-hoc-he-dhcq]: daa.uit.edu.vn_07-quyet-dinh-ve-viec-ban-hanh-quy-dinh-chuc-thi-tap-trung-cac-mon-hoc-he-dhcq.html
2025-10-30 14:26:36,190 [INFO] Saved Markdown [daa/quydinh_huongdan/qui-che-qui-dinh-qui-trinh/07-quyet-dinh-ve-viec-ban-hanh-quy-dinh-to-chuc-thi-tap-trung-cac-mon-hoc-he-dhcq]: daa.uit.edu.vn_07-quyet-dinh-ve-viec-ban-hanh-quy-dinh-chuc-thi-tap-trung-cac-mon-hoc-he-dhcq.md
2025-10-30 14:26:36,193 [INFO] ✓ Saved numbered detail: https://daa.uit.edu.vn/07-quyet-dinh-ve-viec-ban-hanh-quy-dinh-chuc-thi-tap-trung-cac-mon-hoc-he-dhcq
2025-10-30 14:26:38,193 [INFO] Crawling numbered detail: https://daa.uit.edu.vn/06-quyet-dinh-ve-viec-ban-hanh-quy-dinh-ve-khoa-luan-tot-nghiep-cho-sv-he-cq
2025-10-30 14:27:22,457 [INFO] Using cached numbered doc: 06-quyet-dinh-ve-viec-ban-hanh-quy-dinh-ve-khoa-luan-tot-nghiep-cho-sv-he-cq in huong-dan-sinh-vien
2025-10-30 14:27:22,463 [INFO] Saved HTML [daa/quydinh_huongdan/huong-dan-sinh-vien/06-quyet-dinh-ve-viec-ban-hanh-quy-dinh-ve-khoa-luan-tot-nghiep-cho-sv-he-cq]: daa.uit.edu.vn_06-quyet-dinh-ve-viec-ban-hanh-quy-dinh-ve-khoa-luan-tot-nghiep-cho-sv-he-cq.html
2025-10-30 14:27:22,469 [INFO] Saved Markdown [daa/quydinh_huongdan/huong-dan-sinh-vien/06-quyet-dinh-ve-viec-ban-hanh-quy-dinh-ve-khoa-luan-tot-nghiep-cho-sv-he-cq]: daa.uit.edu.vn_06-quyet-dinh-ve-viec-ban-hanh-quy-dinh-ve-khoa-luan-tot-nghiep-cho-sv-he-cq.md
2025-10-30 14:27:22,471 [INFO] ✓ Saved numbered detail: https://daa.uit.edu.vn/06-quyet-dinh-ve-viec-ban-hanh-quy-dinh-ve-khoa-luan-tot-nghiep-cho-sv-he-cq
2025-10-30 14:27:24,472 [INFO] Crawling numbered detail: https://daa.uit.edu.vn/05-quy-dinh-dao-tao-ngoai-ngu-doi-voi-he-dai-hoc-chinh-quy-cua-truong-dhcntt
2025-10-30 14:28:06,730 [INFO] Using cached numbered doc: 05-quy-dinh-dao-tao-ngoai-ngu-doi-voi-he-dai-hoc-chinh-quy-cua-truong-dhcntt in qui-che-qui-dinh-qui-trinh
2025-10-30 14:28:06,737 [INFO] Saved HTML [daa/quydinh_huongdan/qui-che-qui-dinh-qui-trinh/05-quy-dinh-dao-tao-ngoai-ngu-doi-voi-he-dai-hoc-chinh-quy-cua-truong-dhcntt]: daa.uit.edu.vn_05-quy-dinh-dao-tao-ngoai-ngu-doi-voi-he-dai-hoc-chinh-quy-cua-truong-dhcntt.html
2025-10-30 14:28:06,764 [INFO] Saved Markdown [daa/quydinh_huongdan/qui-che-qui-dinh-qui-trinh/05-quy-dinh-dao-tao-ngoai-ngu-doi-voi-he-dai-hoc-chinh-quy-cua-truong-dhcntt]: daa.uit.edu.vn_05-quy-dinh-dao-tao-ngoai-ngu-doi-voi-he-dai-hoc-chinh-quy-cua-truong-dhcntt.md
2025-10-30 14:28:06,766 [INFO] ✓ Saved numbered detail: https://daa.uit.edu.vn/05-quy-dinh-dao-tao-ngoai-ngu-doi-voi-he-dai-hoc-chinh-quy-cua-truong-dhcntt
2025-10-30 14:28:08,766 [INFO] Crawling numbered detail: https://daa.uit.edu.vn/thongbao/04-quyet-dinh-ve-viec-ban-hanh-quy-dinh-ve-he-tai-nang
2025-10-30 14:28:51,045 [INFO] Using cached numbered doc: 04-quyet-dinh-ve-viec-ban-hanh-quy-dinh-ve-he-tai-nang in qui-che-qui-dinh-qui-trinh
2025-10-30 14:28:51,051 [INFO] Saved HTML [daa/quydinh_huongdan/qui-che-qui-dinh-qui-trinh/04-quyet-dinh-ve-viec-ban-hanh-quy-dinh-ve-he-tai-nang]: daa.uit.edu.vn_thongbao_04-quyet-dinh-ve-viec-ban-hanh-quy-dinh-ve-he-tai-nang.html
2025-10-30 14:28:51,061 [INFO] Saved Markdown [daa/quydinh_huongdan/qui-che-qui-dinh-qui-trinh/04-quyet-dinh-ve-viec-ban-hanh-quy-dinh-ve-he-tai-nang]: daa.uit.edu.vn_thongbao_04-quyet-dinh-ve-viec-ban-hanh-quy-dinh-ve-he-tai-nang.md
2025-10-30 14:28:51,066 [INFO] ✓ Saved numbered detail: https://daa.uit.edu.vn/thongbao/04-quyet-dinh-ve-viec-ban-hanh-quy-dinh-ve-he-tai-nang
2025-10-30 14:28:53,066 [INFO] Crawling numbered detail: https://daa.uit.edu.vn/03-quyet-dinh-ve-viec-ban-hanh-quy-che-van-bang-chung-chi
2025-10-30 14:29:37,386 [INFO] Using cached numbered doc: 03-quyet-dinh-ve-viec-ban-hanh-quy-che-van-bang-chung-chi in qui-che-qui-dinh-qui-trinh
2025-10-30 14:29:37,392 [INFO] Saved HTML [daa/quydinh_huongdan/qui-che-qui-dinh-qui-trinh/03-quyet-dinh-ve-viec-ban-hanh-quy-che-van-bang-chung-chi]: daa.uit.edu.vn_03-quyet-dinh-ve-viec-ban-hanh-quy-che-van-bang-chung-chi.html
2025-10-30 14:29:37,405 [INFO] Saved Markdown [daa/quydinh_huongdan/qui-che-qui-dinh-qui-trinh/03-quyet-dinh-ve-viec-ban-hanh-quy-che-van-bang-chung-chi]: daa.uit.edu.vn_03-quyet-dinh-ve-viec-ban-hanh-quy-che-van-bang-chung-chi.md
2025-10-30 14:29:37,408 [INFO] ✓ Saved numbered detail: https://daa.uit.edu.vn/03-quyet-dinh-ve-viec-ban-hanh-quy-che-van-bang-chung-chi
2025-10-30 14:29:39,409 [INFO] Starting crawl for: https://daa.uit.edu.vn/sites/daa/files/uploads/53_qd_dhcntt_19_2_2019scan.pdf (attempt 1/3)
2025-10-30 14:29:39,412 [INFO] Progress: 9/43 seeds completed
2025-10-30 14:30:24,694 [INFO] Crawled 0 pages from https://daa.uit.edu.vn/sites/daa/files/uploads/53_qd_dhcntt_19_2_2019scan.pdf
2025-10-30 14:30:24,695 [INFO] Saved 0/0 pages, skipped 0 (cached) from https://daa.uit.edu.vn/sites/daa/files/uploads/53_qd_dhcntt_19_2_2019scan.pdf
2025-10-30 14:30:24,696 [INFO] Starting crawl for: https://daa.uit.edu.vn/content/quy-dinh-dao-tao-ngan-han (attempt 1/3)
2025-10-30 14:30:24,702 [INFO] Progress: 10/43 seeds completed
2025-10-30 14:30:24,707 [INFO] Statistics saved to /data/crawl_stats.json
2025-10-30 14:31:09,874 [INFO] Crawled 1 pages from https://daa.uit.edu.vn/content/quy-dinh-dao-tao-ngan-han
2025-10-30 14:31:09,888 [INFO] Saved HTML [daa/quydinh_huongdan/quy-dinh-dao-tao-ngan-han]: daa.uit.edu.vn_content_quy-dinh-dao-tao-ngan-han.html
2025-10-30 14:31:09,895 [INFO] Saved Markdown [daa/quydinh_huongdan/quy-dinh-dao-tao-ngan-han]: daa.uit.edu.vn_content_quy-dinh-dao-tao-ngan-han.md
2025-10-30 14:31:09,898 [INFO] Saved 1/1 pages, skipped 0 (cached) from https://daa.uit.edu.vn/content/quy-dinh-dao-tao-ngan-han
2025-10-30 14:31:09,899 [INFO] Starting crawl for: https://daa.uit.edu.vn/content/quy-trinh-danh-cho-can-bo-giang-day (attempt 1/3)
2025-10-30 14:31:09,902 [INFO] Progress: 11/43 seeds completed
2025-10-30 14:31:55,069 [INFO] Crawled 1 pages from https://daa.uit.edu.vn/content/quy-trinh-danh-cho-can-bo-giang-day
2025-10-30 14:31:55,087 [INFO] Saved HTML [daa/quydinh_huongdan/quy-trinh-can-bo-giang-day]: daa.uit.edu.vn_content_quy-trinh-danh-cho-can-bo-giang-day.html
2025-10-30 14:31:55,558 [INFO] Downloaded [daa/quydinh_huongdan/quy-trinh-can-bo-giang-day]: hdsd_giangdaytructuyentrenmicrosoftteams.pdf (1.32 MB)
2025-10-30 14:31:55,822 [INFO] Downloaded [daa/quydinh_huongdan/quy-trinh-can-bo-giang-day]: huong_dan_phan_quyen_sv_tham_gia_0.pdf (0.50 MB)
2025-10-30 14:31:56,401 [INFO] Downloaded [daa/quydinh_huongdan/quy-trinh-can-bo-giang-day]: huongdansudungvideobaigiang.pdf (2.11 MB)
2025-10-30 14:31:56,409 [INFO] Saved Markdown [daa/quydinh_huongdan/quy-trinh-can-bo-giang-day]: daa.uit.edu.vn_content_quy-trinh-danh-cho-can-bo-giang-day.md
2025-10-30 14:31:56,423 [INFO] Saved 1/1 pages, skipped 0 (cached) from https://daa.uit.edu.vn/content/quy-trinh-danh-cho-can-bo-giang-day
2025-10-30 14:31:56,423 [INFO] Starting crawl for: https://daa.uit.edu.vn/mot-so-quy-trinh-danh-cho-sinh-vien (attempt 1/3)
2025-10-30 14:31:56,425 [INFO] Progress: 12/43 seeds completed
2025-10-30 14:32:36,582 [INFO] Crawled 0 pages from https://daa.uit.edu.vn/mot-so-quy-trinh-danh-cho-sinh-vien
2025-10-30 14:32:36,582 [INFO] Saved 0/0 pages, skipped 0 (cached) from https://daa.uit.edu.vn/mot-so-quy-trinh-danh-cho-sinh-vien
2025-10-30 14:32:36,582 [INFO] Starting crawl for: https://daa.uit.edu.vn/thongbao/huong-dan-tra-cuu-va-xac-minh-van-bang-tot-nghiep-dai-hoc (attempt 1/3)
2025-10-30 14:32:36,584 [INFO] Progress: 13/43 seeds completed
2025-10-30 14:41:24,906 [INFO] Crawled 500 pages from https://daa.uit.edu.vn/thongbao/huong-dan-tra-cuu-va-xac-minh-van-bang-tot-nghiep-dai-hoc
2025-10-30 14:41:24,908 [INFO] Detected numbered document: 01-dia-chi-tra-cuu-httpswwwuiteduvntra-cuuvan-banghttpswwwuiteduvntra-cuuvan-bang in huong-dan-sinh-vien
2025-10-30 14:41:24,917 [INFO] Saved HTML [daa/quydinh_huongdan/huong-dan-sinh-vien/01-dia-chi-tra-cuu-httpswwwuiteduvntra-cuuvan-banghttpswwwuiteduvntra-cuuvan-bang]: daa.uit.edu.vn_thongbao_huong-dan-tra-cuu-va-xac-minh-van-bang-tot-nghiep-dai-hoc.html
2025-10-30 14:41:24,923 [INFO] Saved Markdown [daa/quydinh_huongdan/huong-dan-sinh-vien/01-dia-chi-tra-cuu-httpswwwuiteduvntra-cuuvan-banghttpswwwuiteduvntra-cuuvan-bang]: daa.uit.edu.vn_thongbao_huong-dan-tra-cuu-va-xac-minh-van-bang-tot-nghiep-dai-hoc.md
2025-10-30 14:41:24,938 [INFO] Detected numbered document: 01-dia-chi-tra-cuu-httpswwwuiteduvntra-cuuvan-banghttpswwwuiteduvntra-cuuvan-bang in huong-dan-sinh-vien
2025-10-30 14:41:24,948 [INFO] Saved HTML [daa/quydinh_huongdan/huong-dan-sinh-vien/01-dia-chi-tra-cuu-httpswwwuiteduvntra-cuuvan-banghttpswwwuiteduvntra-cuuvan-bang]: daa.uit.edu.vn_thongbao_huong-dan-tra-cuu-va-xac-minh-van-bang-tot-nghiep-dai-hoc?page=1.html
2025-10-30 14:41:24,953 [INFO] Saved Markdown [daa/quydinh_huongdan/huong-dan-sinh-vien/01-dia-chi-tra-cuu-httpswwwuiteduvntra-cuuvan-banghttpswwwuiteduvntra-cuuvan-bang]: daa.uit.edu.vn_thongbao_huong-dan-tra-cuu-va-xac-minh-van-bang-tot-nghiep-dai-hoc?page=1.md
2025-10-30 14:41:24,965 [INFO] Detected numbered document: 01-dia-chi-tra-cuu-httpswwwuiteduvntra-cuuvan-banghttpswwwuiteduvntra-cuuvan-bang in huong-dan-sinh-vien
2025-10-30 14:41:24,972 [INFO] Saved HTML [daa/quydinh_huongdan/huong-dan-sinh-vien/01-dia-chi-tra-cuu-httpswwwuiteduvntra-cuuvan-banghttpswwwuiteduvntra-cuuvan-bang]: daa.uit.edu.vn_thongbao_huong-dan-tra-cuu-va-xac-minh-van-bang-tot-nghiep-dai-hoc?page=2.html
2025-10-30 14:41:24,977 [INFO] Saved Markdown [daa/quydinh_huongdan/huong-dan-sinh-vien/01-dia-chi-tra-cuu-httpswwwuiteduvntra-cuuvan-banghttpswwwuiteduvntra-cuuvan-bang]: daa.uit.edu.vn_thongbao_huong-dan-tra-cuu-va-xac-minh-van-bang-tot-nghiep-dai-hoc?page=2.md
2025-10-30 14:41:24,989 [INFO] Detected numbered document: 01-dia-chi-tra-cuu-httpswwwuiteduvntra-cuuvan-banghttpswwwuiteduvntra-cuuvan-bang in huong-dan-sinh-vien
2025-10-30 14:41:24,998 [INFO] Saved HTML [daa/quydinh_huongdan/huong-dan-sinh-vien/01-dia-chi-tra-cuu-httpswwwuiteduvntra-cuuvan-banghttpswwwuiteduvntra-cuuvan-bang]: daa.uit.edu.vn_thongbao_huong-dan-tra-cuu-va-xac-minh-van-bang-tot-nghiep-dai-hoc?page=3.html
2025-10-30 14:41:25,004 [INFO] Saved Markdown [daa/quydinh_huongdan/huong-dan-sinh-vien/01-dia-chi-tra-cuu-httpswwwuiteduvntra-cuuvan-banghttpswwwuiteduvntra-cuuvan-bang]: daa.uit.edu.vn_thongbao_huong-dan-tra-cuu-va-xac-minh-van-bang-tot-nghiep-dai-hoc?page=3.md
2025-10-30 14:41:25,014 [INFO] Detected numbered document: 01-dia-chi-tra-cuu-httpswwwuiteduvntra-cuuvan-banghttpswwwuiteduvntra-cuuvan-bang in huong-dan-sinh-vien
2025-10-30 14:41:25,024 [INFO] Saved HTML [daa/quydinh_huongdan/huong-dan-sinh-vien/01-dia-chi-tra-cuu-httpswwwuiteduvntra-cuuvan-banghttpswwwuiteduvntra-cuuvan-bang]: daa.uit.edu.vn_thongbao_huong-dan-tra-cuu-va-xac-minh-van-bang-tot-nghiep-dai-hoc?page=4.html
2025-10-30 14:41:25,029 [INFO] Saved Markdown [daa/quydinh_huongdan/huong-dan-sinh-vien/01-dia-chi-tra-cuu-httpswwwuiteduvntra-cuuvan-banghttpswwwuiteduvntra-cuuvan-bang]: daa.uit.edu.vn_thongbao_huong-dan-tra-cuu-va-xac-minh-van-bang-tot-nghiep-dai-hoc?page=4.md
2025-10-30 14:41:25,042 [INFO] Detected numbered document: 01-dia-chi-tra-cuu-httpswwwuiteduvntra-cuuvan-banghttpswwwuiteduvntra-cuuvan-bang in huong-dan-sinh-vien
2025-10-30 14:41:25,050 [INFO] Saved HTML [daa/quydinh_huongdan/huong-dan-sinh-vien/01-dia-chi-tra-cuu-httpswwwuiteduvntra-cuuvan-banghttpswwwuiteduvntra-cuuvan-bang]: daa.uit.edu.vn_thongbao_huong-dan-tra-cuu-va-xac-minh-van-bang-tot-nghiep-dai-hoc?page=5.html
2025-10-30 14:41:25,055 [INFO] Saved Markdown [daa/quydinh_huongdan/huong-dan-sinh-vien/01-dia-chi-tra-cuu-httpswwwuiteduvntra-cuuvan-banghttpswwwuiteduvntra-cuuvan-bang]: daa.uit.edu.vn_thongbao_huong-dan-tra-cuu-va-xac-minh-van-bang-tot-nghiep-dai-hoc?page=5.md
2025-10-30 14:41:25,065 [INFO] Detected numbered document: 01-dia-chi-tra-cuu-httpswwwuiteduvntra-cuuvan-banghttpswwwuiteduvntra-cuuvan-bang in huong-dan-sinh-vien
2025-10-30 14:41:25,075 [INFO] Saved HTML [daa/quydinh_huongdan/huong-dan-sinh-vien/01-dia-chi-tra-cuu-httpswwwuiteduvntra-cuuvan-banghttpswwwuiteduvntra-cuuvan-bang]: daa.uit.edu.vn_thongbao_huong-dan-tra-cuu-va-xac-minh-van-bang-tot-nghiep-dai-hoc?page=6.html
2025-10-30 14:41:25,082 [INFO] Saved Markdown [daa/quydinh_huongdan/huong-dan-sinh-vien/01-dia-chi-tra-cuu-httpswwwuiteduvntra-cuuvan-banghttpswwwuiteduvntra-cuuvan-bang]: daa.uit.edu.vn_thongbao_huong-dan-tra-cuu-va-xac-minh-van-bang-tot-nghiep-dai-hoc?page=6.md
2025-10-30 14:41:25,093 [INFO] Detected numbered document: 01-dia-chi-tra-cuu-httpswwwuiteduvntra-cuuvan-banghttpswwwuiteduvntra-cuuvan-bang in huong-dan-sinh-vien
2025-10-30 14:41:25,101 [INFO] Saved HTML [daa/quydinh_huongdan/huong-dan-sinh-vien/01-dia-chi-tra-cuu-httpswwwuiteduvntra-cuuvan-banghttpswwwuiteduvntra-cuuvan-bang]: daa.uit.edu.vn_thongbao_huong-dan-tra-cuu-va-xac-minh-van-bang-tot-nghiep-dai-hoc?page=7.html
2025-10-30 14:41:25,107 [INFO] Saved Markdown [daa/quydinh_huongdan/huong-dan-sinh-vien/01-dia-chi-tra-cuu-httpswwwuiteduvntra-cuuvan-banghttpswwwuiteduvntra-cuuvan-bang]: daa.uit.edu.vn_thongbao_huong-dan-tra-cuu-va-xac-minh-van-bang-tot-nghiep-dai-hoc?page=7.md
2025-10-30 14:41:25,116 [INFO] Detected numbered document: 01-dia-chi-tra-cuu-httpswwwuiteduvntra-cuuvan-banghttpswwwuiteduvntra-cuuvan-bang in huong-dan-sinh-vien
2025-10-30 14:41:25,125 [INFO] Saved HTML [daa/quydinh_huongdan/huong-dan-sinh-vien/01-dia-chi-tra-cuu-httpswwwuiteduvntra-cuuvan-banghttpswwwuiteduvntra-cuuvan-bang]: daa.uit.edu.vn_thongbao_huong-dan-tra-cuu-va-xac-minh-van-bang-tot-nghiep-dai-hoc?page=8.html
2025-10-30 14:41:25,131 [INFO] Saved Markdown [daa/quydinh_huongdan/huong-dan-sinh-vien/01-dia-chi-tra-cuu-httpswwwuiteduvntra-cuuvan-banghttpswwwuiteduvntra-cuuvan-bang]: daa.uit.edu.vn_thongbao_huong-dan-tra-cuu-va-xac-minh-van-bang-tot-nghiep-dai-hoc?page=8.md
2025-10-30 14:41:25,140 [INFO] Detected numbered document: 01-dia-chi-tra-cuu-httpswwwuiteduvntra-cuuvan-banghttpswwwuiteduvntra-cuuvan-bang in huong-dan-sinh-vien
2025-10-30 14:41:25,152 [INFO] Saved HTML [daa/quydinh_huongdan/huong-dan-sinh-vien/01-dia-chi-tra-cuu-httpswwwuiteduvntra-cuuvan-banghttpswwwuiteduvntra-cuuvan-bang]: daa.uit.edu.vn_thongbao_huong-dan-tra-cuu-va-xac-minh-van-bang-tot-nghiep-dai-hoc?page=3863.html
2025-10-30 14:41:25,159 [INFO] Saved Markdown [daa/quydinh_huongdan/huong-dan-sinh-vien/01-dia-chi-tra-cuu-httpswwwuiteduvntra-cuuvan-banghttpswwwuiteduvntra-cuuvan-bang]: daa.uit.edu.vn_thongbao_huong-dan-tra-cuu-va-xac-minh-van-bang-tot-nghiep-dai-hoc?page=3863.md
2025-10-30 14:41:25,167 [INFO] Detected numbered document: 01-dia-chi-tra-cuu-httpswwwuiteduvntra-cuuvan-banghttpswwwuiteduvntra-cuuvan-bang in huong-dan-sinh-vien
2025-10-30 14:41:25,176 [INFO] Saved HTML [daa/quydinh_huongdan/huong-dan-sinh-vien/01-dia-chi-tra-cuu-httpswwwuiteduvntra-cuuvan-banghttpswwwuiteduvntra-cuuvan-bang]: daa.uit.edu.vn_thongbao_huong-dan-tra-cuu-va-xac-minh-van-bang-tot-nghiep-dai-hoc?page=9.html
2025-10-30 14:41:25,183 [INFO] Saved Markdown [daa/quydinh_huongdan/huong-dan-sinh-vien/01-dia-chi-tra-cuu-httpswwwuiteduvntra-cuuvan-banghttpswwwuiteduvntra-cuuvan-bang]: daa.uit.edu.vn_thongbao_huong-dan-tra-cuu-va-xac-minh-van-bang-tot-nghiep-dai-hoc?page=9.md
2025-10-30 14:41:25,209 [INFO] Saved HTML [daa/quydinh_huongdan/huong-dan-tra-cuu-van-bang]: daa.uit.edu.vn_thongbao_huong-dan-tra-cuu-va-xac-minh-van-bang-tot-nghiep-dai-hoc?page=10.html
2025-10-30 14:41:25,214 [INFO] Saved Markdown [daa/quydinh_huongdan/huong-dan-tra-cuu-van-bang]: daa.uit.edu.vn_thongbao_huong-dan-tra-cuu-va-xac-minh-van-bang-tot-nghiep-dai-hoc?page=10.md
2025-10-30 14:41:25,235 [INFO] Saved HTML [daa/quydinh_huongdan/huong-dan-tra-cuu-van-bang]: daa.uit.edu.vn_thongbao_huong-dan-tra-cuu-va-xac-minh-van-bang-tot-nghiep-dai-hoc?page=11.html
2025-10-30 14:41:25,239 [INFO] Saved Markdown [daa/quydinh_huongdan/huong-dan-tra-cuu-van-bang]: daa.uit.edu.vn_thongbao_huong-dan-tra-cuu-va-xac-minh-van-bang-tot-nghiep-dai-hoc?page=11.md
2025-10-30 14:41:25,260 [INFO] Saved HTML [daa/quydinh_huongdan/huong-dan-tra-cuu-van-bang]: daa.uit.edu.vn_thongbao_huong-dan-tra-cuu-va-xac-minh-van-bang-tot-nghiep-dai-hoc?page=12.html
2025-10-30 14:41:25,265 [INFO] Saved Markdown [daa/quydinh_huongdan/huong-dan-tra-cuu-van-bang]: daa.uit.edu.vn_thongbao_huong-dan-tra-cuu-va-xac-minh-van-bang-tot-nghiep-dai-hoc?page=12.md
2025-10-30 14:41:25,284 [INFO] Saved HTML [daa/quydinh_huongdan/huong-dan-tra-cuu-van-bang]: daa.uit.edu.vn_thongbao_huong-dan-tra-cuu-va-xac-minh-van-bang-tot-nghiep-dai-hoc?page=3862.html
2025-10-30 14:41:25,289 [INFO] Saved Markdown [daa/quydinh_huongdan/huong-dan-tra-cuu-van-bang]: daa.uit.edu.vn_thongbao_huong-dan-tra-cuu-va-xac-minh-van-bang-tot-nghiep-dai-hoc?page=3862.md
2025-10-30 14:41:25,293 [INFO] Detected numbered document: 01-dia-chi-tra-cuu-httpswwwuiteduvntra-cuuvan-banghttpswwwuiteduvntra-cuuvan-bang in huong-dan-sinh-vien
2025-10-30 14:41:25,302 [INFO] Saved HTML [daa/quydinh_huongdan/huong-dan-sinh-vien/01-dia-chi-tra-cuu-httpswwwuiteduvntra-cuuvan-banghttpswwwuiteduvntra-cuuvan-bang]: daa.uit.edu.vn_thongbao_huong-dan-tra-cuu-va-xac-minh-van-bang-tot-nghiep-dai-hoc?page=3855.html
2025-10-30 14:41:25,307 [INFO] Saved Markdown [daa/quydinh_huongdan/huong-dan-sinh-vien/01-dia-chi-tra-cuu-httpswwwuiteduvntra-cuuvan-banghttpswwwuiteduvntra-cuuvan-bang]: daa.uit.edu.vn_thongbao_huong-dan-tra-cuu-va-xac-minh-van-bang-tot-nghiep-dai-hoc?page=3855.md
2025-10-30 14:41:25,316 [INFO] Detected numbered document: 01-dia-chi-tra-cuu-httpswwwuiteduvntra-cuuvan-banghttpswwwuiteduvntra-cuuvan-bang in huong-dan-sinh-vien
2025-10-30 14:41:25,325 [INFO] Saved HTML [daa/quydinh_huongdan/huong-dan-sinh-vien/01-dia-chi-tra-cuu-httpswwwuiteduvntra-cuuvan-banghttpswwwuiteduvntra-cuuvan-bang]: daa.uit.edu.vn_thongbao_huong-dan-tra-cuu-va-xac-minh-van-bang-tot-nghiep-dai-hoc?page=3856.html
2025-10-30 14:41:25,330 [INFO] Saved Markdown [daa/quydinh_huongdan/huong-dan-sinh-vien/01-dia-chi-tra-cuu-httpswwwuiteduvntra-cuuvan-banghttpswwwuiteduvntra-cuuvan-bang]: daa.uit.edu.vn_thongbao_huong-dan-tra-cuu-va-xac-minh-van-bang-tot-nghiep-dai-hoc?page=3856.md
2025-10-30 14:41:25,341 [INFO] Detected numbered document: 01-dia-chi-tra-cuu-httpswwwuiteduvntra-cuuvan-banghttpswwwuiteduvntra-cuuvan-bang in huong-dan-sinh-vien
2025-10-30 14:41:25,349 [INFO] Saved HTML [daa/quydinh_huongdan/huong-dan-sinh-vien/01-dia-chi-tra-cuu-httpswwwuiteduvntra-cuuvan-banghttpswwwuiteduvntra-cuuvan-bang]: daa.uit.edu.vn_thongbao_huong-dan-tra-cuu-va-xac-minh-van-bang-tot-nghiep-dai-hoc?page=3857.html
2025-10-30 14:41:25,355 [INFO] Saved Markdown [daa/quydinh_huongdan/huong-dan-sinh-vien/01-dia-chi-tra-cuu-httpswwwuiteduvntra-cuuvan-banghttpswwwuiteduvntra-cuuvan-bang]: daa.uit.edu.vn_thongbao_huong-dan-tra-cuu-va-xac-minh-van-bang-tot-nghiep-dai-hoc?page=3857.md
2025-10-30 14:41:25,366 [INFO] Detected numbered document: 01-dia-chi-tra-cuu-httpswwwuiteduvntra-cuuvan-banghttpswwwuiteduvntra-cuuvan-bang in huong-dan-sinh-vien
2025-10-30 14:41:25,374 [INFO] Saved HTML [daa/quydinh_huongdan/huong-dan-sinh-vien/01-dia-chi-tra-cuu-httpswwwuiteduvntra-cuuvan-banghttpswwwuiteduvntra-cuuvan-bang]: daa.uit.edu.vn_thongbao_huong-dan-tra-cuu-va-xac-minh-van-bang-tot-nghiep-dai-hoc?page=3858.html
2025-10-30 14:41:25,378 [INFO] Saved Markdown [daa/quydinh_huongdan/huong-dan-sinh-vien/01-dia-chi-tra-cuu-httpswwwuiteduvntra-cuuvan-banghttpswwwuiteduvntra-cuuvan-bang]: daa.uit.edu.vn_thongbao_huong-dan-tra-cuu-va-xac-minh-van-bang-tot-nghiep-dai-hoc?page=3858.md
2025-10-30 14:41:25,391 [INFO] Detected numbered document: 01-dia-chi-tra-cuu-httpswwwuiteduvntra-cuuvan-banghttpswwwuiteduvntra-cuuvan-bang in huong-dan-sinh-vien
2025-10-30 14:41:25,399 [INFO] Saved HTML [daa/quydinh_huongdan/huong-dan-sinh-vien/01-dia-chi-tra-cuu-httpswwwuiteduvntra-cuuvan-banghttpswwwuiteduvntra-cuuvan-bang]: daa.uit.edu.vn_thongbao_huong-dan-tra-cuu-va-xac-minh-van-bang-tot-nghiep-dai-hoc?page=3859.html
2025-10-30 14:41:25,405 [INFO] Saved Markdown [daa/quydinh_huongdan/huong-dan-sinh-vien/01-dia-chi-tra-cuu-httpswwwuiteduvntra-cuuvan-banghttpswwwuiteduvntra-cuuvan-bang]: daa.uit.edu.vn_thongbao_huong-dan-tra-cuu-va-xac-minh-van-bang-tot-nghiep-dai-hoc?page=3859.md
2025-10-30 14:41:25,417 [INFO] Detected numbered document: 01-dia-chi-tra-cuu-httpswwwuiteduvntra-cuuvan-banghttpswwwuiteduvntra-cuuvan-bang in huong-dan-sinh-vien
2025-10-30 14:41:25,435 [INFO] Saved HTML [daa/quydinh_huongdan/huong-dan-sinh-vien/01-dia-chi-tra-cuu-httpswwwuiteduvntra-cuuvan-banghttpswwwuiteduvntra-cuuvan-bang]: daa.uit.edu.vn_thongbao_huong-dan-tra-cuu-va-xac-minh-van-bang-tot-nghiep-dai-hoc?page=3860.html
2025-10-30 14:41:25,441 [INFO] Saved Markdown [daa/quydinh_huongdan/huong-dan-sinh-vien/01-dia-chi-tra-cuu-httpswwwuiteduvntra-cuuvan-banghttpswwwuiteduvntra-cuuvan-bang]: daa.uit.edu.vn_thongbao_huong-dan-tra-cuu-va-xac-minh-van-bang-tot-nghiep-dai-hoc?page=3860.md
2025-10-30 14:41:25,451 [INFO] Detected numbered document: 01-dia-chi-tra-cuu-httpswwwuiteduvntra-cuuvan-banghttpswwwuiteduvntra-cuuvan-bang in huong-dan-sinh-vien
2025-10-30 14:41:25,460 [INFO] Saved HTML [daa/quydinh_huongdan/huong-dan-sinh-vien/01-dia-chi-tra-cuu-httpswwwuiteduvntra-cuuvan-banghttpswwwuiteduvntra-cuuvan-bang]: daa.uit.edu.vn_thongbao_huong-dan-tra-cuu-va-xac-minh-van-bang-tot-nghiep-dai-hoc?page=3861.html
2025-10-30 14:41:25,465 [INFO] Saved Markdown [daa/quydinh_huongdan/huong-dan-sinh-vien/01-dia-chi-tra-cuu-httpswwwuiteduvntra-cuuvan-banghttpswwwuiteduvntra-cuuvan-bang]: daa.uit.edu.vn_thongbao_huong-dan-tra-cuu-va-xac-minh-van-bang-tot-nghiep-dai-hoc?page=3861.md
2025-10-30 14:41:25,477 [INFO] Detected numbered document: 01-dia-chi-tra-cuu-httpswwwuiteduvntra-cuuvan-banghttpswwwuiteduvntra-cuuvan-bang in huong-dan-sinh-vien
2025-10-30 14:41:25,488 [INFO] Saved HTML [daa/quydinh_huongdan/huong-dan-sinh-vien/01-dia-chi-tra-cuu-httpswwwuiteduvntra-cuuvan-banghttpswwwuiteduvntra-cuuvan-bang]: daa.uit.edu.vn_thongbao_huong-dan-tra-cuu-va-xac-minh-van-bang-tot-nghiep-dai-hoc?page=13.html
2025-10-30 14:41:25,495 [INFO] Saved Markdown [daa/quydinh_huongdan/huong-dan-sinh-vien/01-dia-chi-tra-cuu-httpswwwuiteduvntra-cuuvan-banghttpswwwuiteduvntra-cuuvan-bang]: daa.uit.edu.vn_thongbao_huong-dan-tra-cuu-va-xac-minh-van-bang-tot-nghiep-dai-hoc?page=13.md
2025-10-30 14:41:25,503 [INFO] Detected numbered document: 01-dia-chi-tra-cuu-httpswwwuiteduvntra-cuuvan-banghttpswwwuiteduvntra-cuuvan-bang in huong-dan-sinh-vien
2025-10-30 14:41:25,513 [INFO] Saved HTML [daa/quydinh_huongdan/huong-dan-sinh-vien/01-dia-chi-tra-cuu-httpswwwuiteduvntra-cuuvan-banghttpswwwuiteduvntra-cuuvan-bang]: daa.uit.edu.vn_thongbao_huong-dan-tra-cuu-va-xac-minh-van-bang-tot-nghiep-dai-hoc?page=3854.html
2025-10-30 14:41:25,519 [INFO] Saved Markdown [daa/quydinh_huongdan/huong-dan-sinh-vien/01-dia-chi-tra-cuu-httpswwwuiteduvntra-cuuvan-banghttpswwwuiteduvntra-cuuvan-bang]: daa.uit.edu.vn_thongbao_huong-dan-tra-cuu-va-xac-minh-van-bang-tot-nghiep-dai-hoc?page=3854.md
2025-10-30 14:41:25,528 [INFO] Detected numbered document: 01-dia-chi-tra-cuu-httpswwwuiteduvntra-cuuvan-banghttpswwwuiteduvntra-cuuvan-bang in huong-dan-sinh-vien
2025-10-30 14:41:25,541 [INFO] Saved HTML [daa/quydinh_huongdan/huong-dan-sinh-vien/01-dia-chi-tra-cuu-httpswwwuiteduvntra-cuuvan-banghttpswwwuiteduvntra-cuuvan-bang]: daa.uit.edu.vn_thongbao_huong-dan-tra-cuu-va-xac-minh-van-bang-tot-nghiep-dai-hoc?page=3851.html
2025-10-30 14:41:25,546 [INFO] Saved Markdown [daa/quydinh_huongdan/huong-dan-sinh-vien/01-dia-chi-tra-cuu-httpswwwuiteduvntra-cuuvan-banghttpswwwuiteduvntra-cuuvan-bang]: daa.uit.edu.vn_thongbao_huong-dan-tra-cuu-va-xac-minh-van-bang-tot-nghiep-dai-hoc?page=3851.md
2025-10-30 14:41:25,557 [INFO] Detected numbered document: 01-dia-chi-tra-cuu-httpswwwuiteduvntra-cuuvan-banghttpswwwuiteduvntra-cuuvan-bang in huong-dan-sinh-vien
2025-10-30 14:41:25,566 [INFO] Saved HTML [daa/quydinh_huongdan/huong-dan-sinh-vien/01-dia-chi-tra-cuu-httpswwwuiteduvntra-cuuvan-banghttpswwwuiteduvntra-cuuvan-bang]: daa.uit.edu.vn_thongbao_huong-dan-tra-cuu-va-xac-minh-van-bang-tot-nghiep-dai-hoc?page=3852.html
2025-10-30 14:41:25,572 [INFO] Saved Markdown [daa/quydinh_huongdan/huong-dan-sinh-vien/01-dia-chi-tra-cuu-httpswwwuiteduvntra-cuuvan-banghttpswwwuiteduvntra-cuuvan-bang]: daa.uit.edu.vn_thongbao_huong-dan-tra-cuu-va-xac-minh-van-bang-tot-nghiep-dai-hoc?page=3852.md
2025-10-30 14:41:25,584 [INFO] Detected numbered document: 01-dia-chi-tra-cuu-httpswwwuiteduvntra-cuuvan-banghttpswwwuiteduvntra-cuuvan-bang in huong-dan-sinh-vien
2025-10-30 14:41:25,593 [INFO] Saved HTML [daa/quydinh_huongdan/huong-dan-sinh-vien/01-dia-chi-tra-cuu-httpswwwuiteduvntra-cuuvan-banghttpswwwuiteduvntra-cuuvan-bang]: daa.uit.edu.vn_thongbao_huong-dan-tra-cuu-va-xac-minh-van-bang-tot-nghiep-dai-hoc?page=3853.html
2025-10-30 14:41:25,599 [INFO] Saved Markdown [daa/quydinh_huongdan/huong-dan-sinh-vien/01-dia-chi-tra-cuu-httpswwwuiteduvntra-cuuvan-banghttpswwwuiteduvntra-cuuvan-bang]: daa.uit.edu.vn_thongbao_huong-dan-tra-cuu-va-xac-minh-van-bang-tot-nghiep-dai-hoc?page=3853.md
2025-10-30 14:41:25,613 [INFO] Detected numbered document: 01-dia-chi-tra-cuu-httpswwwuiteduvntra-cuuvan-banghttpswwwuiteduvntra-cuuvan-bang in huong-dan-sinh-vien
2025-10-30 14:41:25,622 [INFO] Saved HTML [daa/quydinh_huongdan/huong-dan-sinh-vien/01-dia-chi-tra-cuu-httpswwwuiteduvntra-cuuvan-banghttpswwwuiteduvntra-cuuvan-bang]: daa.uit.edu.vn_thongbao_huong-dan-tra-cuu-va-xac-minh-van-bang-tot-nghiep-dai-hoc?page=14.html
2025-10-30 14:41:25,628 [INFO] Saved Markdown [daa/quydinh_huongdan/huong-dan-sinh-vien/01-dia-chi-tra-cuu-httpswwwuiteduvntra-cuuvan-banghttpswwwuiteduvntra-cuuvan-bang]: daa.uit.edu.vn_thongbao_huong-dan-tra-cuu-va-xac-minh-van-bang-tot-nghiep-dai-hoc?page=14.md
2025-10-30 14:41:25,659 [INFO] Saved HTML [daa/quydinh_huongdan/huong-dan-tra-cuu-van-bang]: daa.uit.edu.vn_thongbao_huong-dan-tra-cuu-va-xac-minh-van-bang-tot-nghiep-dai-hoc?page=15.html
2025-10-30 14:41:25,664 [INFO] Saved Markdown [daa/quydinh_huongdan/huong-dan-tra-cuu-van-bang]: daa.uit.edu.vn_thongbao_huong-dan-tra-cuu-va-xac-minh-van-bang-tot-nghiep-dai-hoc?page=15.md
2025-10-30 14:41:25,669 [INFO] Detected numbered document: 01-dia-chi-tra-cuu-httpswwwuiteduvntra-cuuvan-banghttpswwwuiteduvntra-cuuvan-bang in huong-dan-sinh-vien
2025-10-30 14:41:25,677 [INFO] Saved HTML [daa/quydinh_huongdan/huong-dan-sinh-vien/01-dia-chi-tra-cuu-httpswwwuiteduvntra-cuuvan-banghttpswwwuiteduvntra-cuuvan-bang]: daa.uit.edu.vn_thongbao_huong-dan-tra-cuu-va-xac-minh-van-bang-tot-nghiep-dai-hoc?page=3850.html
2025-10-30 14:41:25,685 [INFO] Saved Markdown [daa/quydinh_huongdan/huong-dan-sinh-vien/01-dia-chi-tra-cuu-httpswwwuiteduvntra-cuuvan-banghttpswwwuiteduvntra-cuuvan-bang]: daa.uit.edu.vn_thongbao_huong-dan-tra-cuu-va-xac-minh-van-bang-tot-nghiep-dai-hoc?page=3850.md
2025-10-30 14:41:25,695 [INFO] Detected numbered document: 01-dia-chi-tra-cuu-httpswwwuiteduvntra-cuuvan-banghttpswwwuiteduvntra-cuuvan-bang in huong-dan-sinh-vien
2025-10-30 14:41:25,705 [INFO] Saved HTML [daa/quydinh_huongdan/huong-dan-sinh-vien/01-dia-chi-tra-cuu-httpswwwuiteduvntra-cuuvan-banghttpswwwuiteduvntra-cuuvan-bang]: daa.uit.edu.vn_thongbao_huong-dan-tra-cuu-va-xac-minh-van-bang-tot-nghiep-dai-hoc?page=16.html
2025-10-30 14:41:25,712 [INFO] Saved Markdown [daa/quydinh_huongdan/huong-dan-sinh-vien/01-dia-chi-tra-cuu-httpswwwuiteduvntra-cuuvan-banghttpswwwuiteduvntra-cuuvan-bang]: daa.uit.edu.vn_thongbao_huong-dan-tra-cuu-va-xac-minh-van-bang-tot-nghiep-dai-hoc?page=16.md
2025-10-30 14:41:25,722 [INFO] Detected numbered document: 01-dia-chi-tra-cuu-httpswwwuiteduvntra-cuuvan-banghttpswwwuiteduvntra-cuuvan-bang in huong-dan-sinh-vien
2025-10-30 14:41:25,733 [INFO] Saved HTML [daa/quydinh_huongdan/huong-dan-sinh-vien/01-dia-chi-tra-cuu-httpswwwuiteduvntra-cuuvan-banghttpswwwuiteduvntra-cuuvan-bang]: daa.uit.edu.vn_thongbao_huong-dan-tra-cuu-va-xac-minh-van-bang-tot-nghiep-dai-hoc?page=17.html
2025-10-30 14:41:25,739 [INFO] Saved Markdown [daa/quydinh_huongdan/huong-dan-sinh-vien/01-dia-chi-tra-cuu-httpswwwuiteduvntra-cuuvan-banghttpswwwuiteduvntra-cuuvan-bang]: daa.uit.edu.vn_thongbao_huong-dan-tra-cuu-va-xac-minh-van-bang-tot-nghiep-dai-hoc?page=17.md
2025-10-30 14:41:25,750 [INFO] Detected numbered document: 01-dia-chi-tra-cuu-httpswwwuiteduvntra-cuuvan-banghttpswwwuiteduvntra-cuuvan-bang in huong-dan-sinh-vien
2025-10-30 14:41:25,760 [INFO] Saved HTML [daa/quydinh_huongdan/huong-dan-sinh-vien/01-dia-chi-tra-cuu-httpswwwuiteduvntra-cuuvan-banghttpswwwuiteduvntra-cuuvan-bang]: daa.uit.edu.vn_thongbao_huong-dan-tra-cuu-va-xac-minh-van-bang-tot-nghiep-dai-hoc?page=3847.html
2025-10-30 14:41:25,765 [INFO] Saved Markdown [daa/quydinh_huongdan/huong-dan-sinh-vien/01-dia-chi-tra-cuu-httpswwwuiteduvntra-cuuvan-banghttpswwwuiteduvntra-cuuvan-bang]: daa.uit.edu.vn_thongbao_huong-dan-tra-cuu-va-xac-minh-van-bang-tot-nghiep-dai-hoc?page=3847.md
2025-10-30 14:41:25,775 [INFO] Detected numbered document: 01-dia-chi-tra-cuu-httpswwwuiteduvntra-cuuvan-banghttpswwwuiteduvntra-cuuvan-bang in huong-dan-sinh-vien
2025-10-30 14:41:25,785 [INFO] Saved HTML [daa/quydinh_huongdan/huong-dan-sinh-vien/01-dia-chi-tra-cuu-httpswwwuiteduvntra-cuuvan-banghttpswwwuiteduvntra-cuuvan-bang]: daa.uit.edu.vn_thongbao_huong-dan-tra-cuu-va-xac-minh-van-bang-tot-nghiep-dai-hoc?page=3848.html
2025-10-30 14:41:25,793 [INFO] Saved Markdown [daa/quydinh_huongdan/huong-dan-sinh-vien/01-dia-chi-tra-cuu-httpswwwuiteduvntra-cuuvan-banghttpswwwuiteduvntra-cuuvan-bang]: daa.uit.edu.vn_thongbao_huong-dan-tra-cuu-va-xac-minh-van-bang-tot-nghiep-dai-hoc?page=3848.md
2025-10-30 14:41:25,802 [INFO] Detected numbered document: 01-dia-chi-tra-cuu-httpswwwuiteduvntra-cuuvan-banghttpswwwuiteduvntra-cuuvan-bang in huong-dan-sinh-vien
2025-10-30 14:41:25,811 [INFO] Saved HTML [daa/quydinh_huongdan/huong-dan-sinh-vien/01-dia-chi-tra-cuu-httpswwwuiteduvntra-cuuvan-banghttpswwwuiteduvntra-cuuvan-bang]: daa.uit.edu.vn_thongbao_huong-dan-tra-cuu-va-xac-minh-van-bang-tot-nghiep-dai-hoc?page=18.html
2025-10-30 14:41:25,819 [INFO] Saved Markdown [daa/quydinh_huongdan/huong-dan-sinh-vien/01-dia-chi-tra-cuu-httpswwwuiteduvntra-cuuvan-banghttpswwwuiteduvntra-cuuvan-bang]: daa.uit.edu.vn_thongbao_huong-dan-tra-cuu-va-xac-minh-van-bang-tot-nghiep-dai-hoc?page=18.md
2025-10-30 14:41:25,829 [INFO] Detected numbered document: 01-dia-chi-tra-cuu-httpswwwuiteduvntra-cuuvan-banghttpswwwuiteduvntra-cuuvan-bang in huong-dan-sinh-vien
2025-10-30 14:41:25,839 [INFO] Saved HTML [daa/quydinh_huongdan/huong-dan-sinh-vien/01-dia-chi-tra-cuu-httpswwwuiteduvntra-cuuvan-banghttpswwwuiteduvntra-cuuvan-bang]: daa.uit.edu.vn_thongbao_huong-dan-tra-cuu-va-xac-minh-van-bang-tot-nghiep-dai-hoc?page=19.html
2025-10-30 14:41:25,846 [INFO] Saved Markdown [daa/quydinh_huongdan/huong-dan-sinh-vien/01-dia-chi-tra-cuu-httpswwwuiteduvntra-cuuvan-banghttpswwwuiteduvntra-cuuvan-bang]: daa.uit.edu.vn_thongbao_huong-dan-tra-cuu-va-xac-minh-van-bang-tot-nghiep-dai-hoc?page=19.md
2025-10-30 14:41:25,856 [INFO] Detected numbered document: 01-dia-chi-tra-cuu-httpswwwuiteduvntra-cuuvan-banghttpswwwuiteduvntra-cuuvan-bang in huong-dan-sinh-vien
2025-10-30 14:41:25,868 [INFO] Saved HTML [daa/quydinh_huongdan/huong-dan-sinh-vien/01-dia-chi-tra-cuu-httpswwwuiteduvntra-cuuvan-banghttpswwwuiteduvntra-cuuvan-bang]: daa.uit.edu.vn_thongbao_huong-dan-tra-cuu-va-xac-minh-van-bang-tot-nghiep-dai-hoc?page=3849.html
2025-10-30 14:41:25,875 [INFO] Saved Markdown [daa/quydinh_huongdan/huong-dan-sinh-vien/01-dia-chi-tra-cuu-httpswwwuiteduvntra-cuuvan-banghttpswwwuiteduvntra-cuuvan-bang]: daa.uit.edu.vn_thongbao_huong-dan-tra-cuu-va-xac-minh-van-bang-tot-nghiep-dai-hoc?page=3849.md
2025-10-30 14:41:25,885 [INFO] Detected numbered document: 01-dia-chi-tra-cuu-httpswwwuiteduvntra-cuuvan-banghttpswwwuiteduvntra-cuuvan-bang in huong-dan-sinh-vien
2025-10-30 14:41:25,896 [INFO] Saved HTML [daa/quydinh_huongdan/huong-dan-sinh-vien/01-dia-chi-tra-cuu-httpswwwuiteduvntra-cuuvan-banghttpswwwuiteduvntra-cuuvan-bang]: daa.uit.edu.vn_thongbao_huong-dan-tra-cuu-va-xac-minh-van-bang-tot-nghiep-dai-hoc?page=3846.html
2025-10-30 14:41:25,905 [INFO] Saved Markdown [daa/quydinh_huongdan/huong-dan-sinh-vien/01-dia-chi-tra-cuu-httpswwwuiteduvntra-cuuvan-banghttpswwwuiteduvntra-cuuvan-bang]: daa.uit.edu.vn_thongbao_huong-dan-tra-cuu-va-xac-minh-van-bang-tot-nghiep-dai-hoc?page=3846.md
2025-10-30 14:41:25,914 [INFO] Detected numbered document: 01-dia-chi-tra-cuu-httpswwwuiteduvntra-cuuvan-banghttpswwwuiteduvntra-cuuvan-bang in huong-dan-sinh-vien
2025-10-30 14:41:25,925 [INFO] Saved HTML [daa/quydinh_huongdan/huong-dan-sinh-vien/01-dia-chi-tra-cuu-httpswwwuiteduvntra-cuuvan-banghttpswwwuiteduvntra-cuuvan-bang]: daa.uit.edu.vn_thongbao_huong-dan-tra-cuu-va-xac-minh-van-bang-tot-nghiep-dai-hoc?page=20.html
2025-10-30 14:41:25,933 [INFO] Saved Markdown [daa/quydinh_huongdan/huong-dan-sinh-vien/01-dia-chi-tra-cuu-httpswwwuiteduvntra-cuuvan-banghttpswwwuiteduvntra-cuuvan-bang]: daa.uit.edu.vn_thongbao_huong-dan-tra-cuu-va-xac-minh-van-bang-tot-nghiep-dai-hoc?page=20.md
2025-10-30 14:41:25,943 [INFO] Detected numbered document: 01-dia-chi-tra-cuu-httpswwwuiteduvntra-cuuvan-banghttpswwwuiteduvntra-cuuvan-bang in huong-dan-sinh-vien
2025-10-30 14:41:25,955 [INFO] Saved HTML [daa/quydinh_huongdan/huong-dan-sinh-vien/01-dia-chi-tra-cuu-httpswwwuiteduvntra-cuuvan-banghttpswwwuiteduvntra-cuuvan-bang]: daa.uit.edu.vn_thongbao_huong-dan-tra-cuu-va-xac-minh-van-bang-tot-nghiep-dai-hoc?page=21.html
2025-10-30 14:41:25,963 [INFO] Saved Markdown [daa/quydinh_huongdan/huong-dan-sinh-vien/01-dia-chi-tra-cuu-httpswwwuiteduvntra-cuuvan-banghttpswwwuiteduvntra-cuuvan-bang]: daa.uit.edu.vn_thongbao_huong-dan-tra-cuu-va-xac-minh-van-bang-tot-nghiep-dai-hoc?page=21.md
2025-10-30 14:41:25,973 [INFO] Detected numbered document: 01-dia-chi-tra-cuu-httpswwwuiteduvntra-cuuvan-banghttpswwwuiteduvntra-cuuvan-bang in huong-dan-sinh-vien
2025-10-30 14:41:25,983 [INFO] Saved HTML [daa/quydinh_huongdan/huong-dan-sinh-vien/01-dia-chi-tra-cuu-httpswwwuiteduvntra-cuuvan-banghttpswwwuiteduvntra-cuuvan-bang]: daa.uit.edu.vn_thongbao_huong-dan-tra-cuu-va-xac-minh-van-bang-tot-nghiep-dai-hoc?page=3843.html
2025-10-30 14:41:25,987 [INFO] Saved Markdown [daa/quydinh_huongdan/huong-dan-sinh-vien/01-dia-chi-tra-cuu-httpswwwuiteduvntra-cuuvan-banghttpswwwuiteduvntra-cuuvan-bang]: daa.uit.edu.vn_thongbao_huong-dan-tra-cuu-va-xac-minh-van-bang-tot-nghiep-dai-hoc?page=3843.md
2025-10-30 14:41:26,009 [INFO] Detected numbered document: 01-dia-chi-tra-cuu-httpswwwuiteduvntra-cuuvan-banghttpswwwuiteduvntra-cuuvan-bang in huong-dan-sinh-vien
2025-10-30 14:41:26,021 [INFO] Saved HTML [daa/quydinh_huongdan/huong-dan-sinh-vien/01-dia-chi-tra-cuu-httpswwwuiteduvntra-cuuvan-banghttpswwwuiteduvntra-cuuvan-bang]: daa.uit.edu.vn_thongbao_huong-dan-tra-cuu-va-xac-minh-van-bang-tot-nghiep-dai-hoc?page=22.html
2025-10-30 14:41:26,027 [INFO] Saved Markdown [daa/quydinh_huongdan/huong-dan-sinh-vien/01-dia-chi-tra-cuu-httpswwwuiteduvntra-cuuvan-banghttpswwwuiteduvntra-cuuvan-bang]: daa.uit.edu.vn_thongbao_huong-dan-tra-cuu-va-xac-minh-van-bang-tot-nghiep-dai-hoc?page=22.md
2025-10-30 14:41:26,041 [INFO] Detected numbered document: 01-dia-chi-tra-cuu-httpswwwuiteduvntra-cuuvan-banghttpswwwuiteduvntra-cuuvan-bang in huong-dan-sinh-vien
2025-10-30 14:41:26,050 [INFO] Saved HTML [daa/quydinh_huongdan/huong-dan-sinh-vien/01-dia-chi-tra-cuu-httpswwwuiteduvntra-cuuvan-banghttpswwwuiteduvntra-cuuvan-bang]: daa.uit.edu.vn_thongbao_huong-dan-tra-cuu-va-xac-minh-van-bang-tot-nghiep-dai-hoc?page=3844.html
2025-10-30 14:41:26,055 [INFO] Saved Markdown [daa/quydinh_huongdan/huong-dan-sinh-vien/01-dia-chi-tra-cuu-httpswwwuiteduvntra-cuuvan-banghttpswwwuiteduvntra-cuuvan-bang]: daa.uit.edu.vn_thongbao_huong-dan-tra-cuu-va-xac-minh-van-bang-tot-nghiep-dai-hoc?page=3844.md
2025-10-30 14:41:26,067 [INFO] Detected numbered document: 01-dia-chi-tra-cuu-httpswwwuiteduvntra-cuuvan-banghttpswwwuiteduvntra-cuuvan-bang in huong-dan-sinh-vien
2025-10-30 14:41:26,075 [INFO] Saved HTML [daa/quydinh_huongdan/huong-dan-sinh-vien/01-dia-chi-tra-cuu-httpswwwuiteduvntra-cuuvan-banghttpswwwuiteduvntra-cuuvan-bang]: daa.uit.edu.vn_thongbao_huong-dan-tra-cuu-va-xac-minh-van-bang-tot-nghiep-dai-hoc?page=3845.html
2025-10-30 14:41:26,081 [INFO] Saved Markdown [daa/quydinh_huongdan/huong-dan-sinh-vien/01-dia-chi-tra-cuu-httpswwwuiteduvntra-cuuvan-banghttpswwwuiteduvntra-cuuvan-bang]: daa.uit.edu.vn_thongbao_huong-dan-tra-cuu-va-xac-minh-van-bang-tot-nghiep-dai-hoc?page=3845.md
2025-10-30 14:41:26,093 [INFO] Detected numbered document: 01-dia-chi-tra-cuu-httpswwwuiteduvntra-cuuvan-banghttpswwwuiteduvntra-cuuvan-bang in huong-dan-sinh-vien
2025-10-30 14:41:26,101 [INFO] Saved HTML [daa/quydinh_huongdan/huong-dan-sinh-vien/01-dia-chi-tra-cuu-httpswwwuiteduvntra-cuuvan-banghttpswwwuiteduvntra-cuuvan-bang]: daa.uit.edu.vn_thongbao_huong-dan-tra-cuu-va-xac-minh-van-bang-tot-nghiep-dai-hoc?page=23.html
2025-10-30 14:41:26,107 [INFO] Saved Markdown [daa/quydinh_huongdan/huong-dan-sinh-vien/01-dia-chi-tra-cuu-httpswwwuiteduvntra-cuuvan-banghttpswwwuiteduvntra-cuuvan-bang]: daa.uit.edu.vn_thongbao_huong-dan-tra-cuu-va-xac-minh-van-bang-tot-nghiep-dai-hoc?page=23.md
2025-10-30 14:41:26,118 [INFO] Detected numbered document: 01-dia-chi-tra-cuu-httpswwwuiteduvntra-cuuvan-banghttpswwwuiteduvntra-cuuvan-bang in huong-dan-sinh-vien
2025-10-30 14:41:26,128 [INFO] Saved HTML [daa/quydinh_huongdan/huong-dan-sinh-vien/01-dia-chi-tra-cuu-httpswwwuiteduvntra-cuuvan-banghttpswwwuiteduvntra-cuuvan-bang]: daa.uit.edu.vn_thongbao_huong-dan-tra-cuu-va-xac-minh-van-bang-tot-nghiep-dai-hoc?page=3842.html
2025-10-30 14:41:26,134 [INFO] Saved Markdown [daa/quydinh_huongdan/huong-dan-sinh-vien/01-dia-chi-tra-cuu-httpswwwuiteduvntra-cuuvan-banghttpswwwuiteduvntra-cuuvan-bang]: daa.uit.edu.vn_thongbao_huong-dan-tra-cuu-va-xac-minh-van-bang-tot-nghiep-dai-hoc?page=3842.md
2025-10-30 14:41:26,144 [INFO] Detected numbered document: 01-dia-chi-tra-cuu-httpswwwuiteduvntra-cuuvan-banghttpswwwuiteduvntra-cuuvan-bang in huong-dan-sinh-vien
2025-10-30 14:41:26,153 [INFO] Saved HTML [daa/quydinh_huongdan/huong-dan-sinh-vien/01-dia-chi-tra-cuu-httpswwwuiteduvntra-cuuvan-banghttpswwwuiteduvntra-cuuvan-bang]: daa.uit.edu.vn_thongbao_huong-dan-tra-cuu-va-xac-minh-van-bang-tot-nghiep-dai-hoc?page=24.html
2025-10-30 14:41:26,159 [INFO] Saved Markdown [daa/quydinh_huongdan/huong-dan-sinh-vien/01-dia-chi-tra-cuu-httpswwwuiteduvntra-cuuvan-banghttpswwwuiteduvntra-cuuvan-bang]: daa.uit.edu.vn_thongbao_huong-dan-tra-cuu-va-xac-minh-van-bang-tot-nghiep-dai-hoc?page=24.md
2025-10-30 14:41:26,168 [INFO] Detected numbered document: 01-dia-chi-tra-cuu-httpswwwuiteduvntra-cuuvan-banghttpswwwuiteduvntra-cuuvan-bang in huong-dan-sinh-vien
2025-10-30 14:41:26,177 [INFO] Saved HTML [daa/quydinh_huongdan/huong-dan-sinh-vien/01-dia-chi-tra-cuu-httpswwwuiteduvntra-cuuvan-banghttpswwwuiteduvntra-cuuvan-bang]: daa.uit.edu.vn_thongbao_huong-dan-tra-cuu-va-xac-minh-van-bang-tot-nghiep-dai-hoc?page=25.html
2025-10-30 14:41:26,183 [INFO] Saved Markdown [daa/quydinh_huongdan/huong-dan-sinh-vien/01-dia-chi-tra-cuu-httpswwwuiteduvntra-cuuvan-banghttpswwwuiteduvntra-cuuvan-bang]: daa.uit.edu.vn_thongbao_huong-dan-tra-cuu-va-xac-minh-van-bang-tot-nghiep-dai-hoc?page=25.md
2025-10-30 14:41:26,194 [INFO] Detected numbered document: 01-dia-chi-tra-cuu-httpswwwuiteduvntra-cuuvan-banghttpswwwuiteduvntra-cuuvan-bang in huong-dan-sinh-vien
2025-10-30 14:41:26,203 [INFO] Saved HTML [daa/quydinh_huongdan/huong-dan-sinh-vien/01-dia-chi-tra-cuu-httpswwwuiteduvntra-cuuvan-banghttpswwwuiteduvntra-cuuvan-bang]: daa.uit.edu.vn_thongbao_huong-dan-tra-cuu-va-xac-minh-van-bang-tot-nghiep-dai-hoc?page=3839.html
2025-10-30 14:41:26,208 [INFO] Saved Markdown [daa/quydinh_huongdan/huong-dan-sinh-vien/01-dia-chi-tra-cuu-httpswwwuiteduvntra-cuuvan-banghttpswwwuiteduvntra-cuuvan-bang]: daa.uit.edu.vn_thongbao_huong-dan-tra-cuu-va-xac-minh-van-bang-tot-nghiep-dai-hoc?page=3839.md
2025-10-30 14:41:26,218 [INFO] Detected numbered document: 01-dia-chi-tra-cuu-httpswwwuiteduvntra-cuuvan-banghttpswwwuiteduvntra-cuuvan-bang in huong-dan-sinh-vien
2025-10-30 14:41:26,227 [INFO] Saved HTML [daa/quydinh_huongdan/huong-dan-sinh-vien/01-dia-chi-tra-cuu-httpswwwuiteduvntra-cuuvan-banghttpswwwuiteduvntra-cuuvan-bang]: daa.uit.edu.vn_thongbao_huong-dan-tra-cuu-va-xac-minh-van-bang-tot-nghiep-dai-hoc?page=27.html
2025-10-30 14:41:26,232 [INFO] Saved Markdown [daa/quydinh_huongdan/huong-dan-sinh-vien/01-dia-chi-tra-cuu-httpswwwuiteduvntra-cuuvan-banghttpswwwuiteduvntra-cuuvan-bang]: daa.uit.edu.vn_thongbao_huong-dan-tra-cuu-va-xac-minh-van-bang-tot-nghiep-dai-hoc?page=27.md
2025-10-30 14:41:26,243 [INFO] Detected numbered document: 01-dia-chi-tra-cuu-httpswwwuiteduvntra-cuuvan-banghttpswwwuiteduvntra-cuuvan-bang in huong-dan-sinh-vien
2025-10-30 14:41:26,251 [INFO] Saved HTML [daa/quydinh_huongdan/huong-dan-sinh-vien/01-dia-chi-tra-cuu-httpswwwuiteduvntra-cuuvan-banghttpswwwuiteduvntra-cuuvan-bang]: daa.uit.edu.vn_thongbao_huong-dan-tra-cuu-va-xac-minh-van-bang-tot-nghiep-dai-hoc?page=3841.html
2025-10-30 14:41:26,256 [INFO] Saved Markdown [daa/quydinh_huongdan/huong-dan-sinh-vien/01-dia-chi-tra-cuu-httpswwwuiteduvntra-cuuvan-banghttpswwwuiteduvntra-cuuvan-bang]: daa.uit.edu.vn_thongbao_huong-dan-tra-cuu-va-xac-minh-van-bang-tot-nghiep-dai-hoc?page=3841.md
2025-10-30 14:41:26,267 [INFO] Detected numbered document: 01-dia-chi-tra-cuu-httpswwwuiteduvntra-cuuvan-banghttpswwwuiteduvntra-cuuvan-bang in huong-dan-sinh-vien
2025-10-30 14:41:26,275 [INFO] Saved HTML [daa/quydinh_huongdan/huong-dan-sinh-vien/01-dia-chi-tra-cuu-httpswwwuiteduvntra-cuuvan-banghttpswwwuiteduvntra-cuuvan-bang]: daa.uit.edu.vn_thongbao_huong-dan-tra-cuu-va-xac-minh-van-bang-tot-nghiep-dai-hoc?page=26.html
2025-10-30 14:41:26,281 [INFO] Saved Markdown [daa/quydinh_huongdan/huong-dan-sinh-vien/01-dia-chi-tra-cuu-httpswwwuiteduvntra-cuuvan-banghttpswwwuiteduvntra-cuuvan-bang]: daa.uit.edu.vn_thongbao_huong-dan-tra-cuu-va-xac-minh-van-bang-tot-nghiep-dai-hoc?page=26.md
2025-10-30 14:41:26,292 [INFO] Detected numbered document: 01-dia-chi-tra-cuu-httpswwwuiteduvntra-cuuvan-banghttpswwwuiteduvntra-cuuvan-bang in huong-dan-sinh-vien
2025-10-30 14:41:26,303 [INFO] Saved HTML [daa/quydinh_huongdan/huong-dan-sinh-vien/01-dia-chi-tra-cuu-httpswwwuiteduvntra-cuuvan-banghttpswwwuiteduvntra-cuuvan-bang]: daa.uit.edu.vn_thongbao_huong-dan-tra-cuu-va-xac-minh-van-bang-tot-nghiep-dai-hoc?page=3838.html
2025-10-30 14:41:26,309 [INFO] Saved Markdown [daa/quydinh_huongdan/huong-dan-sinh-vien/01-dia-chi-tra-cuu-httpswwwuiteduvntra-cuuvan-banghttpswwwuiteduvntra-cuuvan-bang]: daa.uit.edu.vn_thongbao_huong-dan-tra-cuu-va-xac-minh-van-bang-tot-nghiep-dai-hoc?page=3838.md
2025-10-30 14:41:26,316 [INFO] Detected numbered document: 01-dia-chi-tra-cuu-httpswwwuiteduvntra-cuuvan-banghttpswwwuiteduvntra-cuuvan-bang in huong-dan-sinh-vien
2025-10-30 14:41:26,326 [INFO] Saved HTML [daa/quydinh_huongdan/huong-dan-sinh-vien/01-dia-chi-tra-cuu-httpswwwuiteduvntra-cuuvan-banghttpswwwuiteduvntra-cuuvan-bang]: daa.uit.edu.vn_thongbao_huong-dan-tra-cuu-va-xac-minh-van-bang-tot-nghiep-dai-hoc?page=3840.html
2025-10-30 14:41:26,332 [INFO] Saved Markdown [daa/quydinh_huongdan/huong-dan-sinh-vien/01-dia-chi-tra-cuu-httpswwwuiteduvntra-cuuvan-banghttpswwwuiteduvntra-cuuvan-bang]: daa.uit.edu.vn_thongbao_huong-dan-tra-cuu-va-xac-minh-van-bang-tot-nghiep-dai-hoc?page=3840.md
2025-10-30 14:41:26,343 [INFO] Detected numbered document: 01-dia-chi-tra-cuu-httpswwwuiteduvntra-cuuvan-banghttpswwwuiteduvntra-cuuvan-bang in huong-dan-sinh-vien
2025-10-30 14:41:26,353 [INFO] Saved HTML [daa/quydinh_huongdan/huong-dan-sinh-vien/01-dia-chi-tra-cuu-httpswwwuiteduvntra-cuuvan-banghttpswwwuiteduvntra-cuuvan-bang]: daa.uit.edu.vn_thongbao_huong-dan-tra-cuu-va-xac-minh-van-bang-tot-nghiep-dai-hoc?page=28.html
2025-10-30 14:41:26,360 [INFO] Saved Markdown [daa/quydinh_huongdan/huong-dan-sinh-vien/01-dia-chi-tra-cuu-httpswwwuiteduvntra-cuuvan-banghttpswwwuiteduvntra-cuuvan-bang]: daa.uit.edu.vn_thongbao_huong-dan-tra-cuu-va-xac-minh-van-bang-tot-nghiep-dai-hoc?page=28.md
2025-10-30 14:41:26,369 [INFO] Detected numbered document: 01-dia-chi-tra-cuu-httpswwwuiteduvntra-cuuvan-banghttpswwwuiteduvntra-cuuvan-bang in huong-dan-sinh-vien
2025-10-30 14:41:26,379 [INFO] Saved HTML [daa/quydinh_huongdan/huong-dan-sinh-vien/01-dia-chi-tra-cuu-httpswwwuiteduvntra-cuuvan-banghttpswwwuiteduvntra-cuuvan-bang]: daa.uit.edu.vn_thongbao_huong-dan-tra-cuu-va-xac-minh-van-bang-tot-nghiep-dai-hoc?page=3835.html
2025-10-30 14:41:26,384 [INFO] Saved Markdown [daa/quydinh_huongdan/huong-dan-sinh-vien/01-dia-chi-tra-cuu-httpswwwuiteduvntra-cuuvan-banghttpswwwuiteduvntra-cuuvan-bang]: daa.uit.edu.vn_thongbao_huong-dan-tra-cuu-va-xac-minh-van-bang-tot-nghiep-dai-hoc?page=3835.md
2025-10-30 14:41:26,393 [INFO] Detected numbered document: 01-dia-chi-tra-cuu-httpswwwuiteduvntra-cuuvan-banghttpswwwuiteduvntra-cuuvan-bang in huong-dan-sinh-vien
2025-10-30 14:41:26,403 [INFO] Saved HTML [daa/quydinh_huongdan/huong-dan-sinh-vien/01-dia-chi-tra-cuu-httpswwwuiteduvntra-cuuvan-banghttpswwwuiteduvntra-cuuvan-bang]: daa.uit.edu.vn_thongbao_huong-dan-tra-cuu-va-xac-minh-van-bang-tot-nghiep-dai-hoc?page=29.html
2025-10-30 14:41:26,410 [INFO] Saved Markdown [daa/quydinh_huongdan/huong-dan-sinh-vien/01-dia-chi-tra-cuu-httpswwwuiteduvntra-cuuvan-banghttpswwwuiteduvntra-cuuvan-bang]: daa.uit.edu.vn_thongbao_huong-dan-tra-cuu-va-xac-minh-van-bang-tot-nghiep-dai-hoc?page=29.md
2025-10-30 14:41:26,422 [INFO] Detected numbered document: 01-dia-chi-tra-cuu-httpswwwuiteduvntra-cuuvan-banghttpswwwuiteduvntra-cuuvan-bang in huong-dan-sinh-vien
2025-10-30 14:41:26,431 [INFO] Saved HTML [daa/quydinh_huongdan/huong-dan-sinh-vien/01-dia-chi-tra-cuu-httpswwwuiteduvntra-cuuvan-banghttpswwwuiteduvntra-cuuvan-bang]: daa.uit.edu.vn_thongbao_huong-dan-tra-cuu-va-xac-minh-van-bang-tot-nghiep-dai-hoc?page=3837.html
2025-10-30 14:41:26,436 [INFO] Saved Markdown [daa/quydinh_huongdan/huong-dan-sinh-vien/01-dia-chi-tra-cuu-httpswwwuiteduvntra-cuuvan-banghttpswwwuiteduvntra-cuuvan-bang]: daa.uit.edu.vn_thongbao_huong-dan-tra-cuu-va-xac-minh-van-bang-tot-nghiep-dai-hoc?page=3837.md
2025-10-30 14:41:26,445 [INFO] Detected numbered document: 01-dia-chi-tra-cuu-httpswwwuiteduvntra-cuuvan-banghttpswwwuiteduvntra-cuuvan-bang in huong-dan-sinh-vien
2025-10-30 14:41:26,454 [INFO] Saved HTML [daa/quydinh_huongdan/huong-dan-sinh-vien/01-dia-chi-tra-cuu-httpswwwuiteduvntra-cuuvan-banghttpswwwuiteduvntra-cuuvan-bang]: daa.uit.edu.vn_thongbao_huong-dan-tra-cuu-va-xac-minh-van-bang-tot-nghiep-dai-hoc?page=3836.html
2025-10-30 14:41:26,460 [INFO] Saved Markdown [daa/quydinh_huongdan/huong-dan-sinh-vien/01-dia-chi-tra-cuu-httpswwwuiteduvntra-cuuvan-banghttpswwwuiteduvntra-cuuvan-bang]: daa.uit.edu.vn_thongbao_huong-dan-tra-cuu-va-xac-minh-van-bang-tot-nghiep-dai-hoc?page=3836.md
2025-10-30 14:41:26,469 [INFO] Detected numbered document: 01-dia-chi-tra-cuu-httpswwwuiteduvntra-cuuvan-banghttpswwwuiteduvntra-cuuvan-bang in huong-dan-sinh-vien
2025-10-30 14:41:26,478 [INFO] Saved HTML [daa/quydinh_huongdan/huong-dan-sinh-vien/01-dia-chi-tra-cuu-httpswwwuiteduvntra-cuuvan-banghttpswwwuiteduvntra-cuuvan-bang]: daa.uit.edu.vn_thongbao_huong-dan-tra-cuu-va-xac-minh-van-bang-tot-nghiep-dai-hoc?page=32.html
2025-10-30 14:41:26,485 [INFO] Saved Markdown [daa/quydinh_huongdan/huong-dan-sinh-vien/01-dia-chi-tra-cuu-httpswwwuiteduvntra-cuuvan-banghttpswwwuiteduvntra-cuuvan-bang]: daa.uit.edu.vn_thongbao_huong-dan-tra-cuu-va-xac-minh-van-bang-tot-nghiep-dai-hoc?page=32.md
2025-10-30 14:41:26,496 [INFO] Detected numbered document: 01-dia-chi-tra-cuu-httpswwwuiteduvntra-cuuvan-banghttpswwwuiteduvntra-cuuvan-bang in huong-dan-sinh-vien
2025-10-30 14:41:26,504 [INFO] Saved HTML [daa/quydinh_huongdan/huong-dan-sinh-vien/01-dia-chi-tra-cuu-httpswwwuiteduvntra-cuuvan-banghttpswwwuiteduvntra-cuuvan-bang]: daa.uit.edu.vn_thongbao_huong-dan-tra-cuu-va-xac-minh-van-bang-tot-nghiep-dai-hoc?page=30.html
2025-10-30 14:41:26,509 [INFO] Saved Markdown [daa/quydinh_huongdan/huong-dan-sinh-vien/01-dia-chi-tra-cuu-httpswwwuiteduvntra-cuuvan-banghttpswwwuiteduvntra-cuuvan-bang]: daa.uit.edu.vn_thongbao_huong-dan-tra-cuu-va-xac-minh-van-bang-tot-nghiep-dai-hoc?page=30.md
2025-10-30 14:41:26,517 [INFO] Detected numbered document: 01-dia-chi-tra-cuu-httpswwwuiteduvntra-cuuvan-banghttpswwwuiteduvntra-cuuvan-bang in huong-dan-sinh-vien
2025-10-30 14:41:26,524 [INFO] Saved HTML [daa/quydinh_huongdan/huong-dan-sinh-vien/01-dia-chi-tra-cuu-httpswwwuiteduvntra-cuuvan-banghttpswwwuiteduvntra-cuuvan-bang]: daa.uit.edu.vn_thongbao_huong-dan-tra-cuu-va-xac-minh-van-bang-tot-nghiep-dai-hoc?page=31.html
2025-10-30 14:41:26,530 [INFO] Saved Markdown [daa/quydinh_huongdan/huong-dan-sinh-vien/01-dia-chi-tra-cuu-httpswwwuiteduvntra-cuuvan-banghttpswwwuiteduvntra-cuuvan-bang]: daa.uit.edu.vn_thongbao_huong-dan-tra-cuu-va-xac-minh-van-bang-tot-nghiep-dai-hoc?page=31.md
2025-10-30 14:41:26,542 [INFO] Detected numbered document: 01-dia-chi-tra-cuu-httpswwwuiteduvntra-cuuvan-banghttpswwwuiteduvntra-cuuvan-bang in huong-dan-sinh-vien
2025-10-30 14:41:26,552 [INFO] Saved HTML [daa/quydinh_huongdan/huong-dan-sinh-vien/01-dia-chi-tra-cuu-httpswwwuiteduvntra-cuuvan-banghttpswwwuiteduvntra-cuuvan-bang]: daa.uit.edu.vn_thongbao_huong-dan-tra-cuu-va-xac-minh-van-bang-tot-nghiep-dai-hoc?page=3834.html
2025-10-30 14:41:26,559 [INFO] Saved Markdown [daa/quydinh_huongdan/huong-dan-sinh-vien/01-dia-chi-tra-cuu-httpswwwuiteduvntra-cuuvan-banghttpswwwuiteduvntra-cuuvan-bang]: daa.uit.edu.vn_thongbao_huong-dan-tra-cuu-va-xac-minh-van-bang-tot-nghiep-dai-hoc?page=3834.md
2025-10-30 14:41:26,569 [INFO] Detected numbered document: 01-dia-chi-tra-cuu-httpswwwuiteduvntra-cuuvan-banghttpswwwuiteduvntra-cuuvan-bang in huong-dan-sinh-vien
2025-10-30 14:41:26,583 [INFO] Saved HTML [daa/quydinh_huongdan/huong-dan-sinh-vien/01-dia-chi-tra-cuu-httpswwwuiteduvntra-cuuvan-banghttpswwwuiteduvntra-cuuvan-bang]: daa.uit.edu.vn_thongbao_huong-dan-tra-cuu-va-xac-minh-van-bang-tot-nghiep-dai-hoc?page=3831.html
2025-10-30 14:41:26,590 [INFO] Saved Markdown [daa/quydinh_huongdan/huong-dan-sinh-vien/01-dia-chi-tra-cuu-httpswwwuiteduvntra-cuuvan-banghttpswwwuiteduvntra-cuuvan-bang]: daa.uit.edu.vn_thongbao_huong-dan-tra-cuu-va-xac-minh-van-bang-tot-nghiep-dai-hoc?page=3831.md
2025-10-30 14:41:26,597 [INFO] Detected numbered document: 01-dia-chi-tra-cuu-httpswwwuiteduvntra-cuuvan-banghttpswwwuiteduvntra-cuuvan-bang in huong-dan-sinh-vien
2025-10-30 14:41:26,605 [INFO] Saved HTML [daa/quydinh_huongdan/huong-dan-sinh-vien/01-dia-chi-tra-cuu-httpswwwuiteduvntra-cuuvan-banghttpswwwuiteduvntra-cuuvan-bang]: daa.uit.edu.vn_thongbao_huong-dan-tra-cuu-va-xac-minh-van-bang-tot-nghiep-dai-hoc?page=33.html
2025-10-30 14:41:26,610 [INFO] Saved Markdown [daa/quydinh_huongdan/huong-dan-sinh-vien/01-dia-chi-tra-cuu-httpswwwuiteduvntra-cuuvan-banghttpswwwuiteduvntra-cuuvan-bang]: daa.uit.edu.vn_thongbao_huong-dan-tra-cuu-va-xac-minh-van-bang-tot-nghiep-dai-hoc?page=33.md
2025-10-30 14:41:26,624 [INFO] Detected numbered document: 01-dia-chi-tra-cuu-httpswwwuiteduvntra-cuuvan-banghttpswwwuiteduvntra-cuuvan-bang in huong-dan-sinh-vien
2025-10-30 14:41:26,634 [INFO] Saved HTML [daa/quydinh_huongdan/huong-dan-sinh-vien/01-dia-chi-tra-cuu-httpswwwuiteduvntra-cuuvan-banghttpswwwuiteduvntra-cuuvan-bang]: daa.uit.edu.vn_thongbao_huong-dan-tra-cuu-va-xac-minh-van-bang-tot-nghiep-dai-hoc?page=3833.html
2025-10-30 14:41:26,638 [INFO] Saved Markdown [daa/quydinh_huongdan/huong-dan-sinh-vien/01-dia-chi-tra-cuu-httpswwwuiteduvntra-cuuvan-banghttpswwwuiteduvntra-cuuvan-bang]: daa.uit.edu.vn_thongbao_huong-dan-tra-cuu-va-xac-minh-van-bang-tot-nghiep-dai-hoc?page=3833.md
2025-10-30 14:41:26,650 [INFO] Detected numbered document: 01-dia-chi-tra-cuu-httpswwwuiteduvntra-cuuvan-banghttpswwwuiteduvntra-cuuvan-bang in huong-dan-sinh-vien
2025-10-30 14:41:26,657 [INFO] Saved HTML [daa/quydinh_huongdan/huong-dan-sinh-vien/01-dia-chi-tra-cuu-httpswwwuiteduvntra-cuuvan-banghttpswwwuiteduvntra-cuuvan-bang]: daa.uit.edu.vn_thongbao_huong-dan-tra-cuu-va-xac-minh-van-bang-tot-nghiep-dai-hoc?page=34.html
2025-10-30 14:41:26,662 [INFO] Saved Markdown [daa/quydinh_huongdan/huong-dan-sinh-vien/01-dia-chi-tra-cuu-httpswwwuiteduvntra-cuuvan-banghttpswwwuiteduvntra-cuuvan-bang]: daa.uit.edu.vn_thongbao_huong-dan-tra-cuu-va-xac-minh-van-bang-tot-nghiep-dai-hoc?page=34.md
2025-10-30 14:41:26,674 [INFO] Detected numbered document: 01-dia-chi-tra-cuu-httpswwwuiteduvntra-cuuvan-banghttpswwwuiteduvntra-cuuvan-bang in huong-dan-sinh-vien
2025-10-30 14:41:26,682 [INFO] Saved HTML [daa/quydinh_huongdan/huong-dan-sinh-vien/01-dia-chi-tra-cuu-httpswwwuiteduvntra-cuuvan-banghttpswwwuiteduvntra-cuuvan-bang]: daa.uit.edu.vn_thongbao_huong-dan-tra-cuu-va-xac-minh-van-bang-tot-nghiep-dai-hoc?page=3832.html
2025-10-30 14:41:26,687 [INFO] Saved Markdown [daa/quydinh_huongdan/huong-dan-sinh-vien/01-dia-chi-tra-cuu-httpswwwuiteduvntra-cuuvan-banghttpswwwuiteduvntra-cuuvan-bang]: daa.uit.edu.vn_thongbao_huong-dan-tra-cuu-va-xac-minh-van-bang-tot-nghiep-dai-hoc?page=3832.md
2025-10-30 14:41:26,699 [INFO] Detected numbered document: 01-dia-chi-tra-cuu-httpswwwuiteduvntra-cuuvan-banghttpswwwuiteduvntra-cuuvan-bang in huong-dan-sinh-vien
2025-10-30 14:41:26,708 [INFO] Saved HTML [daa/quydinh_huongdan/huong-dan-sinh-vien/01-dia-chi-tra-cuu-httpswwwuiteduvntra-cuuvan-banghttpswwwuiteduvntra-cuuvan-bang]: daa.uit.edu.vn_thongbao_huong-dan-tra-cuu-va-xac-minh-van-bang-tot-nghiep-dai-hoc?page=35.html
2025-10-30 14:41:26,714 [INFO] Saved Markdown [daa/quydinh_huongdan/huong-dan-sinh-vien/01-dia-chi-tra-cuu-httpswwwuiteduvntra-cuuvan-banghttpswwwuiteduvntra-cuuvan-bang]: daa.uit.edu.vn_thongbao_huong-dan-tra-cuu-va-xac-minh-van-bang-tot-nghiep-dai-hoc?page=35.md
2025-10-30 14:41:26,722 [INFO] Detected numbered document: 01-dia-chi-tra-cuu-httpswwwuiteduvntra-cuuvan-banghttpswwwuiteduvntra-cuuvan-bang in huong-dan-sinh-vien
2025-10-30 14:41:26,730 [INFO] Saved HTML [daa/quydinh_huongdan/huong-dan-sinh-vien/01-dia-chi-tra-cuu-httpswwwuiteduvntra-cuuvan-banghttpswwwuiteduvntra-cuuvan-bang]: daa.uit.edu.vn_thongbao_huong-dan-tra-cuu-va-xac-minh-van-bang-tot-nghiep-dai-hoc?page=36.html
2025-10-30 14:41:26,735 [INFO] Saved Markdown [daa/quydinh_huongdan/huong-dan-sinh-vien/01-dia-chi-tra-cuu-httpswwwuiteduvntra-cuuvan-banghttpswwwuiteduvntra-cuuvan-bang]: daa.uit.edu.vn_thongbao_huong-dan-tra-cuu-va-xac-minh-van-bang-tot-nghiep-dai-hoc?page=36.md
2025-10-30 14:41:26,748 [INFO] Detected numbered document: 01-dia-chi-tra-cuu-httpswwwuiteduvntra-cuuvan-banghttpswwwuiteduvntra-cuuvan-bang in huong-dan-sinh-vien
2025-10-30 14:41:26,757 [INFO] Saved HTML [daa/quydinh_huongdan/huong-dan-sinh-vien/01-dia-chi-tra-cuu-httpswwwuiteduvntra-cuuvan-banghttpswwwuiteduvntra-cuuvan-bang]: daa.uit.edu.vn_thongbao_huong-dan-tra-cuu-va-xac-minh-van-bang-tot-nghiep-dai-hoc?page=3827.html
2025-10-30 14:41:26,763 [INFO] Saved Markdown [daa/quydinh_huongdan/huong-dan-sinh-vien/01-dia-chi-tra-cuu-httpswwwuiteduvntra-cuuvan-banghttpswwwuiteduvntra-cuuvan-bang]: daa.uit.edu.vn_thongbao_huong-dan-tra-cuu-va-xac-minh-van-bang-tot-nghiep-dai-hoc?page=3827.md
2025-10-30 14:41:26,773 [INFO] Detected numbered document: 01-dia-chi-tra-cuu-httpswwwuiteduvntra-cuuvan-banghttpswwwuiteduvntra-cuuvan-bang in huong-dan-sinh-vien
2025-10-30 14:41:26,781 [INFO] Saved HTML [daa/quydinh_huongdan/huong-dan-sinh-vien/01-dia-chi-tra-cuu-httpswwwuiteduvntra-cuuvan-banghttpswwwuiteduvntra-cuuvan-bang]: daa.uit.edu.vn_thongbao_huong-dan-tra-cuu-va-xac-minh-van-bang-tot-nghiep-dai-hoc?page=3829.html
2025-10-30 14:41:26,785 [INFO] Saved Markdown [daa/quydinh_huongdan/huong-dan-sinh-vien/01-dia-chi-tra-cuu-httpswwwuiteduvntra-cuuvan-banghttpswwwuiteduvntra-cuuvan-bang]: daa.uit.edu.vn_thongbao_huong-dan-tra-cuu-va-xac-minh-van-bang-tot-nghiep-dai-hoc?page=3829.md
2025-10-30 14:41:26,798 [INFO] Detected numbered document: 01-dia-chi-tra-cuu-httpswwwuiteduvntra-cuuvan-banghttpswwwuiteduvntra-cuuvan-bang in huong-dan-sinh-vien
2025-10-30 14:41:26,806 [INFO] Saved HTML [daa/quydinh_huongdan/huong-dan-sinh-vien/01-dia-chi-tra-cuu-httpswwwuiteduvntra-cuuvan-banghttpswwwuiteduvntra-cuuvan-bang]: daa.uit.edu.vn_thongbao_huong-dan-tra-cuu-va-xac-minh-van-bang-tot-nghiep-dai-hoc?page=3830.html
2025-10-30 14:41:26,810 [INFO] Saved Markdown [daa/quydinh_huongdan/huong-dan-sinh-vien/01-dia-chi-tra-cuu-httpswwwuiteduvntra-cuuvan-banghttpswwwuiteduvntra-cuuvan-bang]: daa.uit.edu.vn_thongbao_huong-dan-tra-cuu-va-xac-minh-van-bang-tot-nghiep-dai-hoc?page=3830.md
2025-10-30 14:41:26,820 [INFO] Detected numbered document: 01-dia-chi-tra-cuu-httpswwwuiteduvntra-cuuvan-banghttpswwwuiteduvntra-cuuvan-bang in huong-dan-sinh-vien
2025-10-30 14:41:26,829 [INFO] Saved HTML [daa/quydinh_huongdan/huong-dan-sinh-vien/01-dia-chi-tra-cuu-httpswwwuiteduvntra-cuuvan-banghttpswwwuiteduvntra-cuuvan-bang]: daa.uit.edu.vn_thongbao_huong-dan-tra-cuu-va-xac-minh-van-bang-tot-nghiep-dai-hoc?page=3828.html
2025-10-30 14:41:26,834 [INFO] Saved Markdown [daa/quydinh_huongdan/huong-dan-sinh-vien/01-dia-chi-tra-cuu-httpswwwuiteduvntra-cuuvan-banghttpswwwuiteduvntra-cuuvan-bang]: daa.uit.edu.vn_thongbao_huong-dan-tra-cuu-va-xac-minh-van-bang-tot-nghiep-dai-hoc?page=3828.md
2025-10-30 14:41:26,846 [INFO] Detected numbered document: 01-dia-chi-tra-cuu-httpswwwuiteduvntra-cuuvan-banghttpswwwuiteduvntra-cuuvan-bang in huong-dan-sinh-vien
2025-10-30 14:41:26,856 [INFO] Saved HTML [daa/quydinh_huongdan/huong-dan-sinh-vien/01-dia-chi-tra-cuu-httpswwwuiteduvntra-cuuvan-banghttpswwwuiteduvntra-cuuvan-bang]: daa.uit.edu.vn_thongbao_huong-dan-tra-cuu-va-xac-minh-van-bang-tot-nghiep-dai-hoc?page=37.html
2025-10-30 14:41:26,864 [INFO] Saved Markdown [daa/quydinh_huongdan/huong-dan-sinh-vien/01-dia-chi-tra-cuu-httpswwwuiteduvntra-cuuvan-banghttpswwwuiteduvntra-cuuvan-bang]: daa.uit.edu.vn_thongbao_huong-dan-tra-cuu-va-xac-minh-van-bang-tot-nghiep-dai-hoc?page=37.md
2025-10-30 14:41:26,872 [INFO] Detected numbered document: 01-dia-chi-tra-cuu-httpswwwuiteduvntra-cuuvan-banghttpswwwuiteduvntra-cuuvan-bang in huong-dan-sinh-vien
2025-10-30 14:41:26,882 [INFO] Saved HTML [daa/quydinh_huongdan/huong-dan-sinh-vien/01-dia-chi-tra-cuu-httpswwwuiteduvntra-cuuvan-banghttpswwwuiteduvntra-cuuvan-bang]: daa.uit.edu.vn_thongbao_huong-dan-tra-cuu-va-xac-minh-van-bang-tot-nghiep-dai-hoc?page=39.html
2025-10-30 14:41:26,889 [INFO] Saved Markdown [daa/quydinh_huongdan/huong-dan-sinh-vien/01-dia-chi-tra-cuu-httpswwwuiteduvntra-cuuvan-banghttpswwwuiteduvntra-cuuvan-bang]: daa.uit.edu.vn_thongbao_huong-dan-tra-cuu-va-xac-minh-van-bang-tot-nghiep-dai-hoc?page=39.md
2025-10-30 14:41:26,899 [INFO] Detected numbered document: 01-dia-chi-tra-cuu-httpswwwuiteduvntra-cuuvan-banghttpswwwuiteduvntra-cuuvan-bang in huong-dan-sinh-vien
2025-10-30 14:41:26,907 [INFO] Saved HTML [daa/quydinh_huongdan/huong-dan-sinh-vien/01-dia-chi-tra-cuu-httpswwwuiteduvntra-cuuvan-banghttpswwwuiteduvntra-cuuvan-bang]: daa.uit.edu.vn_thongbao_huong-dan-tra-cuu-va-xac-minh-van-bang-tot-nghiep-dai-hoc?page=40.html
2025-10-30 14:41:26,912 [INFO] Saved Markdown [daa/quydinh_huongdan/huong-dan-sinh-vien/01-dia-chi-tra-cuu-httpswwwuiteduvntra-cuuvan-banghttpswwwuiteduvntra-cuuvan-bang]: daa.uit.edu.vn_thongbao_huong-dan-tra-cuu-va-xac-minh-van-bang-tot-nghiep-dai-hoc?page=40.md
2025-10-30 14:41:26,924 [INFO] Detected numbered document: 01-dia-chi-tra-cuu-httpswwwuiteduvntra-cuuvan-banghttpswwwuiteduvntra-cuuvan-bang in huong-dan-sinh-vien
2025-10-30 14:41:26,931 [INFO] Saved HTML [daa/quydinh_huongdan/huong-dan-sinh-vien/01-dia-chi-tra-cuu-httpswwwuiteduvntra-cuuvan-banghttpswwwuiteduvntra-cuuvan-bang]: daa.uit.edu.vn_thongbao_huong-dan-tra-cuu-va-xac-minh-van-bang-tot-nghiep-dai-hoc?page=38.html
2025-10-30 14:41:26,936 [INFO] Saved Markdown [daa/quydinh_huongdan/huong-dan-sinh-vien/01-dia-chi-tra-cuu-httpswwwuiteduvntra-cuuvan-banghttpswwwuiteduvntra-cuuvan-bang]: daa.uit.edu.vn_thongbao_huong-dan-tra-cuu-va-xac-minh-van-bang-tot-nghiep-dai-hoc?page=38.md
2025-10-30 14:41:26,949 [INFO] Detected numbered document: 01-dia-chi-tra-cuu-httpswwwuiteduvntra-cuuvan-banghttpswwwuiteduvntra-cuuvan-bang in huong-dan-sinh-vien
2025-10-30 14:41:26,957 [INFO] Saved HTML [daa/quydinh_huongdan/huong-dan-sinh-vien/01-dia-chi-tra-cuu-httpswwwuiteduvntra-cuuvan-banghttpswwwuiteduvntra-cuuvan-bang]: daa.uit.edu.vn_thongbao_huong-dan-tra-cuu-va-xac-minh-van-bang-tot-nghiep-dai-hoc?page=3826.html
2025-10-30 14:41:26,961 [INFO] Saved Markdown [daa/quydinh_huongdan/huong-dan-sinh-vien/01-dia-chi-tra-cuu-httpswwwuiteduvntra-cuuvan-banghttpswwwuiteduvntra-cuuvan-bang]: daa.uit.edu.vn_thongbao_huong-dan-tra-cuu-va-xac-minh-van-bang-tot-nghiep-dai-hoc?page=3826.md
2025-10-30 14:41:26,971 [INFO] Detected numbered document: 01-dia-chi-tra-cuu-httpswwwuiteduvntra-cuuvan-banghttpswwwuiteduvntra-cuuvan-bang in huong-dan-sinh-vien
2025-10-30 14:41:26,979 [INFO] Saved HTML [daa/quydinh_huongdan/huong-dan-sinh-vien/01-dia-chi-tra-cuu-httpswwwuiteduvntra-cuuvan-banghttpswwwuiteduvntra-cuuvan-bang]: daa.uit.edu.vn_thongbao_huong-dan-tra-cuu-va-xac-minh-van-bang-tot-nghiep-dai-hoc?page=3823.html
2025-10-30 14:41:26,984 [INFO] Saved Markdown [daa/quydinh_huongdan/huong-dan-sinh-vien/01-dia-chi-tra-cuu-httpswwwuiteduvntra-cuuvan-banghttpswwwuiteduvntra-cuuvan-bang]: daa.uit.edu.vn_thongbao_huong-dan-tra-cuu-va-xac-minh-van-bang-tot-nghiep-dai-hoc?page=3823.md
2025-10-30 14:41:26,996 [INFO] Detected numbered document: 01-dia-chi-tra-cuu-httpswwwuiteduvntra-cuuvan-banghttpswwwuiteduvntra-cuuvan-bang in huong-dan-sinh-vien
2025-10-30 14:41:27,006 [INFO] Saved HTML [daa/quydinh_huongdan/huong-dan-sinh-vien/01-dia-chi-tra-cuu-httpswwwuiteduvntra-cuuvan-banghttpswwwuiteduvntra-cuuvan-bang]: daa.uit.edu.vn_thongbao_huong-dan-tra-cuu-va-xac-minh-van-bang-tot-nghiep-dai-hoc?page=3824.html
2025-10-30 14:41:27,011 [INFO] Saved Markdown [daa/quydinh_huongdan/huong-dan-sinh-vien/01-dia-chi-tra-cuu-httpswwwuiteduvntra-cuuvan-banghttpswwwuiteduvntra-cuuvan-bang]: daa.uit.edu.vn_thongbao_huong-dan-tra-cuu-va-xac-minh-van-bang-tot-nghiep-dai-hoc?page=3824.md
2025-10-30 14:41:27,021 [INFO] Detected numbered document: 01-dia-chi-tra-cuu-httpswwwuiteduvntra-cuuvan-banghttpswwwuiteduvntra-cuuvan-bang in huong-dan-sinh-vien
2025-10-30 14:41:27,029 [INFO] Saved HTML [daa/quydinh_huongdan/huong-dan-sinh-vien/01-dia-chi-tra-cuu-httpswwwuiteduvntra-cuuvan-banghttpswwwuiteduvntra-cuuvan-bang]: daa.uit.edu.vn_thongbao_huong-dan-tra-cuu-va-xac-minh-van-bang-tot-nghiep-dai-hoc?page=41.html
2025-10-30 14:41:27,034 [INFO] Saved Markdown [daa/quydinh_huongdan/huong-dan-sinh-vien/01-dia-chi-tra-cuu-httpswwwuiteduvntra-cuuvan-banghttpswwwuiteduvntra-cuuvan-bang]: daa.uit.edu.vn_thongbao_huong-dan-tra-cuu-va-xac-minh-van-bang-tot-nghiep-dai-hoc?page=41.md
2025-10-30 14:41:27,045 [INFO] Detected numbered document: 01-dia-chi-tra-cuu-httpswwwuiteduvntra-cuuvan-banghttpswwwuiteduvntra-cuuvan-bang in huong-dan-sinh-vien
2025-10-30 14:41:27,055 [INFO] Saved HTML [daa/quydinh_huongdan/huong-dan-sinh-vien/01-dia-chi-tra-cuu-httpswwwuiteduvntra-cuuvan-banghttpswwwuiteduvntra-cuuvan-bang]: daa.uit.edu.vn_thongbao_huong-dan-tra-cuu-va-xac-minh-van-bang-tot-nghiep-dai-hoc?page=3825.html
2025-10-30 14:41:27,061 [INFO] Saved Markdown [daa/quydinh_huongdan/huong-dan-sinh-vien/01-dia-chi-tra-cuu-httpswwwuiteduvntra-cuuvan-banghttpswwwuiteduvntra-cuuvan-bang]: daa.uit.edu.vn_thongbao_huong-dan-tra-cuu-va-xac-minh-van-bang-tot-nghiep-dai-hoc?page=3825.md
2025-10-30 14:41:27,072 [INFO] Detected numbered document: 01-dia-chi-tra-cuu-httpswwwuiteduvntra-cuuvan-banghttpswwwuiteduvntra-cuuvan-bang in huong-dan-sinh-vien
2025-10-30 14:41:27,082 [INFO] Saved HTML [daa/quydinh_huongdan/huong-dan-sinh-vien/01-dia-chi-tra-cuu-httpswwwuiteduvntra-cuuvan-banghttpswwwuiteduvntra-cuuvan-bang]: daa.uit.edu.vn_thongbao_huong-dan-tra-cuu-va-xac-minh-van-bang-tot-nghiep-dai-hoc?page=42.html
2025-10-30 14:41:27,086 [INFO] Saved Markdown [daa/quydinh_huongdan/huong-dan-sinh-vien/01-dia-chi-tra-cuu-httpswwwuiteduvntra-cuuvan-banghttpswwwuiteduvntra-cuuvan-bang]: daa.uit.edu.vn_thongbao_huong-dan-tra-cuu-va-xac-minh-van-bang-tot-nghiep-dai-hoc?page=42.md
2025-10-30 14:41:27,099 [INFO] Detected numbered document: 01-dia-chi-tra-cuu-httpswwwuiteduvntra-cuuvan-banghttpswwwuiteduvntra-cuuvan-bang in huong-dan-sinh-vien
2025-10-30 14:41:27,106 [INFO] Saved HTML [daa/quydinh_huongdan/huong-dan-sinh-vien/01-dia-chi-tra-cuu-httpswwwuiteduvntra-cuuvan-banghttpswwwuiteduvntra-cuuvan-bang]: daa.uit.edu.vn_thongbao_huong-dan-tra-cuu-va-xac-minh-van-bang-tot-nghiep-dai-hoc?page=3819.html
2025-10-30 14:41:27,111 [INFO] Saved Markdown [daa/quydinh_huongdan/huong-dan-sinh-vien/01-dia-chi-tra-cuu-httpswwwuiteduvntra-cuuvan-banghttpswwwuiteduvntra-cuuvan-bang]: daa.uit.edu.vn_thongbao_huong-dan-tra-cuu-va-xac-minh-van-bang-tot-nghiep-dai-hoc?page=3819.md
2025-10-30 14:41:27,124 [INFO] Detected numbered document: 01-dia-chi-tra-cuu-httpswwwuiteduvntra-cuuvan-banghttpswwwuiteduvntra-cuuvan-bang in huong-dan-sinh-vien
2025-10-30 14:41:27,132 [INFO] Saved HTML [daa/quydinh_huongdan/huong-dan-sinh-vien/01-dia-chi-tra-cuu-httpswwwuiteduvntra-cuuvan-banghttpswwwuiteduvntra-cuuvan-bang]: daa.uit.edu.vn_thongbao_huong-dan-tra-cuu-va-xac-minh-van-bang-tot-nghiep-dai-hoc?page=3822.html
2025-10-30 14:41:27,136 [INFO] Saved Markdown [daa/quydinh_huongdan/huong-dan-sinh-vien/01-dia-chi-tra-cuu-httpswwwuiteduvntra-cuuvan-banghttpswwwuiteduvntra-cuuvan-bang]: daa.uit.edu.vn_thongbao_huong-dan-tra-cuu-va-xac-minh-van-bang-tot-nghiep-dai-hoc?page=3822.md
2025-10-30 14:41:27,149 [INFO] Detected numbered document: 01-dia-chi-tra-cuu-httpswwwuiteduvntra-cuuvan-banghttpswwwuiteduvntra-cuuvan-bang in huong-dan-sinh-vien
2025-10-30 14:41:27,156 [INFO] Saved HTML [daa/quydinh_huongdan/huong-dan-sinh-vien/01-dia-chi-tra-cuu-httpswwwuiteduvntra-cuuvan-banghttpswwwuiteduvntra-cuuvan-bang]: daa.uit.edu.vn_thongbao_huong-dan-tra-cuu-va-xac-minh-van-bang-tot-nghiep-dai-hoc?page=43.html
2025-10-30 14:41:27,162 [INFO] Saved Markdown [daa/quydinh_huongdan/huong-dan-sinh-vien/01-dia-chi-tra-cuu-httpswwwuiteduvntra-cuuvan-banghttpswwwuiteduvntra-cuuvan-bang]: daa.uit.edu.vn_thongbao_huong-dan-tra-cuu-va-xac-minh-van-bang-tot-nghiep-dai-hoc?page=43.md
2025-10-30 14:41:27,174 [INFO] Detected numbered document: 01-dia-chi-tra-cuu-httpswwwuiteduvntra-cuuvan-banghttpswwwuiteduvntra-cuuvan-bang in huong-dan-sinh-vien
2025-10-30 14:41:27,182 [INFO] Saved HTML [daa/quydinh_huongdan/huong-dan-sinh-vien/01-dia-chi-tra-cuu-httpswwwuiteduvntra-cuuvan-banghttpswwwuiteduvntra-cuuvan-bang]: daa.uit.edu.vn_thongbao_huong-dan-tra-cuu-va-xac-minh-van-bang-tot-nghiep-dai-hoc?page=44.html
2025-10-30 14:41:27,188 [INFO] Saved Markdown [daa/quydinh_huongdan/huong-dan-sinh-vien/01-dia-chi-tra-cuu-httpswwwuiteduvntra-cuuvan-banghttpswwwuiteduvntra-cuuvan-bang]: daa.uit.edu.vn_thongbao_huong-dan-tra-cuu-va-xac-minh-van-bang-tot-nghiep-dai-hoc?page=44.md
2025-10-30 14:41:27,197 [INFO] Detected numbered document: 01-dia-chi-tra-cuu-httpswwwuiteduvntra-cuuvan-banghttpswwwuiteduvntra-cuuvan-bang in huong-dan-sinh-vien
2025-10-30 14:41:27,206 [INFO] Saved HTML [daa/quydinh_huongdan/huong-dan-sinh-vien/01-dia-chi-tra-cuu-httpswwwuiteduvntra-cuuvan-banghttpswwwuiteduvntra-cuuvan-bang]: daa.uit.edu.vn_thongbao_huong-dan-tra-cuu-va-xac-minh-van-bang-tot-nghiep-dai-hoc?page=3820.html
2025-10-30 14:41:27,211 [INFO] Saved Markdown [daa/quydinh_huongdan/huong-dan-sinh-vien/01-dia-chi-tra-cuu-httpswwwuiteduvntra-cuuvan-banghttpswwwuiteduvntra-cuuvan-bang]: daa.uit.edu.vn_thongbao_huong-dan-tra-cuu-va-xac-minh-van-bang-tot-nghiep-dai-hoc?page=3820.md
2025-10-30 14:41:27,219 [INFO] Detected numbered document: 01-dia-chi-tra-cuu-httpswwwuiteduvntra-cuuvan-banghttpswwwuiteduvntra-cuuvan-bang in huong-dan-sinh-vien
2025-10-30 14:41:27,229 [INFO] Saved HTML [daa/quydinh_huongdan/huong-dan-sinh-vien/01-dia-chi-tra-cuu-httpswwwuiteduvntra-cuuvan-banghttpswwwuiteduvntra-cuuvan-bang]: daa.uit.edu.vn_thongbao_huong-dan-tra-cuu-va-xac-minh-van-bang-tot-nghiep-dai-hoc?page=46.html
2025-10-30 14:41:27,233 [INFO] Saved Markdown [daa/quydinh_huongdan/huong-dan-sinh-vien/01-dia-chi-tra-cuu-httpswwwuiteduvntra-cuuvan-banghttpswwwuiteduvntra-cuuvan-bang]: daa.uit.edu.vn_thongbao_huong-dan-tra-cuu-va-xac-minh-van-bang-tot-nghiep-dai-hoc?page=46.md
2025-10-30 14:41:27,241 [INFO] Detected numbered document: 01-dia-chi-tra-cuu-httpswwwuiteduvntra-cuuvan-banghttpswwwuiteduvntra-cuuvan-bang in huong-dan-sinh-vien
2025-10-30 14:41:27,250 [INFO] Saved HTML [daa/quydinh_huongdan/huong-dan-sinh-vien/01-dia-chi-tra-cuu-httpswwwuiteduvntra-cuuvan-banghttpswwwuiteduvntra-cuuvan-bang]: daa.uit.edu.vn_thongbao_huong-dan-tra-cuu-va-xac-minh-van-bang-tot-nghiep-dai-hoc?page=3818.html
2025-10-30 14:41:27,257 [INFO] Saved Markdown [daa/quydinh_huongdan/huong-dan-sinh-vien/01-dia-chi-tra-cuu-httpswwwuiteduvntra-cuuvan-banghttpswwwuiteduvntra-cuuvan-bang]: daa.uit.edu.vn_thongbao_huong-dan-tra-cuu-va-xac-minh-van-bang-tot-nghiep-dai-hoc?page=3818.md
2025-10-30 14:41:27,266 [INFO] Detected numbered document: 01-dia-chi-tra-cuu-httpswwwuiteduvntra-cuuvan-banghttpswwwuiteduvntra-cuuvan-bang in huong-dan-sinh-vien
2025-10-30 14:41:27,274 [INFO] Saved HTML [daa/quydinh_huongdan/huong-dan-sinh-vien/01-dia-chi-tra-cuu-httpswwwuiteduvntra-cuuvan-banghttpswwwuiteduvntra-cuuvan-bang]: daa.uit.edu.vn_thongbao_huong-dan-tra-cuu-va-xac-minh-van-bang-tot-nghiep-dai-hoc?page=3815.html
2025-10-30 14:41:27,280 [INFO] Saved Markdown [daa/quydinh_huongdan/huong-dan-sinh-vien/01-dia-chi-tra-cuu-httpswwwuiteduvntra-cuuvan-banghttpswwwuiteduvntra-cuuvan-bang]: daa.uit.edu.vn_thongbao_huong-dan-tra-cuu-va-xac-minh-van-bang-tot-nghiep-dai-hoc?page=3815.md
2025-10-30 14:41:27,290 [INFO] Detected numbered document: 01-dia-chi-tra-cuu-httpswwwuiteduvntra-cuuvan-banghttpswwwuiteduvntra-cuuvan-bang in huong-dan-sinh-vien
2025-10-30 14:41:27,300 [INFO] Saved HTML [daa/quydinh_huongdan/huong-dan-sinh-vien/01-dia-chi-tra-cuu-httpswwwuiteduvntra-cuuvan-banghttpswwwuiteduvntra-cuuvan-bang]: daa.uit.edu.vn_thongbao_huong-dan-tra-cuu-va-xac-minh-van-bang-tot-nghiep-dai-hoc?page=3821.html
2025-10-30 14:41:27,304 [INFO] Saved Markdown [daa/quydinh_huongdan/huong-dan-sinh-vien/01-dia-chi-tra-cuu-httpswwwuiteduvntra-cuuvan-banghttpswwwuiteduvntra-cuuvan-bang]: daa.uit.edu.vn_thongbao_huong-dan-tra-cuu-va-xac-minh-van-bang-tot-nghiep-dai-hoc?page=3821.md
2025-10-30 14:41:27,312 [INFO] Detected numbered document: 01-dia-chi-tra-cuu-httpswwwuiteduvntra-cuuvan-banghttpswwwuiteduvntra-cuuvan-bang in huong-dan-sinh-vien
2025-10-30 14:41:27,320 [INFO] Saved HTML [daa/quydinh_huongdan/huong-dan-sinh-vien/01-dia-chi-tra-cuu-httpswwwuiteduvntra-cuuvan-banghttpswwwuiteduvntra-cuuvan-bang]: daa.uit.edu.vn_thongbao_huong-dan-tra-cuu-va-xac-minh-van-bang-tot-nghiep-dai-hoc?page=45.html
2025-10-30 14:41:27,324 [INFO] Saved Markdown [daa/quydinh_huongdan/huong-dan-sinh-vien/01-dia-chi-tra-cuu-httpswwwuiteduvntra-cuuvan-banghttpswwwuiteduvntra-cuuvan-bang]: daa.uit.edu.vn_thongbao_huong-dan-tra-cuu-va-xac-minh-van-bang-tot-nghiep-dai-hoc?page=45.md
2025-10-30 14:41:27,334 [INFO] Detected numbered document: 01-dia-chi-tra-cuu-httpswwwuiteduvntra-cuuvan-banghttpswwwuiteduvntra-cuuvan-bang in huong-dan-sinh-vien
2025-10-30 14:41:27,343 [INFO] Saved HTML [daa/quydinh_huongdan/huong-dan-sinh-vien/01-dia-chi-tra-cuu-httpswwwuiteduvntra-cuuvan-banghttpswwwuiteduvntra-cuuvan-bang]: daa.uit.edu.vn_thongbao_huong-dan-tra-cuu-va-xac-minh-van-bang-tot-nghiep-dai-hoc?page=49.html
2025-10-30 14:41:27,348 [INFO] Saved Markdown [daa/quydinh_huongdan/huong-dan-sinh-vien/01-dia-chi-tra-cuu-httpswwwuiteduvntra-cuuvan-banghttpswwwuiteduvntra-cuuvan-bang]: daa.uit.edu.vn_thongbao_huong-dan-tra-cuu-va-xac-minh-van-bang-tot-nghiep-dai-hoc?page=49.md
2025-10-30 14:41:27,355 [INFO] Detected numbered document: 01-dia-chi-tra-cuu-httpswwwuiteduvntra-cuuvan-banghttpswwwuiteduvntra-cuuvan-bang in huong-dan-sinh-vien
2025-10-30 14:41:27,363 [INFO] Saved HTML [daa/quydinh_huongdan/huong-dan-sinh-vien/01-dia-chi-tra-cuu-httpswwwuiteduvntra-cuuvan-banghttpswwwuiteduvntra-cuuvan-bang]: daa.uit.edu.vn_thongbao_huong-dan-tra-cuu-va-xac-minh-van-bang-tot-nghiep-dai-hoc?page=48.html
2025-10-30 14:41:27,369 [INFO] Saved Markdown [daa/quydinh_huongdan/huong-dan-sinh-vien/01-dia-chi-tra-cuu-httpswwwuiteduvntra-cuuvan-banghttpswwwuiteduvntra-cuuvan-bang]: daa.uit.edu.vn_thongbao_huong-dan-tra-cuu-va-xac-minh-van-bang-tot-nghiep-dai-hoc?page=48.md
2025-10-30 14:41:27,377 [INFO] Detected numbered document: 01-dia-chi-tra-cuu-httpswwwuiteduvntra-cuuvan-banghttpswwwuiteduvntra-cuuvan-bang in huong-dan-sinh-vien
2025-10-30 14:41:27,385 [INFO] Saved HTML [daa/quydinh_huongdan/huong-dan-sinh-vien/01-dia-chi-tra-cuu-httpswwwuiteduvntra-cuuvan-banghttpswwwuiteduvntra-cuuvan-bang]: daa.uit.edu.vn_thongbao_huong-dan-tra-cuu-va-xac-minh-van-bang-tot-nghiep-dai-hoc?page=3817.html
2025-10-30 14:41:27,391 [INFO] Saved Markdown [daa/quydinh_huongdan/huong-dan-sinh-vien/01-dia-chi-tra-cuu-httpswwwuiteduvntra-cuuvan-banghttpswwwuiteduvntra-cuuvan-bang]: daa.uit.edu.vn_thongbao_huong-dan-tra-cuu-va-xac-minh-van-bang-tot-nghiep-dai-hoc?page=3817.md
2025-10-30 14:41:27,400 [INFO] Detected numbered document: 01-dia-chi-tra-cuu-httpswwwuiteduvntra-cuuvan-banghttpswwwuiteduvntra-cuuvan-bang in huong-dan-sinh-vien
2025-10-30 14:41:27,410 [INFO] Saved HTML [daa/quydinh_huongdan/huong-dan-sinh-vien/01-dia-chi-tra-cuu-httpswwwuiteduvntra-cuuvan-banghttpswwwuiteduvntra-cuuvan-bang]: daa.uit.edu.vn_thongbao_huong-dan-tra-cuu-va-xac-minh-van-bang-tot-nghiep-dai-hoc?page=3816.html
2025-10-30 14:41:27,416 [INFO] Saved Markdown [daa/quydinh_huongdan/huong-dan-sinh-vien/01-dia-chi-tra-cuu-httpswwwuiteduvntra-cuuvan-banghttpswwwuiteduvntra-cuuvan-bang]: daa.uit.edu.vn_thongbao_huong-dan-tra-cuu-va-xac-minh-van-bang-tot-nghiep-dai-hoc?page=3816.md
2025-10-30 14:41:27,425 [INFO] Detected numbered document: 01-dia-chi-tra-cuu-httpswwwuiteduvntra-cuuvan-banghttpswwwuiteduvntra-cuuvan-bang in huong-dan-sinh-vien
2025-10-30 14:41:27,433 [INFO] Saved HTML [daa/quydinh_huongdan/huong-dan-sinh-vien/01-dia-chi-tra-cuu-httpswwwuiteduvntra-cuuvan-banghttpswwwuiteduvntra-cuuvan-bang]: daa.uit.edu.vn_thongbao_huong-dan-tra-cuu-va-xac-minh-van-bang-tot-nghiep-dai-hoc?page=47.html
2025-10-30 14:41:27,438 [INFO] Saved Markdown [daa/quydinh_huongdan/huong-dan-sinh-vien/01-dia-chi-tra-cuu-httpswwwuiteduvntra-cuuvan-banghttpswwwuiteduvntra-cuuvan-bang]: daa.uit.edu.vn_thongbao_huong-dan-tra-cuu-va-xac-minh-van-bang-tot-nghiep-dai-hoc?page=47.md
2025-10-30 14:41:27,447 [INFO] Detected numbered document: 01-dia-chi-tra-cuu-httpswwwuiteduvntra-cuuvan-banghttpswwwuiteduvntra-cuuvan-bang in huong-dan-sinh-vien
2025-10-30 14:41:27,455 [INFO] Saved HTML [daa/quydinh_huongdan/huong-dan-sinh-vien/01-dia-chi-tra-cuu-httpswwwuiteduvntra-cuuvan-banghttpswwwuiteduvntra-cuuvan-bang]: daa.uit.edu.vn_thongbao_huong-dan-tra-cuu-va-xac-minh-van-bang-tot-nghiep-dai-hoc?page=3811.html
2025-10-30 14:41:27,460 [INFO] Saved Markdown [daa/quydinh_huongdan/huong-dan-sinh-vien/01-dia-chi-tra-cuu-httpswwwuiteduvntra-cuuvan-banghttpswwwuiteduvntra-cuuvan-bang]: daa.uit.edu.vn_thongbao_huong-dan-tra-cuu-va-xac-minh-van-bang-tot-nghiep-dai-hoc?page=3811.md
2025-10-30 14:41:27,470 [INFO] Detected numbered document: 01-dia-chi-tra-cuu-httpswwwuiteduvntra-cuuvan-banghttpswwwuiteduvntra-cuuvan-bang in huong-dan-sinh-vien
2025-10-30 14:41:27,477 [INFO] Saved HTML [daa/quydinh_huongdan/huong-dan-sinh-vien/01-dia-chi-tra-cuu-httpswwwuiteduvntra-cuuvan-banghttpswwwuiteduvntra-cuuvan-bang]: daa.uit.edu.vn_thongbao_huong-dan-tra-cuu-va-xac-minh-van-bang-tot-nghiep-dai-hoc?page=3812.html
2025-10-30 14:41:27,482 [INFO] Saved Markdown [daa/quydinh_huongdan/huong-dan-sinh-vien/01-dia-chi-tra-cuu-httpswwwuiteduvntra-cuuvan-banghttpswwwuiteduvntra-cuuvan-bang]: daa.uit.edu.vn_thongbao_huong-dan-tra-cuu-va-xac-minh-van-bang-tot-nghiep-dai-hoc?page=3812.md
2025-10-30 14:41:27,494 [INFO] Detected numbered document: 01-dia-chi-tra-cuu-httpswwwuiteduvntra-cuuvan-banghttpswwwuiteduvntra-cuuvan-bang in huong-dan-sinh-vien
2025-10-30 14:41:27,504 [INFO] Saved HTML [daa/quydinh_huongdan/huong-dan-sinh-vien/01-dia-chi-tra-cuu-httpswwwuiteduvntra-cuuvan-banghttpswwwuiteduvntra-cuuvan-bang]: daa.uit.edu.vn_thongbao_huong-dan-tra-cuu-va-xac-minh-van-bang-tot-nghiep-dai-hoc?page=3813.html
2025-10-30 14:41:27,512 [INFO] Saved Markdown [daa/quydinh_huongdan/huong-dan-sinh-vien/01-dia-chi-tra-cuu-httpswwwuiteduvntra-cuuvan-banghttpswwwuiteduvntra-cuuvan-bang]: daa.uit.edu.vn_thongbao_huong-dan-tra-cuu-va-xac-minh-van-bang-tot-nghiep-dai-hoc?page=3813.md
2025-10-30 14:41:27,520 [INFO] Detected numbered document: 01-dia-chi-tra-cuu-httpswwwuiteduvntra-cuuvan-banghttpswwwuiteduvntra-cuuvan-bang in huong-dan-sinh-vien
2025-10-30 14:41:27,528 [INFO] Saved HTML [daa/quydinh_huongdan/huong-dan-sinh-vien/01-dia-chi-tra-cuu-httpswwwuiteduvntra-cuuvan-banghttpswwwuiteduvntra-cuuvan-bang]: daa.uit.edu.vn_thongbao_huong-dan-tra-cuu-va-xac-minh-van-bang-tot-nghiep-dai-hoc?page=50.html
2025-10-30 14:41:27,534 [INFO] Saved Markdown [daa/quydinh_huongdan/huong-dan-sinh-vien/01-dia-chi-tra-cuu-httpswwwuiteduvntra-cuuvan-banghttpswwwuiteduvntra-cuuvan-bang]: daa.uit.edu.vn_thongbao_huong-dan-tra-cuu-va-xac-minh-van-bang-tot-nghiep-dai-hoc?page=50.md
2025-10-30 14:41:27,544 [INFO] Detected numbered document: 01-dia-chi-tra-cuu-httpswwwuiteduvntra-cuuvan-banghttpswwwuiteduvntra-cuuvan-bang in huong-dan-sinh-vien
2025-10-30 14:41:27,552 [INFO] Saved HTML [daa/quydinh_huongdan/huong-dan-sinh-vien/01-dia-chi-tra-cuu-httpswwwuiteduvntra-cuuvan-banghttpswwwuiteduvntra-cuuvan-bang]: daa.uit.edu.vn_thongbao_huong-dan-tra-cuu-va-xac-minh-van-bang-tot-nghiep-dai-hoc?page=3814.html
2025-10-30 14:41:27,556 [INFO] Saved Markdown [daa/quydinh_huongdan/huong-dan-sinh-vien/01-dia-chi-tra-cuu-httpswwwuiteduvntra-cuuvan-banghttpswwwuiteduvntra-cuuvan-bang]: daa.uit.edu.vn_thongbao_huong-dan-tra-cuu-va-xac-minh-van-bang-tot-nghiep-dai-hoc?page=3814.md
2025-10-30 14:41:27,567 [INFO] Detected numbered document: 01-dia-chi-tra-cuu-httpswwwuiteduvntra-cuuvan-banghttpswwwuiteduvntra-cuuvan-bang in huong-dan-sinh-vien
2025-10-30 14:41:27,577 [INFO] Saved HTML [daa/quydinh_huongdan/huong-dan-sinh-vien/01-dia-chi-tra-cuu-httpswwwuiteduvntra-cuuvan-banghttpswwwuiteduvntra-cuuvan-bang]: daa.uit.edu.vn_thongbao_huong-dan-tra-cuu-va-xac-minh-van-bang-tot-nghiep-dai-hoc?page=52.html
2025-10-30 14:41:27,583 [INFO] Saved Markdown [daa/quydinh_huongdan/huong-dan-sinh-vien/01-dia-chi-tra-cuu-httpswwwuiteduvntra-cuuvan-banghttpswwwuiteduvntra-cuuvan-bang]: daa.uit.edu.vn_thongbao_huong-dan-tra-cuu-va-xac-minh-van-bang-tot-nghiep-dai-hoc?page=52.md
2025-10-30 14:41:27,591 [INFO] Detected numbered document: 01-dia-chi-tra-cuu-httpswwwuiteduvntra-cuuvan-banghttpswwwuiteduvntra-cuuvan-bang in huong-dan-sinh-vien
2025-10-30 14:41:27,601 [INFO] Saved HTML [daa/quydinh_huongdan/huong-dan-sinh-vien/01-dia-chi-tra-cuu-httpswwwuiteduvntra-cuuvan-banghttpswwwuiteduvntra-cuuvan-bang]: daa.uit.edu.vn_thongbao_huong-dan-tra-cuu-va-xac-minh-van-bang-tot-nghiep-dai-hoc?page=51.html
2025-10-30 14:41:27,606 [INFO] Saved Markdown [daa/quydinh_huongdan/huong-dan-sinh-vien/01-dia-chi-tra-cuu-httpswwwuiteduvntra-cuuvan-banghttpswwwuiteduvntra-cuuvan-bang]: daa.uit.edu.vn_thongbao_huong-dan-tra-cuu-va-xac-minh-van-bang-tot-nghiep-dai-hoc?page=51.md
2025-10-30 14:41:27,618 [INFO] Detected numbered document: 01-dia-chi-tra-cuu-httpswwwuiteduvntra-cuuvan-banghttpswwwuiteduvntra-cuuvan-bang in huong-dan-sinh-vien
2025-10-30 14:41:27,631 [INFO] Saved HTML [daa/quydinh_huongdan/huong-dan-sinh-vien/01-dia-chi-tra-cuu-httpswwwuiteduvntra-cuuvan-banghttpswwwuiteduvntra-cuuvan-bang]: daa.uit.edu.vn_thongbao_huong-dan-tra-cuu-va-xac-minh-van-bang-tot-nghiep-dai-hoc?page=3808.html
2025-10-30 14:41:27,637 [INFO] Saved Markdown [daa/quydinh_huongdan/huong-dan-sinh-vien/01-dia-chi-tra-cuu-httpswwwuiteduvntra-cuuvan-banghttpswwwuiteduvntra-cuuvan-bang]: daa.uit.edu.vn_thongbao_huong-dan-tra-cuu-va-xac-minh-van-bang-tot-nghiep-dai-hoc?page=3808.md
2025-10-30 14:41:27,645 [INFO] Detected numbered document: 01-dia-chi-tra-cuu-httpswwwuiteduvntra-cuuvan-banghttpswwwuiteduvntra-cuuvan-bang in huong-dan-sinh-vien
2025-10-30 14:41:27,652 [INFO] Saved HTML [daa/quydinh_huongdan/huong-dan-sinh-vien/01-dia-chi-tra-cuu-httpswwwuiteduvntra-cuuvan-banghttpswwwuiteduvntra-cuuvan-bang]: daa.uit.edu.vn_thongbao_huong-dan-tra-cuu-va-xac-minh-van-bang-tot-nghiep-dai-hoc?page=3810.html
2025-10-30 14:41:27,658 [INFO] Saved Markdown [daa/quydinh_huongdan/huong-dan-sinh-vien/01-dia-chi-tra-cuu-httpswwwuiteduvntra-cuuvan-banghttpswwwuiteduvntra-cuuvan-bang]: daa.uit.edu.vn_thongbao_huong-dan-tra-cuu-va-xac-minh-van-bang-tot-nghiep-dai-hoc?page=3810.md
2025-10-30 14:41:27,668 [INFO] Detected numbered document: 01-dia-chi-tra-cuu-httpswwwuiteduvntra-cuuvan-banghttpswwwuiteduvntra-cuuvan-bang in huong-dan-sinh-vien
2025-10-30 14:41:27,678 [INFO] Saved HTML [daa/quydinh_huongdan/huong-dan-sinh-vien/01-dia-chi-tra-cuu-httpswwwuiteduvntra-cuuvan-banghttpswwwuiteduvntra-cuuvan-bang]: daa.uit.edu.vn_thongbao_huong-dan-tra-cuu-va-xac-minh-van-bang-tot-nghiep-dai-hoc?page=53.html
2025-10-30 14:41:27,685 [INFO] Saved Markdown [daa/quydinh_huongdan/huong-dan-sinh-vien/01-dia-chi-tra-cuu-httpswwwuiteduvntra-cuuvan-banghttpswwwuiteduvntra-cuuvan-bang]: daa.uit.edu.vn_thongbao_huong-dan-tra-cuu-va-xac-minh-van-bang-tot-nghiep-dai-hoc?page=53.md
2025-10-30 14:41:27,693 [INFO] Detected numbered document: 01-dia-chi-tra-cuu-httpswwwuiteduvntra-cuuvan-banghttpswwwuiteduvntra-cuuvan-bang in huong-dan-sinh-vien
2025-10-30 14:41:27,703 [INFO] Saved HTML [daa/quydinh_huongdan/huong-dan-sinh-vien/01-dia-chi-tra-cuu-httpswwwuiteduvntra-cuuvan-banghttpswwwuiteduvntra-cuuvan-bang]: daa.uit.edu.vn_thongbao_huong-dan-tra-cuu-va-xac-minh-van-bang-tot-nghiep-dai-hoc?page=3809.html
2025-10-30 14:41:27,708 [INFO] Saved Markdown [daa/quydinh_huongdan/huong-dan-sinh-vien/01-dia-chi-tra-cuu-httpswwwuiteduvntra-cuuvan-banghttpswwwuiteduvntra-cuuvan-bang]: daa.uit.edu.vn_thongbao_huong-dan-tra-cuu-va-xac-minh-van-bang-tot-nghiep-dai-hoc?page=3809.md
2025-10-30 14:41:27,720 [INFO] Detected numbered document: 01-dia-chi-tra-cuu-httpswwwuiteduvntra-cuuvan-banghttpswwwuiteduvntra-cuuvan-bang in huong-dan-sinh-vien
2025-10-30 14:41:27,729 [INFO] Saved HTML [daa/quydinh_huongdan/huong-dan-sinh-vien/01-dia-chi-tra-cuu-httpswwwuiteduvntra-cuuvan-banghttpswwwuiteduvntra-cuuvan-bang]: daa.uit.edu.vn_thongbao_huong-dan-tra-cuu-va-xac-minh-van-bang-tot-nghiep-dai-hoc?page=3807.html
2025-10-30 14:41:27,736 [INFO] Saved Markdown [daa/quydinh_huongdan/huong-dan-sinh-vien/01-dia-chi-tra-cuu-httpswwwuiteduvntra-cuuvan-banghttpswwwuiteduvntra-cuuvan-bang]: daa.uit.edu.vn_thongbao_huong-dan-tra-cuu-va-xac-minh-van-bang-tot-nghiep-dai-hoc?page=3807.md
2025-10-30 14:41:27,747 [INFO] Detected numbered document: 01-dia-chi-tra-cuu-httpswwwuiteduvntra-cuuvan-banghttpswwwuiteduvntra-cuuvan-bang in huong-dan-sinh-vien
2025-10-30 14:41:27,756 [INFO] Saved HTML [daa/quydinh_huongdan/huong-dan-sinh-vien/01-dia-chi-tra-cuu-httpswwwuiteduvntra-cuuvan-banghttpswwwuiteduvntra-cuuvan-bang]: daa.uit.edu.vn_thongbao_huong-dan-tra-cuu-va-xac-minh-van-bang-tot-nghiep-dai-hoc?page=55.html
2025-10-30 14:41:27,762 [INFO] Saved Markdown [daa/quydinh_huongdan/huong-dan-sinh-vien/01-dia-chi-tra-cuu-httpswwwuiteduvntra-cuuvan-banghttpswwwuiteduvntra-cuuvan-bang]: daa.uit.edu.vn_thongbao_huong-dan-tra-cuu-va-xac-minh-van-bang-tot-nghiep-dai-hoc?page=55.md
2025-10-30 14:41:27,774 [INFO] Detected numbered document: 01-dia-chi-tra-cuu-httpswwwuiteduvntra-cuuvan-banghttpswwwuiteduvntra-cuuvan-bang in huong-dan-sinh-vien
2025-10-30 14:41:27,782 [INFO] Saved HTML [daa/quydinh_huongdan/huong-dan-sinh-vien/01-dia-chi-tra-cuu-httpswwwuiteduvntra-cuuvan-banghttpswwwuiteduvntra-cuuvan-bang]: daa.uit.edu.vn_thongbao_huong-dan-tra-cuu-va-xac-minh-van-bang-tot-nghiep-dai-hoc?page=54.html
2025-10-30 14:41:27,787 [INFO] Saved Markdown [daa/quydinh_huongdan/huong-dan-sinh-vien/01-dia-chi-tra-cuu-httpswwwuiteduvntra-cuuvan-banghttpswwwuiteduvntra-cuuvan-bang]: daa.uit.edu.vn_thongbao_huong-dan-tra-cuu-va-xac-minh-van-bang-tot-nghiep-dai-hoc?page=54.md
2025-10-30 14:41:27,801 [INFO] Detected numbered document: 01-dia-chi-tra-cuu-httpswwwuiteduvntra-cuuvan-banghttpswwwuiteduvntra-cuuvan-bang in huong-dan-sinh-vien
2025-10-30 14:41:27,810 [INFO] Saved HTML [daa/quydinh_huongdan/huong-dan-sinh-vien/01-dia-chi-tra-cuu-httpswwwuiteduvntra-cuuvan-banghttpswwwuiteduvntra-cuuvan-bang]: daa.uit.edu.vn_thongbao_huong-dan-tra-cuu-va-xac-minh-van-bang-tot-nghiep-dai-hoc?page=56.html
2025-10-30 14:41:27,816 [INFO] Saved Markdown [daa/quydinh_huongdan/huong-dan-sinh-vien/01-dia-chi-tra-cuu-httpswwwuiteduvntra-cuuvan-banghttpswwwuiteduvntra-cuuvan-bang]: daa.uit.edu.vn_thongbao_huong-dan-tra-cuu-va-xac-minh-van-bang-tot-nghiep-dai-hoc?page=56.md
2025-10-30 14:41:27,827 [INFO] Detected numbered document: 01-dia-chi-tra-cuu-httpswwwuiteduvntra-cuuvan-banghttpswwwuiteduvntra-cuuvan-bang in huong-dan-sinh-vien
2025-10-30 14:41:27,837 [INFO] Saved HTML [daa/quydinh_huongdan/huong-dan-sinh-vien/01-dia-chi-tra-cuu-httpswwwuiteduvntra-cuuvan-banghttpswwwuiteduvntra-cuuvan-bang]: daa.uit.edu.vn_thongbao_huong-dan-tra-cuu-va-xac-minh-van-bang-tot-nghiep-dai-hoc?page=3804.html
2025-10-30 14:41:27,843 [INFO] Saved Markdown [daa/quydinh_huongdan/huong-dan-sinh-vien/01-dia-chi-tra-cuu-httpswwwuiteduvntra-cuuvan-banghttpswwwuiteduvntra-cuuvan-bang]: daa.uit.edu.vn_thongbao_huong-dan-tra-cuu-va-xac-minh-van-bang-tot-nghiep-dai-hoc?page=3804.md
2025-10-30 14:41:27,855 [INFO] Detected numbered document: 01-dia-chi-tra-cuu-httpswwwuiteduvntra-cuuvan-banghttpswwwuiteduvntra-cuuvan-bang in huong-dan-sinh-vien
2025-10-30 14:41:27,864 [INFO] Saved HTML [daa/quydinh_huongdan/huong-dan-sinh-vien/01-dia-chi-tra-cuu-httpswwwuiteduvntra-cuuvan-banghttpswwwuiteduvntra-cuuvan-bang]: daa.uit.edu.vn_thongbao_huong-dan-tra-cuu-va-xac-minh-van-bang-tot-nghiep-dai-hoc?page=3805.html
2025-10-30 14:41:27,869 [INFO] Saved Markdown [daa/quydinh_huongdan/huong-dan-sinh-vien/01-dia-chi-tra-cuu-httpswwwuiteduvntra-cuuvan-banghttpswwwuiteduvntra-cuuvan-bang]: daa.uit.edu.vn_thongbao_huong-dan-tra-cuu-va-xac-minh-van-bang-tot-nghiep-dai-hoc?page=3805.md
2025-10-30 14:41:27,881 [INFO] Detected numbered document: 01-dia-chi-tra-cuu-httpswwwuiteduvntra-cuuvan-banghttpswwwuiteduvntra-cuuvan-bang in huong-dan-sinh-vien
2025-10-30 14:41:27,889 [INFO] Saved HTML [daa/quydinh_huongdan/huong-dan-sinh-vien/01-dia-chi-tra-cuu-httpswwwuiteduvntra-cuuvan-banghttpswwwuiteduvntra-cuuvan-bang]: daa.uit.edu.vn_thongbao_huong-dan-tra-cuu-va-xac-minh-van-bang-tot-nghiep-dai-hoc?page=57.html
2025-10-30 14:41:27,895 [INFO] Saved Markdown [daa/quydinh_huongdan/huong-dan-sinh-vien/01-dia-chi-tra-cuu-httpswwwuiteduvntra-cuuvan-banghttpswwwuiteduvntra-cuuvan-bang]: daa.uit.edu.vn_thongbao_huong-dan-tra-cuu-va-xac-minh-van-bang-tot-nghiep-dai-hoc?page=57.md
2025-10-30 14:41:27,905 [INFO] Detected numbered document: 01-dia-chi-tra-cuu-httpswwwuiteduvntra-cuuvan-banghttpswwwuiteduvntra-cuuvan-bang in huong-dan-sinh-vien
2025-10-30 14:41:27,913 [INFO] Saved HTML [daa/quydinh_huongdan/huong-dan-sinh-vien/01-dia-chi-tra-cuu-httpswwwuiteduvntra-cuuvan-banghttpswwwuiteduvntra-cuuvan-bang]: daa.uit.edu.vn_thongbao_huong-dan-tra-cuu-va-xac-minh-van-bang-tot-nghiep-dai-hoc?page=3803.html
2025-10-30 14:41:27,919 [INFO] Saved Markdown [daa/quydinh_huongdan/huong-dan-sinh-vien/01-dia-chi-tra-cuu-httpswwwuiteduvntra-cuuvan-banghttpswwwuiteduvntra-cuuvan-bang]: daa.uit.edu.vn_thongbao_huong-dan-tra-cuu-va-xac-minh-van-bang-tot-nghiep-dai-hoc?page=3803.md
2025-10-30 14:41:27,930 [INFO] Detected numbered document: 01-dia-chi-tra-cuu-httpswwwuiteduvntra-cuuvan-banghttpswwwuiteduvntra-cuuvan-bang in huong-dan-sinh-vien
2025-10-30 14:41:27,938 [INFO] Saved HTML [daa/quydinh_huongdan/huong-dan-sinh-vien/01-dia-chi-tra-cuu-httpswwwuiteduvntra-cuuvan-banghttpswwwuiteduvntra-cuuvan-bang]: daa.uit.edu.vn_thongbao_huong-dan-tra-cuu-va-xac-minh-van-bang-tot-nghiep-dai-hoc?page=3806.html
2025-10-30 14:41:27,943 [INFO] Saved Markdown [daa/quydinh_huongdan/huong-dan-sinh-vien/01-dia-chi-tra-cuu-httpswwwuiteduvntra-cuuvan-banghttpswwwuiteduvntra-cuuvan-bang]: daa.uit.edu.vn_thongbao_huong-dan-tra-cuu-va-xac-minh-van-bang-tot-nghiep-dai-hoc?page=3806.md
2025-10-30 14:41:27,952 [INFO] Detected numbered document: 01-dia-chi-tra-cuu-httpswwwuiteduvntra-cuuvan-banghttpswwwuiteduvntra-cuuvan-bang in huong-dan-sinh-vien
2025-10-30 14:41:27,960 [INFO] Saved HTML [daa/quydinh_huongdan/huong-dan-sinh-vien/01-dia-chi-tra-cuu-httpswwwuiteduvntra-cuuvan-banghttpswwwuiteduvntra-cuuvan-bang]: daa.uit.edu.vn_thongbao_huong-dan-tra-cuu-va-xac-minh-van-bang-tot-nghiep-dai-hoc?page=59.html
2025-10-30 14:41:27,965 [INFO] Saved Markdown [daa/quydinh_huongdan/huong-dan-sinh-vien/01-dia-chi-tra-cuu-httpswwwuiteduvntra-cuuvan-banghttpswwwuiteduvntra-cuuvan-bang]: daa.uit.edu.vn_thongbao_huong-dan-tra-cuu-va-xac-minh-van-bang-tot-nghiep-dai-hoc?page=59.md
2025-10-30 14:41:27,971 [INFO] Detected numbered document: 01-dia-chi-tra-cuu-httpswwwuiteduvntra-cuuvan-banghttpswwwuiteduvntra-cuuvan-bang in huong-dan-sinh-vien
2025-10-30 14:41:27,979 [INFO] Saved HTML [daa/quydinh_huongdan/huong-dan-sinh-vien/01-dia-chi-tra-cuu-httpswwwuiteduvntra-cuuvan-banghttpswwwuiteduvntra-cuuvan-bang]: daa.uit.edu.vn_thongbao_huong-dan-tra-cuu-va-xac-minh-van-bang-tot-nghiep-dai-hoc?page=3801.html
2025-10-30 14:41:27,983 [INFO] Saved Markdown [daa/quydinh_huongdan/huong-dan-sinh-vien/01-dia-chi-tra-cuu-httpswwwuiteduvntra-cuuvan-banghttpswwwuiteduvntra-cuuvan-bang]: daa.uit.edu.vn_thongbao_huong-dan-tra-cuu-va-xac-minh-van-bang-tot-nghiep-dai-hoc?page=3801.md
2025-10-30 14:41:27,995 [INFO] Detected numbered document: 01-dia-chi-tra-cuu-httpswwwuiteduvntra-cuuvan-banghttpswwwuiteduvntra-cuuvan-bang in huong-dan-sinh-vien
2025-10-30 14:41:28,004 [INFO] Saved HTML [daa/quydinh_huongdan/huong-dan-sinh-vien/01-dia-chi-tra-cuu-httpswwwuiteduvntra-cuuvan-banghttpswwwuiteduvntra-cuuvan-bang]: daa.uit.edu.vn_thongbao_huong-dan-tra-cuu-va-xac-minh-van-bang-tot-nghiep-dai-hoc?page=60.html
2025-10-30 14:41:28,008 [INFO] Saved Markdown [daa/quydinh_huongdan/huong-dan-sinh-vien/01-dia-chi-tra-cuu-httpswwwuiteduvntra-cuuvan-banghttpswwwuiteduvntra-cuuvan-bang]: daa.uit.edu.vn_thongbao_huong-dan-tra-cuu-va-xac-minh-van-bang-tot-nghiep-dai-hoc?page=60.md
2025-10-30 14:41:28,019 [INFO] Detected numbered document: 01-dia-chi-tra-cuu-httpswwwuiteduvntra-cuuvan-banghttpswwwuiteduvntra-cuuvan-bang in huong-dan-sinh-vien
2025-10-30 14:41:28,028 [INFO] Saved HTML [daa/quydinh_huongdan/huong-dan-sinh-vien/01-dia-chi-tra-cuu-httpswwwuiteduvntra-cuuvan-banghttpswwwuiteduvntra-cuuvan-bang]: daa.uit.edu.vn_thongbao_huong-dan-tra-cuu-va-xac-minh-van-bang-tot-nghiep-dai-hoc?page=3800.html
2025-10-30 14:41:28,032 [INFO] Saved Markdown [daa/quydinh_huongdan/huong-dan-sinh-vien/01-dia-chi-tra-cuu-httpswwwuiteduvntra-cuuvan-banghttpswwwuiteduvntra-cuuvan-bang]: daa.uit.edu.vn_thongbao_huong-dan-tra-cuu-va-xac-minh-van-bang-tot-nghiep-dai-hoc?page=3800.md
2025-10-30 14:41:28,045 [INFO] Detected numbered document: 01-dia-chi-tra-cuu-httpswwwuiteduvntra-cuuvan-banghttpswwwuiteduvntra-cuuvan-bang in huong-dan-sinh-vien
2025-10-30 14:41:28,053 [INFO] Saved HTML [daa/quydinh_huongdan/huong-dan-sinh-vien/01-dia-chi-tra-cuu-httpswwwuiteduvntra-cuuvan-banghttpswwwuiteduvntra-cuuvan-bang]: daa.uit.edu.vn_thongbao_huong-dan-tra-cuu-va-xac-minh-van-bang-tot-nghiep-dai-hoc?page=58.html
2025-10-30 14:41:28,058 [INFO] Saved Markdown [daa/quydinh_huongdan/huong-dan-sinh-vien/01-dia-chi-tra-cuu-httpswwwuiteduvntra-cuuvan-banghttpswwwuiteduvntra-cuuvan-bang]: daa.uit.edu.vn_thongbao_huong-dan-tra-cuu-va-xac-minh-van-bang-tot-nghiep-dai-hoc?page=58.md
2025-10-30 14:41:28,069 [INFO] Detected numbered document: 01-dia-chi-tra-cuu-httpswwwuiteduvntra-cuuvan-banghttpswwwuiteduvntra-cuuvan-bang in huong-dan-sinh-vien
2025-10-30 14:41:28,078 [INFO] Saved HTML [daa/quydinh_huongdan/huong-dan-sinh-vien/01-dia-chi-tra-cuu-httpswwwuiteduvntra-cuuvan-banghttpswwwuiteduvntra-cuuvan-bang]: daa.uit.edu.vn_thongbao_huong-dan-tra-cuu-va-xac-minh-van-bang-tot-nghiep-dai-hoc?page=63.html
2025-10-30 14:41:28,085 [INFO] Saved Markdown [daa/quydinh_huongdan/huong-dan-sinh-vien/01-dia-chi-tra-cuu-httpswwwuiteduvntra-cuuvan-banghttpswwwuiteduvntra-cuuvan-bang]: daa.uit.edu.vn_thongbao_huong-dan-tra-cuu-va-xac-minh-van-bang-tot-nghiep-dai-hoc?page=63.md
2025-10-30 14:41:28,093 [INFO] Detected numbered document: 01-dia-chi-tra-cuu-httpswwwuiteduvntra-cuuvan-banghttpswwwuiteduvntra-cuuvan-bang in huong-dan-sinh-vien
2025-10-30 14:41:28,106 [INFO] Saved HTML [daa/quydinh_huongdan/huong-dan-sinh-vien/01-dia-chi-tra-cuu-httpswwwuiteduvntra-cuuvan-banghttpswwwuiteduvntra-cuuvan-bang]: daa.uit.edu.vn_thongbao_huong-dan-tra-cuu-va-xac-minh-van-bang-tot-nghiep-dai-hoc?page=3802.html
2025-10-30 14:41:28,112 [INFO] Saved Markdown [daa/quydinh_huongdan/huong-dan-sinh-vien/01-dia-chi-tra-cuu-httpswwwuiteduvntra-cuuvan-banghttpswwwuiteduvntra-cuuvan-bang]: daa.uit.edu.vn_thongbao_huong-dan-tra-cuu-va-xac-minh-van-bang-tot-nghiep-dai-hoc?page=3802.md
2025-10-30 14:41:28,122 [INFO] Detected numbered document: 01-dia-chi-tra-cuu-httpswwwuiteduvntra-cuuvan-banghttpswwwuiteduvntra-cuuvan-bang in huong-dan-sinh-vien
2025-10-30 14:41:28,132 [INFO] Saved HTML [daa/quydinh_huongdan/huong-dan-sinh-vien/01-dia-chi-tra-cuu-httpswwwuiteduvntra-cuuvan-banghttpswwwuiteduvntra-cuuvan-bang]: daa.uit.edu.vn_thongbao_huong-dan-tra-cuu-va-xac-minh-van-bang-tot-nghiep-dai-hoc?page=62.html
2025-10-30 14:41:28,136 [INFO] Saved Markdown [daa/quydinh_huongdan/huong-dan-sinh-vien/01-dia-chi-tra-cuu-httpswwwuiteduvntra-cuuvan-banghttpswwwuiteduvntra-cuuvan-bang]: daa.uit.edu.vn_thongbao_huong-dan-tra-cuu-va-xac-minh-van-bang-tot-nghiep-dai-hoc?page=62.md
2025-10-30 14:41:28,147 [INFO] Detected numbered document: 01-dia-chi-tra-cuu-httpswwwuiteduvntra-cuuvan-banghttpswwwuiteduvntra-cuuvan-bang in huong-dan-sinh-vien
2025-10-30 14:41:28,154 [INFO] Saved HTML [daa/quydinh_huongdan/huong-dan-sinh-vien/01-dia-chi-tra-cuu-httpswwwuiteduvntra-cuuvan-banghttpswwwuiteduvntra-cuuvan-bang]: daa.uit.edu.vn_thongbao_huong-dan-tra-cuu-va-xac-minh-van-bang-tot-nghiep-dai-hoc?page=3799.html
2025-10-30 14:41:28,160 [INFO] Saved Markdown [daa/quydinh_huongdan/huong-dan-sinh-vien/01-dia-chi-tra-cuu-httpswwwuiteduvntra-cuuvan-banghttpswwwuiteduvntra-cuuvan-bang]: daa.uit.edu.vn_thongbao_huong-dan-tra-cuu-va-xac-minh-van-bang-tot-nghiep-dai-hoc?page=3799.md
2025-10-30 14:41:28,171 [INFO] Detected numbered document: 01-dia-chi-tra-cuu-httpswwwuiteduvntra-cuuvan-banghttpswwwuiteduvntra-cuuvan-bang in huong-dan-sinh-vien
2025-10-30 14:41:28,178 [INFO] Saved HTML [daa/quydinh_huongdan/huong-dan-sinh-vien/01-dia-chi-tra-cuu-httpswwwuiteduvntra-cuuvan-banghttpswwwuiteduvntra-cuuvan-bang]: daa.uit.edu.vn_thongbao_huong-dan-tra-cuu-va-xac-minh-van-bang-tot-nghiep-dai-hoc?page=61.html
2025-10-30 14:41:28,183 [INFO] Saved Markdown [daa/quydinh_huongdan/huong-dan-sinh-vien/01-dia-chi-tra-cuu-httpswwwuiteduvntra-cuuvan-banghttpswwwuiteduvntra-cuuvan-bang]: daa.uit.edu.vn_thongbao_huong-dan-tra-cuu-va-xac-minh-van-bang-tot-nghiep-dai-hoc?page=61.md
2025-10-30 14:41:28,196 [INFO] Detected numbered document: 01-dia-chi-tra-cuu-httpswwwuiteduvntra-cuuvan-banghttpswwwuiteduvntra-cuuvan-bang in huong-dan-sinh-vien
2025-10-30 14:41:28,204 [INFO] Saved HTML [daa/quydinh_huongdan/huong-dan-sinh-vien/01-dia-chi-tra-cuu-httpswwwuiteduvntra-cuuvan-banghttpswwwuiteduvntra-cuuvan-bang]: daa.uit.edu.vn_thongbao_huong-dan-tra-cuu-va-xac-minh-van-bang-tot-nghiep-dai-hoc?page=3798.html
2025-10-30 14:41:28,208 [INFO] Saved Markdown [daa/quydinh_huongdan/huong-dan-sinh-vien/01-dia-chi-tra-cuu-httpswwwuiteduvntra-cuuvan-banghttpswwwuiteduvntra-cuuvan-bang]: daa.uit.edu.vn_thongbao_huong-dan-tra-cuu-va-xac-minh-van-bang-tot-nghiep-dai-hoc?page=3798.md
2025-10-30 14:41:28,220 [INFO] Detected numbered document: 01-dia-chi-tra-cuu-httpswwwuiteduvntra-cuuvan-banghttpswwwuiteduvntra-cuuvan-bang in huong-dan-sinh-vien
2025-10-30 14:41:28,228 [INFO] Saved HTML [daa/quydinh_huongdan/huong-dan-sinh-vien/01-dia-chi-tra-cuu-httpswwwuiteduvntra-cuuvan-banghttpswwwuiteduvntra-cuuvan-bang]: daa.uit.edu.vn_thongbao_huong-dan-tra-cuu-va-xac-minh-van-bang-tot-nghiep-dai-hoc?page=64.html
2025-10-30 14:41:28,234 [INFO] Saved Markdown [daa/quydinh_huongdan/huong-dan-sinh-vien/01-dia-chi-tra-cuu-httpswwwuiteduvntra-cuuvan-banghttpswwwuiteduvntra-cuuvan-bang]: daa.uit.edu.vn_thongbao_huong-dan-tra-cuu-va-xac-minh-van-bang-tot-nghiep-dai-hoc?page=64.md
2025-10-30 14:41:28,239 [INFO] Detected numbered document: 01-dia-chi-tra-cuu-httpswwwuiteduvntra-cuuvan-banghttpswwwuiteduvntra-cuuvan-bang in huong-dan-sinh-vien
2025-10-30 14:41:28,248 [INFO] Saved HTML [daa/quydinh_huongdan/huong-dan-sinh-vien/01-dia-chi-tra-cuu-httpswwwuiteduvntra-cuuvan-banghttpswwwuiteduvntra-cuuvan-bang]: daa.uit.edu.vn_thongbao_huong-dan-tra-cuu-va-xac-minh-van-bang-tot-nghiep-dai-hoc?page=3796.html
2025-10-30 14:41:28,254 [INFO] Saved Markdown [daa/quydinh_huongdan/huong-dan-sinh-vien/01-dia-chi-tra-cuu-httpswwwuiteduvntra-cuuvan-banghttpswwwuiteduvntra-cuuvan-bang]: daa.uit.edu.vn_thongbao_huong-dan-tra-cuu-va-xac-minh-van-bang-tot-nghiep-dai-hoc?page=3796.md
2025-10-30 14:41:28,264 [INFO] Detected numbered document: 01-dia-chi-tra-cuu-httpswwwuiteduvntra-cuuvan-banghttpswwwuiteduvntra-cuuvan-bang in huong-dan-sinh-vien
2025-10-30 14:41:28,272 [INFO] Saved HTML [daa/quydinh_huongdan/huong-dan-sinh-vien/01-dia-chi-tra-cuu-httpswwwuiteduvntra-cuuvan-banghttpswwwuiteduvntra-cuuvan-bang]: daa.uit.edu.vn_thongbao_huong-dan-tra-cuu-va-xac-minh-van-bang-tot-nghiep-dai-hoc?page=65.html
2025-10-30 14:41:28,277 [INFO] Saved Markdown [daa/quydinh_huongdan/huong-dan-sinh-vien/01-dia-chi-tra-cuu-httpswwwuiteduvntra-cuuvan-banghttpswwwuiteduvntra-cuuvan-bang]: daa.uit.edu.vn_thongbao_huong-dan-tra-cuu-va-xac-minh-van-bang-tot-nghiep-dai-hoc?page=65.md
2025-10-30 14:41:28,287 [INFO] Detected numbered document: 01-dia-chi-tra-cuu-httpswwwuiteduvntra-cuuvan-banghttpswwwuiteduvntra-cuuvan-bang in huong-dan-sinh-vien
2025-10-30 14:41:28,296 [INFO] Saved HTML [daa/quydinh_huongdan/huong-dan-sinh-vien/01-dia-chi-tra-cuu-httpswwwuiteduvntra-cuuvan-banghttpswwwuiteduvntra-cuuvan-bang]: daa.uit.edu.vn_thongbao_huong-dan-tra-cuu-va-xac-minh-van-bang-tot-nghiep-dai-hoc?page=3797.html
2025-10-30 14:41:28,301 [INFO] Saved Markdown [daa/quydinh_huongdan/huong-dan-sinh-vien/01-dia-chi-tra-cuu-httpswwwuiteduvntra-cuuvan-banghttpswwwuiteduvntra-cuuvan-bang]: daa.uit.edu.vn_thongbao_huong-dan-tra-cuu-va-xac-minh-van-bang-tot-nghiep-dai-hoc?page=3797.md
2025-10-30 14:41:28,310 [INFO] Detected numbered document: 01-dia-chi-tra-cuu-httpswwwuiteduvntra-cuuvan-banghttpswwwuiteduvntra-cuuvan-bang in huong-dan-sinh-vien
2025-10-30 14:41:28,317 [INFO] Saved HTML [daa/quydinh_huongdan/huong-dan-sinh-vien/01-dia-chi-tra-cuu-httpswwwuiteduvntra-cuuvan-banghttpswwwuiteduvntra-cuuvan-bang]: daa.uit.edu.vn_thongbao_huong-dan-tra-cuu-va-xac-minh-van-bang-tot-nghiep-dai-hoc?page=3794.html
2025-10-30 14:41:28,323 [INFO] Saved Markdown [daa/quydinh_huongdan/huong-dan-sinh-vien/01-dia-chi-tra-cuu-httpswwwuiteduvntra-cuuvan-banghttpswwwuiteduvntra-cuuvan-bang]: daa.uit.edu.vn_thongbao_huong-dan-tra-cuu-va-xac-minh-van-bang-tot-nghiep-dai-hoc?page=3794.md
2025-10-30 14:41:28,333 [INFO] Detected numbered document: 01-dia-chi-tra-cuu-httpswwwuiteduvntra-cuuvan-banghttpswwwuiteduvntra-cuuvan-bang in huong-dan-sinh-vien
2025-10-30 14:41:28,341 [INFO] Saved HTML [daa/quydinh_huongdan/huong-dan-sinh-vien/01-dia-chi-tra-cuu-httpswwwuiteduvntra-cuuvan-banghttpswwwuiteduvntra-cuuvan-bang]: daa.uit.edu.vn_thongbao_huong-dan-tra-cuu-va-xac-minh-van-bang-tot-nghiep-dai-hoc?page=67.html
2025-10-30 14:41:28,347 [INFO] Saved Markdown [daa/quydinh_huongdan/huong-dan-sinh-vien/01-dia-chi-tra-cuu-httpswwwuiteduvntra-cuuvan-banghttpswwwuiteduvntra-cuuvan-bang]: daa.uit.edu.vn_thongbao_huong-dan-tra-cuu-va-xac-minh-van-bang-tot-nghiep-dai-hoc?page=67.md
2025-10-30 14:41:28,356 [INFO] Detected numbered document: 01-dia-chi-tra-cuu-httpswwwuiteduvntra-cuuvan-banghttpswwwuiteduvntra-cuuvan-bang in huong-dan-sinh-vien
2025-10-30 14:41:28,367 [INFO] Saved HTML [daa/quydinh_huongdan/huong-dan-sinh-vien/01-dia-chi-tra-cuu-httpswwwuiteduvntra-cuuvan-banghttpswwwuiteduvntra-cuuvan-bang]: daa.uit.edu.vn_thongbao_huong-dan-tra-cuu-va-xac-minh-van-bang-tot-nghiep-dai-hoc?page=3795.html
2025-10-30 14:41:28,374 [INFO] Saved Markdown [daa/quydinh_huongdan/huong-dan-sinh-vien/01-dia-chi-tra-cuu-httpswwwuiteduvntra-cuuvan-banghttpswwwuiteduvntra-cuuvan-bang]: daa.uit.edu.vn_thongbao_huong-dan-tra-cuu-va-xac-minh-van-bang-tot-nghiep-dai-hoc?page=3795.md
2025-10-30 14:41:28,383 [INFO] Detected numbered document: 01-dia-chi-tra-cuu-httpswwwuiteduvntra-cuuvan-banghttpswwwuiteduvntra-cuuvan-bang in huong-dan-sinh-vien
2025-10-30 14:41:28,392 [INFO] Saved HTML [daa/quydinh_huongdan/huong-dan-sinh-vien/01-dia-chi-tra-cuu-httpswwwuiteduvntra-cuuvan-banghttpswwwuiteduvntra-cuuvan-bang]: daa.uit.edu.vn_thongbao_huong-dan-tra-cuu-va-xac-minh-van-bang-tot-nghiep-dai-hoc?page=68.html
2025-10-30 14:41:28,396 [INFO] Saved Markdown [daa/quydinh_huongdan/huong-dan-sinh-vien/01-dia-chi-tra-cuu-httpswwwuiteduvntra-cuuvan-banghttpswwwuiteduvntra-cuuvan-bang]: daa.uit.edu.vn_thongbao_huong-dan-tra-cuu-va-xac-minh-van-bang-tot-nghiep-dai-hoc?page=68.md
2025-10-30 14:41:28,405 [INFO] Detected numbered document: 01-dia-chi-tra-cuu-httpswwwuiteduvntra-cuuvan-banghttpswwwuiteduvntra-cuuvan-bang in huong-dan-sinh-vien
2025-10-30 14:41:28,416 [INFO] Saved HTML [daa/quydinh_huongdan/huong-dan-sinh-vien/01-dia-chi-tra-cuu-httpswwwuiteduvntra-cuuvan-banghttpswwwuiteduvntra-cuuvan-bang]: daa.uit.edu.vn_thongbao_huong-dan-tra-cuu-va-xac-minh-van-bang-tot-nghiep-dai-hoc?page=66.html
2025-10-30 14:41:28,423 [INFO] Saved Markdown [daa/quydinh_huongdan/huong-dan-sinh-vien/01-dia-chi-tra-cuu-httpswwwuiteduvntra-cuuvan-banghttpswwwuiteduvntra-cuuvan-bang]: daa.uit.edu.vn_thongbao_huong-dan-tra-cuu-va-xac-minh-van-bang-tot-nghiep-dai-hoc?page=66.md
2025-10-30 14:41:28,432 [INFO] Detected numbered document: 01-dia-chi-tra-cuu-httpswwwuiteduvntra-cuuvan-banghttpswwwuiteduvntra-cuuvan-bang in huong-dan-sinh-vien
2025-10-30 14:41:28,443 [INFO] Saved HTML [daa/quydinh_huongdan/huong-dan-sinh-vien/01-dia-chi-tra-cuu-httpswwwuiteduvntra-cuuvan-banghttpswwwuiteduvntra-cuuvan-bang]: daa.uit.edu.vn_thongbao_huong-dan-tra-cuu-va-xac-minh-van-bang-tot-nghiep-dai-hoc?page=3791.html
2025-10-30 14:41:28,450 [INFO] Saved Markdown [daa/quydinh_huongdan/huong-dan-sinh-vien/01-dia-chi-tra-cuu-httpswwwuiteduvntra-cuuvan-banghttpswwwuiteduvntra-cuuvan-bang]: daa.uit.edu.vn_thongbao_huong-dan-tra-cuu-va-xac-minh-van-bang-tot-nghiep-dai-hoc?page=3791.md
2025-10-30 14:41:28,459 [INFO] Detected numbered document: 01-dia-chi-tra-cuu-httpswwwuiteduvntra-cuuvan-banghttpswwwuiteduvntra-cuuvan-bang in huong-dan-sinh-vien
2025-10-30 14:41:28,470 [INFO] Saved HTML [daa/quydinh_huongdan/huong-dan-sinh-vien/01-dia-chi-tra-cuu-httpswwwuiteduvntra-cuuvan-banghttpswwwuiteduvntra-cuuvan-bang]: daa.uit.edu.vn_thongbao_huong-dan-tra-cuu-va-xac-minh-van-bang-tot-nghiep-dai-hoc?page=3793.html
2025-10-30 14:41:28,477 [INFO] Saved Markdown [daa/quydinh_huongdan/huong-dan-sinh-vien/01-dia-chi-tra-cuu-httpswwwuiteduvntra-cuuvan-banghttpswwwuiteduvntra-cuuvan-bang]: daa.uit.edu.vn_thongbao_huong-dan-tra-cuu-va-xac-minh-van-bang-tot-nghiep-dai-hoc?page=3793.md
2025-10-30 14:41:28,486 [INFO] Detected numbered document: 01-dia-chi-tra-cuu-httpswwwuiteduvntra-cuuvan-banghttpswwwuiteduvntra-cuuvan-bang in huong-dan-sinh-vien
2025-10-30 14:41:28,496 [INFO] Saved HTML [daa/quydinh_huongdan/huong-dan-sinh-vien/01-dia-chi-tra-cuu-httpswwwuiteduvntra-cuuvan-banghttpswwwuiteduvntra-cuuvan-bang]: daa.uit.edu.vn_thongbao_huong-dan-tra-cuu-va-xac-minh-van-bang-tot-nghiep-dai-hoc?page=69.html
2025-10-30 14:41:28,504 [INFO] Saved Markdown [daa/quydinh_huongdan/huong-dan-sinh-vien/01-dia-chi-tra-cuu-httpswwwuiteduvntra-cuuvan-banghttpswwwuiteduvntra-cuuvan-bang]: daa.uit.edu.vn_thongbao_huong-dan-tra-cuu-va-xac-minh-van-bang-tot-nghiep-dai-hoc?page=69.md
2025-10-30 14:41:28,513 [INFO] Detected numbered document: 01-dia-chi-tra-cuu-httpswwwuiteduvntra-cuuvan-banghttpswwwuiteduvntra-cuuvan-bang in huong-dan-sinh-vien
2025-10-30 14:41:28,523 [INFO] Saved HTML [daa/quydinh_huongdan/huong-dan-sinh-vien/01-dia-chi-tra-cuu-httpswwwuiteduvntra-cuuvan-banghttpswwwuiteduvntra-cuuvan-bang]: daa.uit.edu.vn_thongbao_huong-dan-tra-cuu-va-xac-minh-van-bang-tot-nghiep-dai-hoc?page=3792.html
2025-10-30 14:41:28,529 [INFO] Saved Markdown [daa/quydinh_huongdan/huong-dan-sinh-vien/01-dia-chi-tra-cuu-httpswwwuiteduvntra-cuuvan-banghttpswwwuiteduvntra-cuuvan-bang]: daa.uit.edu.vn_thongbao_huong-dan-tra-cuu-va-xac-minh-van-bang-tot-nghiep-dai-hoc?page=3792.md
2025-10-30 14:41:28,540 [INFO] Detected numbered document: 01-dia-chi-tra-cuu-httpswwwuiteduvntra-cuuvan-banghttpswwwuiteduvntra-cuuvan-bang in huong-dan-sinh-vien
2025-10-30 14:41:28,554 [INFO] Saved HTML [daa/quydinh_huongdan/huong-dan-sinh-vien/01-dia-chi-tra-cuu-httpswwwuiteduvntra-cuuvan-banghttpswwwuiteduvntra-cuuvan-bang]: daa.uit.edu.vn_thongbao_huong-dan-tra-cuu-va-xac-minh-van-bang-tot-nghiep-dai-hoc?page=3790.html
2025-10-30 14:41:28,562 [INFO] Saved Markdown [daa/quydinh_huongdan/huong-dan-sinh-vien/01-dia-chi-tra-cuu-httpswwwuiteduvntra-cuuvan-banghttpswwwuiteduvntra-cuuvan-bang]: daa.uit.edu.vn_thongbao_huong-dan-tra-cuu-va-xac-minh-van-bang-tot-nghiep-dai-hoc?page=3790.md
2025-10-30 14:41:28,568 [INFO] Detected numbered document: 01-dia-chi-tra-cuu-httpswwwuiteduvntra-cuuvan-banghttpswwwuiteduvntra-cuuvan-bang in huong-dan-sinh-vien
2025-10-30 14:41:28,578 [INFO] Saved HTML [daa/quydinh_huongdan/huong-dan-sinh-vien/01-dia-chi-tra-cuu-httpswwwuiteduvntra-cuuvan-banghttpswwwuiteduvntra-cuuvan-bang]: daa.uit.edu.vn_thongbao_huong-dan-tra-cuu-va-xac-minh-van-bang-tot-nghiep-dai-hoc?page=3787.html
2025-10-30 14:41:28,584 [INFO] Saved Markdown [daa/quydinh_huongdan/huong-dan-sinh-vien/01-dia-chi-tra-cuu-httpswwwuiteduvntra-cuuvan-banghttpswwwuiteduvntra-cuuvan-bang]: daa.uit.edu.vn_thongbao_huong-dan-tra-cuu-va-xac-minh-van-bang-tot-nghiep-dai-hoc?page=3787.md
2025-10-30 14:41:28,593 [INFO] Detected numbered document: 01-dia-chi-tra-cuu-httpswwwuiteduvntra-cuuvan-banghttpswwwuiteduvntra-cuuvan-bang in huong-dan-sinh-vien
2025-10-30 14:41:28,600 [INFO] Saved HTML [daa/quydinh_huongdan/huong-dan-sinh-vien/01-dia-chi-tra-cuu-httpswwwuiteduvntra-cuuvan-banghttpswwwuiteduvntra-cuuvan-bang]: daa.uit.edu.vn_thongbao_huong-dan-tra-cuu-va-xac-minh-van-bang-tot-nghiep-dai-hoc?page=71.html
2025-10-30 14:41:28,606 [INFO] Saved Markdown [daa/quydinh_huongdan/huong-dan-sinh-vien/01-dia-chi-tra-cuu-httpswwwuiteduvntra-cuuvan-banghttpswwwuiteduvntra-cuuvan-bang]: daa.uit.edu.vn_thongbao_huong-dan-tra-cuu-va-xac-minh-van-bang-tot-nghiep-dai-hoc?page=71.md
2025-10-30 14:41:28,617 [INFO] Detected numbered document: 01-dia-chi-tra-cuu-httpswwwuiteduvntra-cuuvan-banghttpswwwuiteduvntra-cuuvan-bang in huong-dan-sinh-vien
2025-10-30 14:41:28,626 [INFO] Saved HTML [daa/quydinh_huongdan/huong-dan-sinh-vien/01-dia-chi-tra-cuu-httpswwwuiteduvntra-cuuvan-banghttpswwwuiteduvntra-cuuvan-bang]: daa.uit.edu.vn_thongbao_huong-dan-tra-cuu-va-xac-minh-van-bang-tot-nghiep-dai-hoc?page=72.html
2025-10-30 14:41:28,634 [INFO] Saved Markdown [daa/quydinh_huongdan/huong-dan-sinh-vien/01-dia-chi-tra-cuu-httpswwwuiteduvntra-cuuvan-banghttpswwwuiteduvntra-cuuvan-bang]: daa.uit.edu.vn_thongbao_huong-dan-tra-cuu-va-xac-minh-van-bang-tot-nghiep-dai-hoc?page=72.md
2025-10-30 14:41:28,643 [INFO] Detected numbered document: 01-dia-chi-tra-cuu-httpswwwuiteduvntra-cuuvan-banghttpswwwuiteduvntra-cuuvan-bang in huong-dan-sinh-vien
2025-10-30 14:41:28,653 [INFO] Saved HTML [daa/quydinh_huongdan/huong-dan-sinh-vien/01-dia-chi-tra-cuu-httpswwwuiteduvntra-cuuvan-banghttpswwwuiteduvntra-cuuvan-bang]: daa.uit.edu.vn_thongbao_huong-dan-tra-cuu-va-xac-minh-van-bang-tot-nghiep-dai-hoc?page=3788.html
2025-10-30 14:41:28,658 [INFO] Saved Markdown [daa/quydinh_huongdan/huong-dan-sinh-vien/01-dia-chi-tra-cuu-httpswwwuiteduvntra-cuuvan-banghttpswwwuiteduvntra-cuuvan-bang]: daa.uit.edu.vn_thongbao_huong-dan-tra-cuu-va-xac-minh-van-bang-tot-nghiep-dai-hoc?page=3788.md
2025-10-30 14:41:28,671 [INFO] Detected numbered document: 01-dia-chi-tra-cuu-httpswwwuiteduvntra-cuuvan-banghttpswwwuiteduvntra-cuuvan-bang in huong-dan-sinh-vien
2025-10-30 14:41:28,679 [INFO] Saved HTML [daa/quydinh_huongdan/huong-dan-sinh-vien/01-dia-chi-tra-cuu-httpswwwuiteduvntra-cuuvan-banghttpswwwuiteduvntra-cuuvan-bang]: daa.uit.edu.vn_thongbao_huong-dan-tra-cuu-va-xac-minh-van-bang-tot-nghiep-dai-hoc?page=70.html
2025-10-30 14:41:28,685 [INFO] Saved Markdown [daa/quydinh_huongdan/huong-dan-sinh-vien/01-dia-chi-tra-cuu-httpswwwuiteduvntra-cuuvan-banghttpswwwuiteduvntra-cuuvan-bang]: daa.uit.edu.vn_thongbao_huong-dan-tra-cuu-va-xac-minh-van-bang-tot-nghiep-dai-hoc?page=70.md
2025-10-30 14:41:28,696 [INFO] Detected numbered document: 01-dia-chi-tra-cuu-httpswwwuiteduvntra-cuuvan-banghttpswwwuiteduvntra-cuuvan-bang in huong-dan-sinh-vien
2025-10-30 14:41:28,705 [INFO] Saved HTML [daa/quydinh_huongdan/huong-dan-sinh-vien/01-dia-chi-tra-cuu-httpswwwuiteduvntra-cuuvan-banghttpswwwuiteduvntra-cuuvan-bang]: daa.uit.edu.vn_thongbao_huong-dan-tra-cuu-va-xac-minh-van-bang-tot-nghiep-dai-hoc?page=3789.html
2025-10-30 14:41:28,711 [INFO] Saved Markdown [daa/quydinh_huongdan/huong-dan-sinh-vien/01-dia-chi-tra-cuu-httpswwwuiteduvntra-cuuvan-banghttpswwwuiteduvntra-cuuvan-bang]: daa.uit.edu.vn_thongbao_huong-dan-tra-cuu-va-xac-minh-van-bang-tot-nghiep-dai-hoc?page=3789.md
2025-10-30 14:41:28,722 [INFO] Detected numbered document: 01-dia-chi-tra-cuu-httpswwwuiteduvntra-cuuvan-banghttpswwwuiteduvntra-cuuvan-bang in huong-dan-sinh-vien
2025-10-30 14:41:28,729 [INFO] Saved HTML [daa/quydinh_huongdan/huong-dan-sinh-vien/01-dia-chi-tra-cuu-httpswwwuiteduvntra-cuuvan-banghttpswwwuiteduvntra-cuuvan-bang]: daa.uit.edu.vn_thongbao_huong-dan-tra-cuu-va-xac-minh-van-bang-tot-nghiep-dai-hoc?page=3784.html
2025-10-30 14:41:28,734 [INFO] Saved Markdown [daa/quydinh_huongdan/huong-dan-sinh-vien/01-dia-chi-tra-cuu-httpswwwuiteduvntra-cuuvan-banghttpswwwuiteduvntra-cuuvan-bang]: daa.uit.edu.vn_thongbao_huong-dan-tra-cuu-va-xac-minh-van-bang-tot-nghiep-dai-hoc?page=3784.md
2025-10-30 14:41:28,748 [INFO] Detected numbered document: 01-dia-chi-tra-cuu-httpswwwuiteduvntra-cuuvan-banghttpswwwuiteduvntra-cuuvan-bang in huong-dan-sinh-vien
2025-10-30 14:41:28,757 [INFO] Saved HTML [daa/quydinh_huongdan/huong-dan-sinh-vien/01-dia-chi-tra-cuu-httpswwwuiteduvntra-cuuvan-banghttpswwwuiteduvntra-cuuvan-bang]: daa.uit.edu.vn_thongbao_huong-dan-tra-cuu-va-xac-minh-van-bang-tot-nghiep-dai-hoc?page=3783.html
2025-10-30 14:41:28,763 [INFO] Saved Markdown [daa/quydinh_huongdan/huong-dan-sinh-vien/01-dia-chi-tra-cuu-httpswwwuiteduvntra-cuuvan-banghttpswwwuiteduvntra-cuuvan-bang]: daa.uit.edu.vn_thongbao_huong-dan-tra-cuu-va-xac-minh-van-bang-tot-nghiep-dai-hoc?page=3783.md
2025-10-30 14:41:28,772 [INFO] Detected numbered document: 01-dia-chi-tra-cuu-httpswwwuiteduvntra-cuuvan-banghttpswwwuiteduvntra-cuuvan-bang in huong-dan-sinh-vien
2025-10-30 14:41:28,781 [INFO] Saved HTML [daa/quydinh_huongdan/huong-dan-sinh-vien/01-dia-chi-tra-cuu-httpswwwuiteduvntra-cuuvan-banghttpswwwuiteduvntra-cuuvan-bang]: daa.uit.edu.vn_thongbao_huong-dan-tra-cuu-va-xac-minh-van-bang-tot-nghiep-dai-hoc?page=3786.html
2025-10-30 14:41:28,787 [INFO] Saved Markdown [daa/quydinh_huongdan/huong-dan-sinh-vien/01-dia-chi-tra-cuu-httpswwwuiteduvntra-cuuvan-banghttpswwwuiteduvntra-cuuvan-bang]: daa.uit.edu.vn_thongbao_huong-dan-tra-cuu-va-xac-minh-van-bang-tot-nghiep-dai-hoc?page=3786.md
2025-10-30 14:41:28,799 [INFO] Detected numbered document: 01-dia-chi-tra-cuu-httpswwwuiteduvntra-cuuvan-banghttpswwwuiteduvntra-cuuvan-bang in huong-dan-sinh-vien
2025-10-30 14:41:28,808 [INFO] Saved HTML [daa/quydinh_huongdan/huong-dan-sinh-vien/01-dia-chi-tra-cuu-httpswwwuiteduvntra-cuuvan-banghttpswwwuiteduvntra-cuuvan-bang]: daa.uit.edu.vn_thongbao_huong-dan-tra-cuu-va-xac-minh-van-bang-tot-nghiep-dai-hoc?page=73.html
2025-10-30 14:41:28,814 [INFO] Saved Markdown [daa/quydinh_huongdan/huong-dan-sinh-vien/01-dia-chi-tra-cuu-httpswwwuiteduvntra-cuuvan-banghttpswwwuiteduvntra-cuuvan-bang]: daa.uit.edu.vn_thongbao_huong-dan-tra-cuu-va-xac-minh-van-bang-tot-nghiep-dai-hoc?page=73.md
2025-10-30 14:41:28,827 [INFO] Detected numbered document: 01-dia-chi-tra-cuu-httpswwwuiteduvntra-cuuvan-banghttpswwwuiteduvntra-cuuvan-bang in huong-dan-sinh-vien
2025-10-30 14:41:28,836 [INFO] Saved HTML [daa/quydinh_huongdan/huong-dan-sinh-vien/01-dia-chi-tra-cuu-httpswwwuiteduvntra-cuuvan-banghttpswwwuiteduvntra-cuuvan-bang]: daa.uit.edu.vn_thongbao_huong-dan-tra-cuu-va-xac-minh-van-bang-tot-nghiep-dai-hoc?page=74.html
2025-10-30 14:41:28,842 [INFO] Saved Markdown [daa/quydinh_huongdan/huong-dan-sinh-vien/01-dia-chi-tra-cuu-httpswwwuiteduvntra-cuuvan-banghttpswwwuiteduvntra-cuuvan-bang]: daa.uit.edu.vn_thongbao_huong-dan-tra-cuu-va-xac-minh-van-bang-tot-nghiep-dai-hoc?page=74.md
2025-10-30 14:41:28,874 [INFO] Saved HTML [daa/quydinh_huongdan/huong-dan-tra-cuu-van-bang]: daa.uit.edu.vn_thongbao_huong-dan-tra-cuu-va-xac-minh-van-bang-tot-nghiep-dai-hoc?page=3785.html
2025-10-30 14:41:28,880 [INFO] Saved Markdown [daa/quydinh_huongdan/huong-dan-tra-cuu-van-bang]: daa.uit.edu.vn_thongbao_huong-dan-tra-cuu-va-xac-minh-van-bang-tot-nghiep-dai-hoc?page=3785.md
2025-10-30 14:41:28,885 [INFO] Detected numbered document: 01-dia-chi-tra-cuu-httpswwwuiteduvntra-cuuvan-banghttpswwwuiteduvntra-cuuvan-bang in huong-dan-sinh-vien
2025-10-30 14:41:28,895 [INFO] Saved HTML [daa/quydinh_huongdan/huong-dan-sinh-vien/01-dia-chi-tra-cuu-httpswwwuiteduvntra-cuuvan-banghttpswwwuiteduvntra-cuuvan-bang]: daa.uit.edu.vn_thongbao_huong-dan-tra-cuu-va-xac-minh-van-bang-tot-nghiep-dai-hoc?page=75.html
2025-10-30 14:41:28,901 [INFO] Saved Markdown [daa/quydinh_huongdan/huong-dan-sinh-vien/01-dia-chi-tra-cuu-httpswwwuiteduvntra-cuuvan-banghttpswwwuiteduvntra-cuuvan-bang]: daa.uit.edu.vn_thongbao_huong-dan-tra-cuu-va-xac-minh-van-bang-tot-nghiep-dai-hoc?page=75.md
2025-10-30 14:41:28,909 [INFO] Detected numbered document: 01-dia-chi-tra-cuu-httpswwwuiteduvntra-cuuvan-banghttpswwwuiteduvntra-cuuvan-bang in huong-dan-sinh-vien
2025-10-30 14:41:28,920 [INFO] Saved HTML [daa/quydinh_huongdan/huong-dan-sinh-vien/01-dia-chi-tra-cuu-httpswwwuiteduvntra-cuuvan-banghttpswwwuiteduvntra-cuuvan-bang]: daa.uit.edu.vn_thongbao_huong-dan-tra-cuu-va-xac-minh-van-bang-tot-nghiep-dai-hoc?page=3780.html
2025-10-30 14:41:28,927 [INFO] Saved Markdown [daa/quydinh_huongdan/huong-dan-sinh-vien/01-dia-chi-tra-cuu-httpswwwuiteduvntra-cuuvan-banghttpswwwuiteduvntra-cuuvan-bang]: daa.uit.edu.vn_thongbao_huong-dan-tra-cuu-va-xac-minh-van-bang-tot-nghiep-dai-hoc?page=3780.md
2025-10-30 14:41:28,936 [INFO] Detected numbered document: 01-dia-chi-tra-cuu-httpswwwuiteduvntra-cuuvan-banghttpswwwuiteduvntra-cuuvan-bang in huong-dan-sinh-vien
2025-10-30 14:41:28,947 [INFO] Saved HTML [daa/quydinh_huongdan/huong-dan-sinh-vien/01-dia-chi-tra-cuu-httpswwwuiteduvntra-cuuvan-banghttpswwwuiteduvntra-cuuvan-bang]: daa.uit.edu.vn_thongbao_huong-dan-tra-cuu-va-xac-minh-van-bang-tot-nghiep-dai-hoc?page=3781.html
2025-10-30 14:41:28,955 [INFO] Saved Markdown [daa/quydinh_huongdan/huong-dan-sinh-vien/01-dia-chi-tra-cuu-httpswwwuiteduvntra-cuuvan-banghttpswwwuiteduvntra-cuuvan-bang]: daa.uit.edu.vn_thongbao_huong-dan-tra-cuu-va-xac-minh-van-bang-tot-nghiep-dai-hoc?page=3781.md
2025-10-30 14:41:28,963 [INFO] Detected numbered document: 01-dia-chi-tra-cuu-httpswwwuiteduvntra-cuuvan-banghttpswwwuiteduvntra-cuuvan-bang in huong-dan-sinh-vien
2025-10-30 14:41:28,973 [INFO] Saved HTML [daa/quydinh_huongdan/huong-dan-sinh-vien/01-dia-chi-tra-cuu-httpswwwuiteduvntra-cuuvan-banghttpswwwuiteduvntra-cuuvan-bang]: daa.uit.edu.vn_thongbao_huong-dan-tra-cuu-va-xac-minh-van-bang-tot-nghiep-dai-hoc?page=76.html
2025-10-30 14:41:28,980 [INFO] Saved Markdown [daa/quydinh_huongdan/huong-dan-sinh-vien/01-dia-chi-tra-cuu-httpswwwuiteduvntra-cuuvan-banghttpswwwuiteduvntra-cuuvan-bang]: daa.uit.edu.vn_thongbao_huong-dan-tra-cuu-va-xac-minh-van-bang-tot-nghiep-dai-hoc?page=76.md
2025-10-30 14:41:28,987 [INFO] Detected numbered document: 01-dia-chi-tra-cuu-httpswwwuiteduvntra-cuuvan-banghttpswwwuiteduvntra-cuuvan-bang in huong-dan-sinh-vien
2025-10-30 14:41:28,999 [INFO] Saved HTML [daa/quydinh_huongdan/huong-dan-sinh-vien/01-dia-chi-tra-cuu-httpswwwuiteduvntra-cuuvan-banghttpswwwuiteduvntra-cuuvan-bang]: daa.uit.edu.vn_thongbao_huong-dan-tra-cuu-va-xac-minh-van-bang-tot-nghiep-dai-hoc?page=3782.html
2025-10-30 14:41:29,006 [INFO] Saved Markdown [daa/quydinh_huongdan/huong-dan-sinh-vien/01-dia-chi-tra-cuu-httpswwwuiteduvntra-cuuvan-banghttpswwwuiteduvntra-cuuvan-bang]: daa.uit.edu.vn_thongbao_huong-dan-tra-cuu-va-xac-minh-van-bang-tot-nghiep-dai-hoc?page=3782.md
2025-10-30 14:41:29,015 [INFO] Detected numbered document: 01-dia-chi-tra-cuu-httpswwwuiteduvntra-cuuvan-banghttpswwwuiteduvntra-cuuvan-bang in huong-dan-sinh-vien
2025-10-30 14:41:29,026 [INFO] Saved HTML [daa/quydinh_huongdan/huong-dan-sinh-vien/01-dia-chi-tra-cuu-httpswwwuiteduvntra-cuuvan-banghttpswwwuiteduvntra-cuuvan-bang]: daa.uit.edu.vn_thongbao_huong-dan-tra-cuu-va-xac-minh-van-bang-tot-nghiep-dai-hoc?page=3779.html
2025-10-30 14:41:29,033 [INFO] Saved Markdown [daa/quydinh_huongdan/huong-dan-sinh-vien/01-dia-chi-tra-cuu-httpswwwuiteduvntra-cuuvan-banghttpswwwuiteduvntra-cuuvan-bang]: daa.uit.edu.vn_thongbao_huong-dan-tra-cuu-va-xac-minh-van-bang-tot-nghiep-dai-hoc?page=3779.md
2025-10-30 14:41:29,044 [INFO] Detected numbered document: 01-dia-chi-tra-cuu-httpswwwuiteduvntra-cuuvan-banghttpswwwuiteduvntra-cuuvan-bang in huong-dan-sinh-vien
2025-10-30 14:41:29,055 [INFO] Saved HTML [daa/quydinh_huongdan/huong-dan-sinh-vien/01-dia-chi-tra-cuu-httpswwwuiteduvntra-cuuvan-banghttpswwwuiteduvntra-cuuvan-bang]: daa.uit.edu.vn_thongbao_huong-dan-tra-cuu-va-xac-minh-van-bang-tot-nghiep-dai-hoc?page=77.html
2025-10-30 14:41:29,063 [INFO] Saved Markdown [daa/quydinh_huongdan/huong-dan-sinh-vien/01-dia-chi-tra-cuu-httpswwwuiteduvntra-cuuvan-banghttpswwwuiteduvntra-cuuvan-bang]: daa.uit.edu.vn_thongbao_huong-dan-tra-cuu-va-xac-minh-van-bang-tot-nghiep-dai-hoc?page=77.md
2025-10-30 14:41:29,074 [INFO] Detected numbered document: 01-dia-chi-tra-cuu-httpswwwuiteduvntra-cuuvan-banghttpswwwuiteduvntra-cuuvan-bang in huong-dan-sinh-vien
2025-10-30 14:41:29,089 [INFO] Saved HTML [daa/quydinh_huongdan/huong-dan-sinh-vien/01-dia-chi-tra-cuu-httpswwwuiteduvntra-cuuvan-banghttpswwwuiteduvntra-cuuvan-bang]: daa.uit.edu.vn_thongbao_huong-dan-tra-cuu-va-xac-minh-van-bang-tot-nghiep-dai-hoc?page=79.html
2025-10-30 14:41:29,098 [INFO] Saved Markdown [daa/quydinh_huongdan/huong-dan-sinh-vien/01-dia-chi-tra-cuu-httpswwwuiteduvntra-cuuvan-banghttpswwwuiteduvntra-cuuvan-bang]: daa.uit.edu.vn_thongbao_huong-dan-tra-cuu-va-xac-minh-van-bang-tot-nghiep-dai-hoc?page=79.md
2025-10-30 14:41:29,105 [INFO] Detected numbered document: 01-dia-chi-tra-cuu-httpswwwuiteduvntra-cuuvan-banghttpswwwuiteduvntra-cuuvan-bang in huong-dan-sinh-vien
2025-10-30 14:41:29,118 [INFO] Saved HTML [daa/quydinh_huongdan/huong-dan-sinh-vien/01-dia-chi-tra-cuu-httpswwwuiteduvntra-cuuvan-banghttpswwwuiteduvntra-cuuvan-bang]: daa.uit.edu.vn_thongbao_huong-dan-tra-cuu-va-xac-minh-van-bang-tot-nghiep-dai-hoc?page=3776.html
2025-10-30 14:41:29,125 [INFO] Saved Markdown [daa/quydinh_huongdan/huong-dan-sinh-vien/01-dia-chi-tra-cuu-httpswwwuiteduvntra-cuuvan-banghttpswwwuiteduvntra-cuuvan-bang]: daa.uit.edu.vn_thongbao_huong-dan-tra-cuu-va-xac-minh-van-bang-tot-nghiep-dai-hoc?page=3776.md
2025-10-30 14:41:29,131 [INFO] Detected numbered document: 01-dia-chi-tra-cuu-httpswwwuiteduvntra-cuuvan-banghttpswwwuiteduvntra-cuuvan-bang in huong-dan-sinh-vien
2025-10-30 14:41:29,144 [INFO] Saved HTML [daa/quydinh_huongdan/huong-dan-sinh-vien/01-dia-chi-tra-cuu-httpswwwuiteduvntra-cuuvan-banghttpswwwuiteduvntra-cuuvan-bang]: daa.uit.edu.vn_thongbao_huong-dan-tra-cuu-va-xac-minh-van-bang-tot-nghiep-dai-hoc?page=78.html
2025-10-30 14:41:29,151 [INFO] Saved Markdown [daa/quydinh_huongdan/huong-dan-sinh-vien/01-dia-chi-tra-cuu-httpswwwuiteduvntra-cuuvan-banghttpswwwuiteduvntra-cuuvan-bang]: daa.uit.edu.vn_thongbao_huong-dan-tra-cuu-va-xac-minh-van-bang-tot-nghiep-dai-hoc?page=78.md
2025-10-30 14:41:29,161 [INFO] Detected numbered document: 01-dia-chi-tra-cuu-httpswwwuiteduvntra-cuuvan-banghttpswwwuiteduvntra-cuuvan-bang in huong-dan-sinh-vien
2025-10-30 14:41:29,172 [INFO] Saved HTML [daa/quydinh_huongdan/huong-dan-sinh-vien/01-dia-chi-tra-cuu-httpswwwuiteduvntra-cuuvan-banghttpswwwuiteduvntra-cuuvan-bang]: daa.uit.edu.vn_thongbao_huong-dan-tra-cuu-va-xac-minh-van-bang-tot-nghiep-dai-hoc?page=3777.html
2025-10-30 14:41:29,179 [INFO] Saved Markdown [daa/quydinh_huongdan/huong-dan-sinh-vien/01-dia-chi-tra-cuu-httpswwwuiteduvntra-cuuvan-banghttpswwwuiteduvntra-cuuvan-bang]: daa.uit.edu.vn_thongbao_huong-dan-tra-cuu-va-xac-minh-van-bang-tot-nghiep-dai-hoc?page=3777.md
2025-10-30 14:41:29,188 [INFO] Detected numbered document: 01-dia-chi-tra-cuu-httpswwwuiteduvntra-cuuvan-banghttpswwwuiteduvntra-cuuvan-bang in huong-dan-sinh-vien
2025-10-30 14:41:29,200 [INFO] Saved HTML [daa/quydinh_huongdan/huong-dan-sinh-vien/01-dia-chi-tra-cuu-httpswwwuiteduvntra-cuuvan-banghttpswwwuiteduvntra-cuuvan-bang]: daa.uit.edu.vn_thongbao_huong-dan-tra-cuu-va-xac-minh-van-bang-tot-nghiep-dai-hoc?page=80.html
2025-10-30 14:41:29,206 [INFO] Saved Markdown [daa/quydinh_huongdan/huong-dan-sinh-vien/01-dia-chi-tra-cuu-httpswwwuiteduvntra-cuuvan-banghttpswwwuiteduvntra-cuuvan-bang]: daa.uit.edu.vn_thongbao_huong-dan-tra-cuu-va-xac-minh-van-bang-tot-nghiep-dai-hoc?page=80.md
2025-10-30 14:41:29,216 [INFO] Detected numbered document: 01-dia-chi-tra-cuu-httpswwwuiteduvntra-cuuvan-banghttpswwwuiteduvntra-cuuvan-bang in huong-dan-sinh-vien
2025-10-30 14:41:29,225 [INFO] Saved HTML [daa/quydinh_huongdan/huong-dan-sinh-vien/01-dia-chi-tra-cuu-httpswwwuiteduvntra-cuuvan-banghttpswwwuiteduvntra-cuuvan-bang]: daa.uit.edu.vn_thongbao_huong-dan-tra-cuu-va-xac-minh-van-bang-tot-nghiep-dai-hoc?page=3775.html
2025-10-30 14:41:29,230 [INFO] Saved Markdown [daa/quydinh_huongdan/huong-dan-sinh-vien/01-dia-chi-tra-cuu-httpswwwuiteduvntra-cuuvan-banghttpswwwuiteduvntra-cuuvan-bang]: daa.uit.edu.vn_thongbao_huong-dan-tra-cuu-va-xac-minh-van-bang-tot-nghiep-dai-hoc?page=3775.md
2025-10-30 14:41:29,244 [INFO] Detected numbered document: 01-dia-chi-tra-cuu-httpswwwuiteduvntra-cuuvan-banghttpswwwuiteduvntra-cuuvan-bang in huong-dan-sinh-vien
2025-10-30 14:41:29,253 [INFO] Saved HTML [daa/quydinh_huongdan/huong-dan-sinh-vien/01-dia-chi-tra-cuu-httpswwwuiteduvntra-cuuvan-banghttpswwwuiteduvntra-cuuvan-bang]: daa.uit.edu.vn_thongbao_huong-dan-tra-cuu-va-xac-minh-van-bang-tot-nghiep-dai-hoc?page=3778.html
2025-10-30 14:41:29,258 [INFO] Saved Markdown [daa/quydinh_huongdan/huong-dan-sinh-vien/01-dia-chi-tra-cuu-httpswwwuiteduvntra-cuuvan-banghttpswwwuiteduvntra-cuuvan-bang]: daa.uit.edu.vn_thongbao_huong-dan-tra-cuu-va-xac-minh-van-bang-tot-nghiep-dai-hoc?page=3778.md
2025-10-30 14:41:29,272 [INFO] Detected numbered document: 01-dia-chi-tra-cuu-httpswwwuiteduvntra-cuuvan-banghttpswwwuiteduvntra-cuuvan-bang in huong-dan-sinh-vien
2025-10-30 14:41:29,281 [INFO] Saved HTML [daa/quydinh_huongdan/huong-dan-sinh-vien/01-dia-chi-tra-cuu-httpswwwuiteduvntra-cuuvan-banghttpswwwuiteduvntra-cuuvan-bang]: daa.uit.edu.vn_thongbao_huong-dan-tra-cuu-va-xac-minh-van-bang-tot-nghiep-dai-hoc?page=81.html
2025-10-30 14:41:29,286 [INFO] Saved Markdown [daa/quydinh_huongdan/huong-dan-sinh-vien/01-dia-chi-tra-cuu-httpswwwuiteduvntra-cuuvan-banghttpswwwuiteduvntra-cuuvan-bang]: daa.uit.edu.vn_thongbao_huong-dan-tra-cuu-va-xac-minh-van-bang-tot-nghiep-dai-hoc?page=81.md
2025-10-30 14:41:29,300 [INFO] Detected numbered document: 01-dia-chi-tra-cuu-httpswwwuiteduvntra-cuuvan-banghttpswwwuiteduvntra-cuuvan-bang in huong-dan-sinh-vien
2025-10-30 14:41:29,308 [INFO] Saved HTML [daa/quydinh_huongdan/huong-dan-sinh-vien/01-dia-chi-tra-cuu-httpswwwuiteduvntra-cuuvan-banghttpswwwuiteduvntra-cuuvan-bang]: daa.uit.edu.vn_thongbao_huong-dan-tra-cuu-va-xac-minh-van-bang-tot-nghiep-dai-hoc?page=82.html
2025-10-30 14:41:29,314 [INFO] Saved Markdown [daa/quydinh_huongdan/huong-dan-sinh-vien/01-dia-chi-tra-cuu-httpswwwuiteduvntra-cuuvan-banghttpswwwuiteduvntra-cuuvan-bang]: daa.uit.edu.vn_thongbao_huong-dan-tra-cuu-va-xac-minh-van-bang-tot-nghiep-dai-hoc?page=82.md
2025-10-30 14:41:29,326 [INFO] Detected numbered document: 01-dia-chi-tra-cuu-httpswwwuiteduvntra-cuuvan-banghttpswwwuiteduvntra-cuuvan-bang in huong-dan-sinh-vien
2025-10-30 14:41:29,335 [INFO] Saved HTML [daa/quydinh_huongdan/huong-dan-sinh-vien/01-dia-chi-tra-cuu-httpswwwuiteduvntra-cuuvan-banghttpswwwuiteduvntra-cuuvan-bang]: daa.uit.edu.vn_thongbao_huong-dan-tra-cuu-va-xac-minh-van-bang-tot-nghiep-dai-hoc?page=3772.html
2025-10-30 14:41:29,340 [INFO] Saved Markdown [daa/quydinh_huongdan/huong-dan-sinh-vien/01-dia-chi-tra-cuu-httpswwwuiteduvntra-cuuvan-banghttpswwwuiteduvntra-cuuvan-bang]: daa.uit.edu.vn_thongbao_huong-dan-tra-cuu-va-xac-minh-van-bang-tot-nghiep-dai-hoc?page=3772.md
2025-10-30 14:41:29,351 [INFO] Detected numbered document: 01-dia-chi-tra-cuu-httpswwwuiteduvntra-cuuvan-banghttpswwwuiteduvntra-cuuvan-bang in huong-dan-sinh-vien
2025-10-30 14:41:29,360 [INFO] Saved HTML [daa/quydinh_huongdan/huong-dan-sinh-vien/01-dia-chi-tra-cuu-httpswwwuiteduvntra-cuuvan-banghttpswwwuiteduvntra-cuuvan-bang]: daa.uit.edu.vn_thongbao_huong-dan-tra-cuu-va-xac-minh-van-bang-tot-nghiep-dai-hoc?page=3773.html
2025-10-30 14:41:29,365 [INFO] Saved Markdown [daa/quydinh_huongdan/huong-dan-sinh-vien/01-dia-chi-tra-cuu-httpswwwuiteduvntra-cuuvan-banghttpswwwuiteduvntra-cuuvan-bang]: daa.uit.edu.vn_thongbao_huong-dan-tra-cuu-va-xac-minh-van-bang-tot-nghiep-dai-hoc?page=3773.md
2025-10-30 14:41:29,377 [INFO] Detected numbered document: 01-dia-chi-tra-cuu-httpswwwuiteduvntra-cuuvan-banghttpswwwuiteduvntra-cuuvan-bang in huong-dan-sinh-vien
2025-10-30 14:41:29,385 [INFO] Saved HTML [daa/quydinh_huongdan/huong-dan-sinh-vien/01-dia-chi-tra-cuu-httpswwwuiteduvntra-cuuvan-banghttpswwwuiteduvntra-cuuvan-bang]: daa.uit.edu.vn_thongbao_huong-dan-tra-cuu-va-xac-minh-van-bang-tot-nghiep-dai-hoc?page=83.html
2025-10-30 14:41:29,391 [INFO] Saved Markdown [daa/quydinh_huongdan/huong-dan-sinh-vien/01-dia-chi-tra-cuu-httpswwwuiteduvntra-cuuvan-banghttpswwwuiteduvntra-cuuvan-bang]: daa.uit.edu.vn_thongbao_huong-dan-tra-cuu-va-xac-minh-van-bang-tot-nghiep-dai-hoc?page=83.md
2025-10-30 14:41:29,403 [INFO] Detected numbered document: 01-dia-chi-tra-cuu-httpswwwuiteduvntra-cuuvan-banghttpswwwuiteduvntra-cuuvan-bang in huong-dan-sinh-vien
2025-10-30 14:41:29,412 [INFO] Saved HTML [daa/quydinh_huongdan/huong-dan-sinh-vien/01-dia-chi-tra-cuu-httpswwwuiteduvntra-cuuvan-banghttpswwwuiteduvntra-cuuvan-bang]: daa.uit.edu.vn_thongbao_huong-dan-tra-cuu-va-xac-minh-van-bang-tot-nghiep-dai-hoc?page=3774.html
2025-10-30 14:41:29,416 [INFO] Saved Markdown [daa/quydinh_huongdan/huong-dan-sinh-vien/01-dia-chi-tra-cuu-httpswwwuiteduvntra-cuuvan-banghttpswwwuiteduvntra-cuuvan-bang]: daa.uit.edu.vn_thongbao_huong-dan-tra-cuu-va-xac-minh-van-bang-tot-nghiep-dai-hoc?page=3774.md
2025-10-30 14:41:29,427 [INFO] Detected numbered document: 01-dia-chi-tra-cuu-httpswwwuiteduvntra-cuuvan-banghttpswwwuiteduvntra-cuuvan-bang in huong-dan-sinh-vien
2025-10-30 14:41:29,435 [INFO] Saved HTML [daa/quydinh_huongdan/huong-dan-sinh-vien/01-dia-chi-tra-cuu-httpswwwuiteduvntra-cuuvan-banghttpswwwuiteduvntra-cuuvan-bang]: daa.uit.edu.vn_thongbao_huong-dan-tra-cuu-va-xac-minh-van-bang-tot-nghiep-dai-hoc?page=84.html
2025-10-30 14:41:29,441 [INFO] Saved Markdown [daa/quydinh_huongdan/huong-dan-sinh-vien/01-dia-chi-tra-cuu-httpswwwuiteduvntra-cuuvan-banghttpswwwuiteduvntra-cuuvan-bang]: daa.uit.edu.vn_thongbao_huong-dan-tra-cuu-va-xac-minh-van-bang-tot-nghiep-dai-hoc?page=84.md
2025-10-30 14:41:29,448 [INFO] Detected numbered document: 01-dia-chi-tra-cuu-httpswwwuiteduvntra-cuuvan-banghttpswwwuiteduvntra-cuuvan-bang in huong-dan-sinh-vien
2025-10-30 14:41:29,458 [INFO] Saved HTML [daa/quydinh_huongdan/huong-dan-sinh-vien/01-dia-chi-tra-cuu-httpswwwuiteduvntra-cuuvan-banghttpswwwuiteduvntra-cuuvan-bang]: daa.uit.edu.vn_thongbao_huong-dan-tra-cuu-va-xac-minh-van-bang-tot-nghiep-dai-hoc?page=85.html
2025-10-30 14:41:29,465 [INFO] Saved Markdown [daa/quydinh_huongdan/huong-dan-sinh-vien/01-dia-chi-tra-cuu-httpswwwuiteduvntra-cuuvan-banghttpswwwuiteduvntra-cuuvan-bang]: daa.uit.edu.vn_thongbao_huong-dan-tra-cuu-va-xac-minh-van-bang-tot-nghiep-dai-hoc?page=85.md
2025-10-30 14:41:29,475 [INFO] Detected numbered document: 01-dia-chi-tra-cuu-httpswwwuiteduvntra-cuuvan-banghttpswwwuiteduvntra-cuuvan-bang in huong-dan-sinh-vien
2025-10-30 14:41:29,484 [INFO] Saved HTML [daa/quydinh_huongdan/huong-dan-sinh-vien/01-dia-chi-tra-cuu-httpswwwuiteduvntra-cuuvan-banghttpswwwuiteduvntra-cuuvan-bang]: daa.uit.edu.vn_thongbao_huong-dan-tra-cuu-va-xac-minh-van-bang-tot-nghiep-dai-hoc?page=3769.html
2025-10-30 14:41:29,489 [INFO] Saved Markdown [daa/quydinh_huongdan/huong-dan-sinh-vien/01-dia-chi-tra-cuu-httpswwwuiteduvntra-cuuvan-banghttpswwwuiteduvntra-cuuvan-bang]: daa.uit.edu.vn_thongbao_huong-dan-tra-cuu-va-xac-minh-van-bang-tot-nghiep-dai-hoc?page=3769.md
2025-10-30 14:41:29,501 [INFO] Detected numbered document: 01-dia-chi-tra-cuu-httpswwwuiteduvntra-cuuvan-banghttpswwwuiteduvntra-cuuvan-bang in huong-dan-sinh-vien
2025-10-30 14:41:29,508 [INFO] Saved HTML [daa/quydinh_huongdan/huong-dan-sinh-vien/01-dia-chi-tra-cuu-httpswwwuiteduvntra-cuuvan-banghttpswwwuiteduvntra-cuuvan-bang]: daa.uit.edu.vn_thongbao_huong-dan-tra-cuu-va-xac-minh-van-bang-tot-nghiep-dai-hoc?page=86.html
2025-10-30 14:41:29,515 [INFO] Saved Markdown [daa/quydinh_huongdan/huong-dan-sinh-vien/01-dia-chi-tra-cuu-httpswwwuiteduvntra-cuuvan-banghttpswwwuiteduvntra-cuuvan-bang]: daa.uit.edu.vn_thongbao_huong-dan-tra-cuu-va-xac-minh-van-bang-tot-nghiep-dai-hoc?page=86.md
2025-10-30 14:41:29,526 [INFO] Detected numbered document: 01-dia-chi-tra-cuu-httpswwwuiteduvntra-cuuvan-banghttpswwwuiteduvntra-cuuvan-bang in huong-dan-sinh-vien
2025-10-30 14:41:29,535 [INFO] Saved HTML [daa/quydinh_huongdan/huong-dan-sinh-vien/01-dia-chi-tra-cuu-httpswwwuiteduvntra-cuuvan-banghttpswwwuiteduvntra-cuuvan-bang]: daa.uit.edu.vn_thongbao_huong-dan-tra-cuu-va-xac-minh-van-bang-tot-nghiep-dai-hoc?page=3771.html
2025-10-30 14:41:29,541 [INFO] Saved Markdown [daa/quydinh_huongdan/huong-dan-sinh-vien/01-dia-chi-tra-cuu-httpswwwuiteduvntra-cuuvan-banghttpswwwuiteduvntra-cuuvan-bang]: daa.uit.edu.vn_thongbao_huong-dan-tra-cuu-va-xac-minh-van-bang-tot-nghiep-dai-hoc?page=3771.md
2025-10-30 14:41:29,568 [INFO] Saved HTML [daa/quydinh_huongdan/huong-dan-tra-cuu-van-bang]: daa.uit.edu.vn_thongbao_huong-dan-tra-cuu-va-xac-minh-van-bang-tot-nghiep-dai-hoc?page=3768.html
2025-10-30 14:41:29,574 [INFO] Saved Markdown [daa/quydinh_huongdan/huong-dan-tra-cuu-van-bang]: daa.uit.edu.vn_thongbao_huong-dan-tra-cuu-va-xac-minh-van-bang-tot-nghiep-dai-hoc?page=3768.md
2025-10-30 14:41:29,592 [INFO] Saved HTML [daa/quydinh_huongdan/huong-dan-tra-cuu-van-bang]: daa.uit.edu.vn_thongbao_huong-dan-tra-cuu-va-xac-minh-van-bang-tot-nghiep-dai-hoc?page=3770.html
2025-10-30 14:41:29,597 [INFO] Saved Markdown [daa/quydinh_huongdan/huong-dan-tra-cuu-van-bang]: daa.uit.edu.vn_thongbao_huong-dan-tra-cuu-va-xac-minh-van-bang-tot-nghiep-dai-hoc?page=3770.md
2025-10-30 14:41:29,616 [INFO] Saved HTML [daa/quydinh_huongdan/huong-dan-tra-cuu-van-bang]: daa.uit.edu.vn_thongbao_huong-dan-tra-cuu-va-xac-minh-van-bang-tot-nghiep-dai-hoc?page=87.html
2025-10-30 14:41:29,623 [INFO] Saved Markdown [daa/quydinh_huongdan/huong-dan-tra-cuu-van-bang]: daa.uit.edu.vn_thongbao_huong-dan-tra-cuu-va-xac-minh-van-bang-tot-nghiep-dai-hoc?page=87.md
2025-10-30 14:41:29,645 [INFO] Saved HTML [daa/quydinh_huongdan/huong-dan-tra-cuu-van-bang]: daa.uit.edu.vn_thongbao_huong-dan-tra-cuu-va-xac-minh-van-bang-tot-nghiep-dai-hoc?page=88.html
2025-10-30 14:41:29,651 [INFO] Saved Markdown [daa/quydinh_huongdan/huong-dan-tra-cuu-van-bang]: daa.uit.edu.vn_thongbao_huong-dan-tra-cuu-va-xac-minh-van-bang-tot-nghiep-dai-hoc?page=88.md
2025-10-30 14:41:29,673 [INFO] Saved HTML [daa/quydinh_huongdan/huong-dan-tra-cuu-van-bang]: daa.uit.edu.vn_thongbao_huong-dan-tra-cuu-va-xac-minh-van-bang-tot-nghiep-dai-hoc?page=89.html
2025-10-30 14:41:29,678 [INFO] Saved Markdown [daa/quydinh_huongdan/huong-dan-tra-cuu-van-bang]: daa.uit.edu.vn_thongbao_huong-dan-tra-cuu-va-xac-minh-van-bang-tot-nghiep-dai-hoc?page=89.md
2025-10-30 14:41:29,684 [INFO] Detected numbered document: 01-dia-chi-tra-cuu-httpswwwuiteduvntra-cuuvan-banghttpswwwuiteduvntra-cuuvan-bang in huong-dan-sinh-vien
2025-10-30 14:41:29,693 [INFO] Saved HTML [daa/quydinh_huongdan/huong-dan-sinh-vien/01-dia-chi-tra-cuu-httpswwwuiteduvntra-cuuvan-banghttpswwwuiteduvntra-cuuvan-bang]: daa.uit.edu.vn_thongbao_huong-dan-tra-cuu-va-xac-minh-van-bang-tot-nghiep-dai-hoc?page=90.html
2025-10-30 14:41:29,698 [INFO] Saved Markdown [daa/quydinh_huongdan/huong-dan-sinh-vien/01-dia-chi-tra-cuu-httpswwwuiteduvntra-cuuvan-banghttpswwwuiteduvntra-cuuvan-bang]: daa.uit.edu.vn_thongbao_huong-dan-tra-cuu-va-xac-minh-van-bang-tot-nghiep-dai-hoc?page=90.md
2025-10-30 14:41:29,708 [INFO] Detected numbered document: 01-dia-chi-tra-cuu-httpswwwuiteduvntra-cuuvan-banghttpswwwuiteduvntra-cuuvan-bang in huong-dan-sinh-vien
2025-10-30 14:41:29,718 [INFO] Saved HTML [daa/quydinh_huongdan/huong-dan-sinh-vien/01-dia-chi-tra-cuu-httpswwwuiteduvntra-cuuvan-banghttpswwwuiteduvntra-cuuvan-bang]: daa.uit.edu.vn_thongbao_huong-dan-tra-cuu-va-xac-minh-van-bang-tot-nghiep-dai-hoc?page=3767.html
2025-10-30 14:41:29,723 [INFO] Saved Markdown [daa/quydinh_huongdan/huong-dan-sinh-vien/01-dia-chi-tra-cuu-httpswwwuiteduvntra-cuuvan-banghttpswwwuiteduvntra-cuuvan-bang]: daa.uit.edu.vn_thongbao_huong-dan-tra-cuu-va-xac-minh-van-bang-tot-nghiep-dai-hoc?page=3767.md
2025-10-30 14:41:29,736 [INFO] Detected numbered document: 01-dia-chi-tra-cuu-httpswwwuiteduvntra-cuuvan-banghttpswwwuiteduvntra-cuuvan-bang in huong-dan-sinh-vien
2025-10-30 14:41:29,747 [INFO] Saved HTML [daa/quydinh_huongdan/huong-dan-sinh-vien/01-dia-chi-tra-cuu-httpswwwuiteduvntra-cuuvan-banghttpswwwuiteduvntra-cuuvan-bang]: daa.uit.edu.vn_thongbao_huong-dan-tra-cuu-va-xac-minh-van-bang-tot-nghiep-dai-hoc?page=3766.html
2025-10-30 14:41:29,752 [INFO] Saved Markdown [daa/quydinh_huongdan/huong-dan-sinh-vien/01-dia-chi-tra-cuu-httpswwwuiteduvntra-cuuvan-banghttpswwwuiteduvntra-cuuvan-bang]: daa.uit.edu.vn_thongbao_huong-dan-tra-cuu-va-xac-minh-van-bang-tot-nghiep-dai-hoc?page=3766.md
2025-10-30 14:41:29,764 [INFO] Detected numbered document: 01-dia-chi-tra-cuu-httpswwwuiteduvntra-cuuvan-banghttpswwwuiteduvntra-cuuvan-bang in huong-dan-sinh-vien
2025-10-30 14:41:29,772 [INFO] Saved HTML [daa/quydinh_huongdan/huong-dan-sinh-vien/01-dia-chi-tra-cuu-httpswwwuiteduvntra-cuuvan-banghttpswwwuiteduvntra-cuuvan-bang]: daa.uit.edu.vn_thongbao_huong-dan-tra-cuu-va-xac-minh-van-bang-tot-nghiep-dai-hoc?page=3765.html
2025-10-30 14:41:29,779 [INFO] Saved Markdown [daa/quydinh_huongdan/huong-dan-sinh-vien/01-dia-chi-tra-cuu-httpswwwuiteduvntra-cuuvan-banghttpswwwuiteduvntra-cuuvan-bang]: daa.uit.edu.vn_thongbao_huong-dan-tra-cuu-va-xac-minh-van-bang-tot-nghiep-dai-hoc?page=3765.md
2025-10-30 14:41:29,790 [INFO] Detected numbered document: 01-dia-chi-tra-cuu-httpswwwuiteduvntra-cuuvan-banghttpswwwuiteduvntra-cuuvan-bang in huong-dan-sinh-vien
2025-10-30 14:41:29,801 [INFO] Saved HTML [daa/quydinh_huongdan/huong-dan-sinh-vien/01-dia-chi-tra-cuu-httpswwwuiteduvntra-cuuvan-banghttpswwwuiteduvntra-cuuvan-bang]: daa.uit.edu.vn_thongbao_huong-dan-tra-cuu-va-xac-minh-van-bang-tot-nghiep-dai-hoc?page=91.html
2025-10-30 14:41:29,807 [INFO] Saved Markdown [daa/quydinh_huongdan/huong-dan-sinh-vien/01-dia-chi-tra-cuu-httpswwwuiteduvntra-cuuvan-banghttpswwwuiteduvntra-cuuvan-bang]: daa.uit.edu.vn_thongbao_huong-dan-tra-cuu-va-xac-minh-van-bang-tot-nghiep-dai-hoc?page=91.md
2025-10-30 14:41:29,818 [INFO] Detected numbered document: 01-dia-chi-tra-cuu-httpswwwuiteduvntra-cuuvan-banghttpswwwuiteduvntra-cuuvan-bang in huong-dan-sinh-vien
2025-10-30 14:41:29,827 [INFO] Saved HTML [daa/quydinh_huongdan/huong-dan-sinh-vien/01-dia-chi-tra-cuu-httpswwwuiteduvntra-cuuvan-banghttpswwwuiteduvntra-cuuvan-bang]: daa.uit.edu.vn_thongbao_huong-dan-tra-cuu-va-xac-minh-van-bang-tot-nghiep-dai-hoc?page=92.html
2025-10-30 14:41:29,834 [INFO] Saved Markdown [daa/quydinh_huongdan/huong-dan-sinh-vien/01-dia-chi-tra-cuu-httpswwwuiteduvntra-cuuvan-banghttpswwwuiteduvntra-cuuvan-bang]: daa.uit.edu.vn_thongbao_huong-dan-tra-cuu-va-xac-minh-van-bang-tot-nghiep-dai-hoc?page=92.md
2025-10-30 14:41:29,845 [INFO] Detected numbered document: 01-dia-chi-tra-cuu-httpswwwuiteduvntra-cuuvan-banghttpswwwuiteduvntra-cuuvan-bang in huong-dan-sinh-vien
2025-10-30 14:41:29,856 [INFO] Saved HTML [daa/quydinh_huongdan/huong-dan-sinh-vien/01-dia-chi-tra-cuu-httpswwwuiteduvntra-cuuvan-banghttpswwwuiteduvntra-cuuvan-bang]: daa.uit.edu.vn_thongbao_huong-dan-tra-cuu-va-xac-minh-van-bang-tot-nghiep-dai-hoc?page=93.html
2025-10-30 14:41:29,860 [INFO] Saved Markdown [daa/quydinh_huongdan/huong-dan-sinh-vien/01-dia-chi-tra-cuu-httpswwwuiteduvntra-cuuvan-banghttpswwwuiteduvntra-cuuvan-bang]: daa.uit.edu.vn_thongbao_huong-dan-tra-cuu-va-xac-minh-van-bang-tot-nghiep-dai-hoc?page=93.md
2025-10-30 14:41:29,871 [INFO] Detected numbered document: 01-dia-chi-tra-cuu-httpswwwuiteduvntra-cuuvan-banghttpswwwuiteduvntra-cuuvan-bang in huong-dan-sinh-vien
2025-10-30 14:41:29,878 [INFO] Saved HTML [daa/quydinh_huongdan/huong-dan-sinh-vien/01-dia-chi-tra-cuu-httpswwwuiteduvntra-cuuvan-banghttpswwwuiteduvntra-cuuvan-bang]: daa.uit.edu.vn_thongbao_huong-dan-tra-cuu-va-xac-minh-van-bang-tot-nghiep-dai-hoc?page=94.html
2025-10-30 14:41:29,883 [INFO] Saved Markdown [daa/quydinh_huongdan/huong-dan-sinh-vien/01-dia-chi-tra-cuu-httpswwwuiteduvntra-cuuvan-banghttpswwwuiteduvntra-cuuvan-bang]: daa.uit.edu.vn_thongbao_huong-dan-tra-cuu-va-xac-minh-van-bang-tot-nghiep-dai-hoc?page=94.md
2025-10-30 14:41:29,895 [INFO] Detected numbered document: 01-dia-chi-tra-cuu-httpswwwuiteduvntra-cuuvan-banghttpswwwuiteduvntra-cuuvan-bang in huong-dan-sinh-vien
2025-10-30 14:41:29,904 [INFO] Saved HTML [daa/quydinh_huongdan/huong-dan-sinh-vien/01-dia-chi-tra-cuu-httpswwwuiteduvntra-cuuvan-banghttpswwwuiteduvntra-cuuvan-bang]: daa.uit.edu.vn_thongbao_huong-dan-tra-cuu-va-xac-minh-van-bang-tot-nghiep-dai-hoc?page=3763.html
2025-10-30 14:41:29,909 [INFO] Saved Markdown [daa/quydinh_huongdan/huong-dan-sinh-vien/01-dia-chi-tra-cuu-httpswwwuiteduvntra-cuuvan-banghttpswwwuiteduvntra-cuuvan-bang]: daa.uit.edu.vn_thongbao_huong-dan-tra-cuu-va-xac-minh-van-bang-tot-nghiep-dai-hoc?page=3763.md
2025-10-30 14:41:29,921 [INFO] Detected numbered document: 01-dia-chi-tra-cuu-httpswwwuiteduvntra-cuuvan-banghttpswwwuiteduvntra-cuuvan-bang in huong-dan-sinh-vien
2025-10-30 14:41:29,930 [INFO] Saved HTML [daa/quydinh_huongdan/huong-dan-sinh-vien/01-dia-chi-tra-cuu-httpswwwuiteduvntra-cuuvan-banghttpswwwuiteduvntra-cuuvan-bang]: daa.uit.edu.vn_thongbao_huong-dan-tra-cuu-va-xac-minh-van-bang-tot-nghiep-dai-hoc?page=3764.html
2025-10-30 14:41:29,936 [INFO] Saved Markdown [daa/quydinh_huongdan/huong-dan-sinh-vien/01-dia-chi-tra-cuu-httpswwwuiteduvntra-cuuvan-banghttpswwwuiteduvntra-cuuvan-bang]: daa.uit.edu.vn_thongbao_huong-dan-tra-cuu-va-xac-minh-van-bang-tot-nghiep-dai-hoc?page=3764.md
2025-10-30 14:41:29,946 [INFO] Detected numbered document: 01-dia-chi-tra-cuu-httpswwwuiteduvntra-cuuvan-banghttpswwwuiteduvntra-cuuvan-bang in huong-dan-sinh-vien
2025-10-30 14:41:29,955 [INFO] Saved HTML [daa/quydinh_huongdan/huong-dan-sinh-vien/01-dia-chi-tra-cuu-httpswwwuiteduvntra-cuuvan-banghttpswwwuiteduvntra-cuuvan-bang]: daa.uit.edu.vn_thongbao_huong-dan-tra-cuu-va-xac-minh-van-bang-tot-nghiep-dai-hoc?page=3762.html
2025-10-30 14:41:29,962 [INFO] Saved Markdown [daa/quydinh_huongdan/huong-dan-sinh-vien/01-dia-chi-tra-cuu-httpswwwuiteduvntra-cuuvan-banghttpswwwuiteduvntra-cuuvan-bang]: daa.uit.edu.vn_thongbao_huong-dan-tra-cuu-va-xac-minh-van-bang-tot-nghiep-dai-hoc?page=3762.md
2025-10-30 14:41:29,972 [INFO] Detected numbered document: 01-dia-chi-tra-cuu-httpswwwuiteduvntra-cuuvan-banghttpswwwuiteduvntra-cuuvan-bang in huong-dan-sinh-vien
2025-10-30 14:41:29,984 [INFO] Saved HTML [daa/quydinh_huongdan/huong-dan-sinh-vien/01-dia-chi-tra-cuu-httpswwwuiteduvntra-cuuvan-banghttpswwwuiteduvntra-cuuvan-bang]: daa.uit.edu.vn_thongbao_huong-dan-tra-cuu-va-xac-minh-van-bang-tot-nghiep-dai-hoc?page=3761.html
2025-10-30 14:41:29,991 [INFO] Saved Markdown [daa/quydinh_huongdan/huong-dan-sinh-vien/01-dia-chi-tra-cuu-httpswwwuiteduvntra-cuuvan-banghttpswwwuiteduvntra-cuuvan-bang]: daa.uit.edu.vn_thongbao_huong-dan-tra-cuu-va-xac-minh-van-bang-tot-nghiep-dai-hoc?page=3761.md
2025-10-30 14:41:30,023 [INFO] Saved HTML [daa/quydinh_huongdan/huong-dan-tra-cuu-van-bang]: daa.uit.edu.vn_thongbao_huong-dan-tra-cuu-va-xac-minh-van-bang-tot-nghiep-dai-hoc?page=95.html
2025-10-30 14:41:30,029 [INFO] Saved Markdown [daa/quydinh_huongdan/huong-dan-tra-cuu-van-bang]: daa.uit.edu.vn_thongbao_huong-dan-tra-cuu-va-xac-minh-van-bang-tot-nghiep-dai-hoc?page=95.md
2025-10-30 14:41:30,034 [INFO] Detected numbered document: 01-dia-chi-tra-cuu-httpswwwuiteduvntra-cuuvan-banghttpswwwuiteduvntra-cuuvan-bang in huong-dan-sinh-vien
2025-10-30 14:41:30,045 [INFO] Saved HTML [daa/quydinh_huongdan/huong-dan-sinh-vien/01-dia-chi-tra-cuu-httpswwwuiteduvntra-cuuvan-banghttpswwwuiteduvntra-cuuvan-bang]: daa.uit.edu.vn_thongbao_huong-dan-tra-cuu-va-xac-minh-van-bang-tot-nghiep-dai-hoc?page=97.html
2025-10-30 14:41:30,053 [INFO] Saved Markdown [daa/quydinh_huongdan/huong-dan-sinh-vien/01-dia-chi-tra-cuu-httpswwwuiteduvntra-cuuvan-banghttpswwwuiteduvntra-cuuvan-bang]: daa.uit.edu.vn_thongbao_huong-dan-tra-cuu-va-xac-minh-van-bang-tot-nghiep-dai-hoc?page=97.md
2025-10-30 14:41:30,063 [INFO] Detected numbered document: 01-dia-chi-tra-cuu-httpswwwuiteduvntra-cuuvan-banghttpswwwuiteduvntra-cuuvan-bang in huong-dan-sinh-vien
2025-10-30 14:41:30,076 [INFO] Saved HTML [daa/quydinh_huongdan/huong-dan-sinh-vien/01-dia-chi-tra-cuu-httpswwwuiteduvntra-cuuvan-banghttpswwwuiteduvntra-cuuvan-bang]: daa.uit.edu.vn_thongbao_huong-dan-tra-cuu-va-xac-minh-van-bang-tot-nghiep-dai-hoc?page=96.html
2025-10-30 14:41:30,085 [INFO] Saved Markdown [daa/quydinh_huongdan/huong-dan-sinh-vien/01-dia-chi-tra-cuu-httpswwwuiteduvntra-cuuvan-banghttpswwwuiteduvntra-cuuvan-bang]: daa.uit.edu.vn_thongbao_huong-dan-tra-cuu-va-xac-minh-van-bang-tot-nghiep-dai-hoc?page=96.md
2025-10-30 14:41:30,092 [INFO] Detected numbered document: 01-dia-chi-tra-cuu-httpswwwuiteduvntra-cuuvan-banghttpswwwuiteduvntra-cuuvan-bang in huong-dan-sinh-vien
2025-10-30 14:41:30,104 [INFO] Saved HTML [daa/quydinh_huongdan/huong-dan-sinh-vien/01-dia-chi-tra-cuu-httpswwwuiteduvntra-cuuvan-banghttpswwwuiteduvntra-cuuvan-bang]: daa.uit.edu.vn_thongbao_huong-dan-tra-cuu-va-xac-minh-van-bang-tot-nghiep-dai-hoc?page=98.html
2025-10-30 14:41:30,111 [INFO] Saved Markdown [daa/quydinh_huongdan/huong-dan-sinh-vien/01-dia-chi-tra-cuu-httpswwwuiteduvntra-cuuvan-banghttpswwwuiteduvntra-cuuvan-bang]: daa.uit.edu.vn_thongbao_huong-dan-tra-cuu-va-xac-minh-van-bang-tot-nghiep-dai-hoc?page=98.md
2025-10-30 14:41:30,121 [INFO] Detected numbered document: 01-dia-chi-tra-cuu-httpswwwuiteduvntra-cuuvan-banghttpswwwuiteduvntra-cuuvan-bang in huong-dan-sinh-vien
2025-10-30 14:41:30,136 [INFO] Saved HTML [daa/quydinh_huongdan/huong-dan-sinh-vien/01-dia-chi-tra-cuu-httpswwwuiteduvntra-cuuvan-banghttpswwwuiteduvntra-cuuvan-bang]: daa.uit.edu.vn_thongbao_huong-dan-tra-cuu-va-xac-minh-van-bang-tot-nghiep-dai-hoc?page=3759.html
2025-10-30 14:41:30,145 [INFO] Saved Markdown [daa/quydinh_huongdan/huong-dan-sinh-vien/01-dia-chi-tra-cuu-httpswwwuiteduvntra-cuuvan-banghttpswwwuiteduvntra-cuuvan-bang]: daa.uit.edu.vn_thongbao_huong-dan-tra-cuu-va-xac-minh-van-bang-tot-nghiep-dai-hoc?page=3759.md
2025-10-30 14:41:30,154 [INFO] Detected numbered document: 01-dia-chi-tra-cuu-httpswwwuiteduvntra-cuuvan-banghttpswwwuiteduvntra-cuuvan-bang in huong-dan-sinh-vien
2025-10-30 14:41:30,169 [INFO] Saved HTML [daa/quydinh_huongdan/huong-dan-sinh-vien/01-dia-chi-tra-cuu-httpswwwuiteduvntra-cuuvan-banghttpswwwuiteduvntra-cuuvan-bang]: daa.uit.edu.vn_thongbao_huong-dan-tra-cuu-va-xac-minh-van-bang-tot-nghiep-dai-hoc?page=3760.html
2025-10-30 14:41:30,177 [INFO] Saved Markdown [daa/quydinh_huongdan/huong-dan-sinh-vien/01-dia-chi-tra-cuu-httpswwwuiteduvntra-cuuvan-banghttpswwwuiteduvntra-cuuvan-bang]: daa.uit.edu.vn_thongbao_huong-dan-tra-cuu-va-xac-minh-van-bang-tot-nghiep-dai-hoc?page=3760.md
2025-10-30 14:41:30,185 [INFO] Detected numbered document: 01-dia-chi-tra-cuu-httpswwwuiteduvntra-cuuvan-banghttpswwwuiteduvntra-cuuvan-bang in huong-dan-sinh-vien
2025-10-30 14:41:30,195 [INFO] Saved HTML [daa/quydinh_huongdan/huong-dan-sinh-vien/01-dia-chi-tra-cuu-httpswwwuiteduvntra-cuuvan-banghttpswwwuiteduvntra-cuuvan-bang]: daa.uit.edu.vn_thongbao_huong-dan-tra-cuu-va-xac-minh-van-bang-tot-nghiep-dai-hoc?page=3757.html
2025-10-30 14:41:30,201 [INFO] Saved Markdown [daa/quydinh_huongdan/huong-dan-sinh-vien/01-dia-chi-tra-cuu-httpswwwuiteduvntra-cuuvan-banghttpswwwuiteduvntra-cuuvan-bang]: daa.uit.edu.vn_thongbao_huong-dan-tra-cuu-va-xac-minh-van-bang-tot-nghiep-dai-hoc?page=3757.md
2025-10-30 14:41:30,209 [INFO] Detected numbered document: 01-dia-chi-tra-cuu-httpswwwuiteduvntra-cuuvan-banghttpswwwuiteduvntra-cuuvan-bang in huong-dan-sinh-vien
2025-10-30 14:41:30,222 [INFO] Saved HTML [daa/quydinh_huongdan/huong-dan-sinh-vien/01-dia-chi-tra-cuu-httpswwwuiteduvntra-cuuvan-banghttpswwwuiteduvntra-cuuvan-bang]: daa.uit.edu.vn_thongbao_huong-dan-tra-cuu-va-xac-minh-van-bang-tot-nghiep-dai-hoc?page=100.html
2025-10-30 14:41:30,227 [INFO] Saved Markdown [daa/quydinh_huongdan/huong-dan-sinh-vien/01-dia-chi-tra-cuu-httpswwwuiteduvntra-cuuvan-banghttpswwwuiteduvntra-cuuvan-bang]: daa.uit.edu.vn_thongbao_huong-dan-tra-cuu-va-xac-minh-van-bang-tot-nghiep-dai-hoc?page=100.md
2025-10-30 14:41:30,234 [INFO] Detected numbered document: 01-dia-chi-tra-cuu-httpswwwuiteduvntra-cuuvan-banghttpswwwuiteduvntra-cuuvan-bang in huong-dan-sinh-vien
2025-10-30 14:41:30,245 [INFO] Saved HTML [daa/quydinh_huongdan/huong-dan-sinh-vien/01-dia-chi-tra-cuu-httpswwwuiteduvntra-cuuvan-banghttpswwwuiteduvntra-cuuvan-bang]: daa.uit.edu.vn_thongbao_huong-dan-tra-cuu-va-xac-minh-van-bang-tot-nghiep-dai-hoc?page=3758.html
2025-10-30 14:41:30,254 [INFO] Saved Markdown [daa/quydinh_huongdan/huong-dan-sinh-vien/01-dia-chi-tra-cuu-httpswwwuiteduvntra-cuuvan-banghttpswwwuiteduvntra-cuuvan-bang]: daa.uit.edu.vn_thongbao_huong-dan-tra-cuu-va-xac-minh-van-bang-tot-nghiep-dai-hoc?page=3758.md
2025-10-30 14:41:30,261 [INFO] Detected numbered document: 01-dia-chi-tra-cuu-httpswwwuiteduvntra-cuuvan-banghttpswwwuiteduvntra-cuuvan-bang in huong-dan-sinh-vien
2025-10-30 14:41:30,275 [INFO] Saved HTML [daa/quydinh_huongdan/huong-dan-sinh-vien/01-dia-chi-tra-cuu-httpswwwuiteduvntra-cuuvan-banghttpswwwuiteduvntra-cuuvan-bang]: daa.uit.edu.vn_thongbao_huong-dan-tra-cuu-va-xac-minh-van-bang-tot-nghiep-dai-hoc?page=99.html
2025-10-30 14:41:30,284 [INFO] Saved Markdown [daa/quydinh_huongdan/huong-dan-sinh-vien/01-dia-chi-tra-cuu-httpswwwuiteduvntra-cuuvan-banghttpswwwuiteduvntra-cuuvan-bang]: daa.uit.edu.vn_thongbao_huong-dan-tra-cuu-va-xac-minh-van-bang-tot-nghiep-dai-hoc?page=99.md
2025-10-30 14:41:30,289 [INFO] Detected numbered document: 01-dia-chi-tra-cuu-httpswwwuiteduvntra-cuuvan-banghttpswwwuiteduvntra-cuuvan-bang in huong-dan-sinh-vien
2025-10-30 14:41:30,304 [INFO] Saved HTML [daa/quydinh_huongdan/huong-dan-sinh-vien/01-dia-chi-tra-cuu-httpswwwuiteduvntra-cuuvan-banghttpswwwuiteduvntra-cuuvan-bang]: daa.uit.edu.vn_thongbao_huong-dan-tra-cuu-va-xac-minh-van-bang-tot-nghiep-dai-hoc?page=101.html
2025-10-30 14:41:30,311 [INFO] Saved Markdown [daa/quydinh_huongdan/huong-dan-sinh-vien/01-dia-chi-tra-cuu-httpswwwuiteduvntra-cuuvan-banghttpswwwuiteduvntra-cuuvan-bang]: daa.uit.edu.vn_thongbao_huong-dan-tra-cuu-va-xac-minh-van-bang-tot-nghiep-dai-hoc?page=101.md
2025-10-30 14:41:30,319 [INFO] Detected numbered document: 01-dia-chi-tra-cuu-httpswwwuiteduvntra-cuuvan-banghttpswwwuiteduvntra-cuuvan-bang in huong-dan-sinh-vien
2025-10-30 14:41:30,331 [INFO] Saved HTML [daa/quydinh_huongdan/huong-dan-sinh-vien/01-dia-chi-tra-cuu-httpswwwuiteduvntra-cuuvan-banghttpswwwuiteduvntra-cuuvan-bang]: daa.uit.edu.vn_thongbao_huong-dan-tra-cuu-va-xac-minh-van-bang-tot-nghiep-dai-hoc?page=102.html
2025-10-30 14:41:30,338 [INFO] Saved Markdown [daa/quydinh_huongdan/huong-dan-sinh-vien/01-dia-chi-tra-cuu-httpswwwuiteduvntra-cuuvan-banghttpswwwuiteduvntra-cuuvan-bang]: daa.uit.edu.vn_thongbao_huong-dan-tra-cuu-va-xac-minh-van-bang-tot-nghiep-dai-hoc?page=102.md
2025-10-30 14:41:30,348 [INFO] Detected numbered document: 01-dia-chi-tra-cuu-httpswwwuiteduvntra-cuuvan-banghttpswwwuiteduvntra-cuuvan-bang in huong-dan-sinh-vien
2025-10-30 14:41:30,359 [INFO] Saved HTML [daa/quydinh_huongdan/huong-dan-sinh-vien/01-dia-chi-tra-cuu-httpswwwuiteduvntra-cuuvan-banghttpswwwuiteduvntra-cuuvan-bang]: daa.uit.edu.vn_thongbao_huong-dan-tra-cuu-va-xac-minh-van-bang-tot-nghiep-dai-hoc?page=3755.html
2025-10-30 14:41:30,365 [INFO] Saved Markdown [daa/quydinh_huongdan/huong-dan-sinh-vien/01-dia-chi-tra-cuu-httpswwwuiteduvntra-cuuvan-banghttpswwwuiteduvntra-cuuvan-bang]: daa.uit.edu.vn_thongbao_huong-dan-tra-cuu-va-xac-minh-van-bang-tot-nghiep-dai-hoc?page=3755.md
2025-10-30 14:41:30,374 [INFO] Detected numbered document: 01-dia-chi-tra-cuu-httpswwwuiteduvntra-cuuvan-banghttpswwwuiteduvntra-cuuvan-bang in huong-dan-sinh-vien
2025-10-30 14:41:30,384 [INFO] Saved HTML [daa/quydinh_huongdan/huong-dan-sinh-vien/01-dia-chi-tra-cuu-httpswwwuiteduvntra-cuuvan-banghttpswwwuiteduvntra-cuuvan-bang]: daa.uit.edu.vn_thongbao_huong-dan-tra-cuu-va-xac-minh-van-bang-tot-nghiep-dai-hoc?page=3753.html
2025-10-30 14:41:30,391 [INFO] Saved Markdown [daa/quydinh_huongdan/huong-dan-sinh-vien/01-dia-chi-tra-cuu-httpswwwuiteduvntra-cuuvan-banghttpswwwuiteduvntra-cuuvan-bang]: daa.uit.edu.vn_thongbao_huong-dan-tra-cuu-va-xac-minh-van-bang-tot-nghiep-dai-hoc?page=3753.md
2025-10-30 14:41:30,400 [INFO] Detected numbered document: 01-dia-chi-tra-cuu-httpswwwuiteduvntra-cuuvan-banghttpswwwuiteduvntra-cuuvan-bang in huong-dan-sinh-vien
2025-10-30 14:41:30,411 [INFO] Saved HTML [daa/quydinh_huongdan/huong-dan-sinh-vien/01-dia-chi-tra-cuu-httpswwwuiteduvntra-cuuvan-banghttpswwwuiteduvntra-cuuvan-bang]: daa.uit.edu.vn_thongbao_huong-dan-tra-cuu-va-xac-minh-van-bang-tot-nghiep-dai-hoc?page=3756.html
2025-10-30 14:41:30,416 [INFO] Saved Markdown [daa/quydinh_huongdan/huong-dan-sinh-vien/01-dia-chi-tra-cuu-httpswwwuiteduvntra-cuuvan-banghttpswwwuiteduvntra-cuuvan-bang]: daa.uit.edu.vn_thongbao_huong-dan-tra-cuu-va-xac-minh-van-bang-tot-nghiep-dai-hoc?page=3756.md
2025-10-30 14:41:30,430 [INFO] Detected numbered document: 01-dia-chi-tra-cuu-httpswwwuiteduvntra-cuuvan-banghttpswwwuiteduvntra-cuuvan-bang in huong-dan-sinh-vien
2025-10-30 14:41:30,439 [INFO] Saved HTML [daa/quydinh_huongdan/huong-dan-sinh-vien/01-dia-chi-tra-cuu-httpswwwuiteduvntra-cuuvan-banghttpswwwuiteduvntra-cuuvan-bang]: daa.uit.edu.vn_thongbao_huong-dan-tra-cuu-va-xac-minh-van-bang-tot-nghiep-dai-hoc?page=3754.html
2025-10-30 14:41:30,447 [INFO] Saved Markdown [daa/quydinh_huongdan/huong-dan-sinh-vien/01-dia-chi-tra-cuu-httpswwwuiteduvntra-cuuvan-banghttpswwwuiteduvntra-cuuvan-bang]: daa.uit.edu.vn_thongbao_huong-dan-tra-cuu-va-xac-minh-van-bang-tot-nghiep-dai-hoc?page=3754.md
2025-10-30 14:41:30,458 [INFO] Detected numbered document: 01-dia-chi-tra-cuu-httpswwwuiteduvntra-cuuvan-banghttpswwwuiteduvntra-cuuvan-bang in huong-dan-sinh-vien
2025-10-30 14:41:30,470 [INFO] Saved HTML [daa/quydinh_huongdan/huong-dan-sinh-vien/01-dia-chi-tra-cuu-httpswwwuiteduvntra-cuuvan-banghttpswwwuiteduvntra-cuuvan-bang]: daa.uit.edu.vn_thongbao_huong-dan-tra-cuu-va-xac-minh-van-bang-tot-nghiep-dai-hoc?page=104.html
2025-10-30 14:41:30,479 [INFO] Saved Markdown [daa/quydinh_huongdan/huong-dan-sinh-vien/01-dia-chi-tra-cuu-httpswwwuiteduvntra-cuuvan-banghttpswwwuiteduvntra-cuuvan-bang]: daa.uit.edu.vn_thongbao_huong-dan-tra-cuu-va-xac-minh-van-bang-tot-nghiep-dai-hoc?page=104.md
2025-10-30 14:41:30,487 [INFO] Detected numbered document: 01-dia-chi-tra-cuu-httpswwwuiteduvntra-cuuvan-banghttpswwwuiteduvntra-cuuvan-bang in huong-dan-sinh-vien
2025-10-30 14:41:30,497 [INFO] Saved HTML [daa/quydinh_huongdan/huong-dan-sinh-vien/01-dia-chi-tra-cuu-httpswwwuiteduvntra-cuuvan-banghttpswwwuiteduvntra-cuuvan-bang]: daa.uit.edu.vn_thongbao_huong-dan-tra-cuu-va-xac-minh-van-bang-tot-nghiep-dai-hoc?page=103.html
2025-10-30 14:41:30,504 [INFO] Saved Markdown [daa/quydinh_huongdan/huong-dan-sinh-vien/01-dia-chi-tra-cuu-httpswwwuiteduvntra-cuuvan-banghttpswwwuiteduvntra-cuuvan-bang]: daa.uit.edu.vn_thongbao_huong-dan-tra-cuu-va-xac-minh-van-bang-tot-nghiep-dai-hoc?page=103.md
2025-10-30 14:41:30,513 [INFO] Detected numbered document: 01-dia-chi-tra-cuu-httpswwwuiteduvntra-cuuvan-banghttpswwwuiteduvntra-cuuvan-bang in huong-dan-sinh-vien
2025-10-30 14:41:30,523 [INFO] Saved HTML [daa/quydinh_huongdan/huong-dan-sinh-vien/01-dia-chi-tra-cuu-httpswwwuiteduvntra-cuuvan-banghttpswwwuiteduvntra-cuuvan-bang]: daa.uit.edu.vn_thongbao_huong-dan-tra-cuu-va-xac-minh-van-bang-tot-nghiep-dai-hoc?page=105.html
2025-10-30 14:41:30,528 [INFO] Saved Markdown [daa/quydinh_huongdan/huong-dan-sinh-vien/01-dia-chi-tra-cuu-httpswwwuiteduvntra-cuuvan-banghttpswwwuiteduvntra-cuuvan-bang]: daa.uit.edu.vn_thongbao_huong-dan-tra-cuu-va-xac-minh-van-bang-tot-nghiep-dai-hoc?page=105.md
2025-10-30 14:41:30,536 [INFO] Detected numbered document: 01-dia-chi-tra-cuu-httpswwwuiteduvntra-cuuvan-banghttpswwwuiteduvntra-cuuvan-bang in huong-dan-sinh-vien
2025-10-30 14:41:30,548 [INFO] Saved HTML [daa/quydinh_huongdan/huong-dan-sinh-vien/01-dia-chi-tra-cuu-httpswwwuiteduvntra-cuuvan-banghttpswwwuiteduvntra-cuuvan-bang]: daa.uit.edu.vn_thongbao_huong-dan-tra-cuu-va-xac-minh-van-bang-tot-nghiep-dai-hoc?page=106.html
2025-10-30 14:41:30,555 [INFO] Saved Markdown [daa/quydinh_huongdan/huong-dan-sinh-vien/01-dia-chi-tra-cuu-httpswwwuiteduvntra-cuuvan-banghttpswwwuiteduvntra-cuuvan-bang]: daa.uit.edu.vn_thongbao_huong-dan-tra-cuu-va-xac-minh-van-bang-tot-nghiep-dai-hoc?page=106.md
2025-10-30 14:41:30,565 [INFO] Detected numbered document: 01-dia-chi-tra-cuu-httpswwwuiteduvntra-cuuvan-banghttpswwwuiteduvntra-cuuvan-bang in huong-dan-sinh-vien
2025-10-30 14:41:30,574 [INFO] Saved HTML [daa/quydinh_huongdan/huong-dan-sinh-vien/01-dia-chi-tra-cuu-httpswwwuiteduvntra-cuuvan-banghttpswwwuiteduvntra-cuuvan-bang]: daa.uit.edu.vn_thongbao_huong-dan-tra-cuu-va-xac-minh-van-bang-tot-nghiep-dai-hoc?page=3751.html
2025-10-30 14:41:30,582 [INFO] Saved Markdown [daa/quydinh_huongdan/huong-dan-sinh-vien/01-dia-chi-tra-cuu-httpswwwuiteduvntra-cuuvan-banghttpswwwuiteduvntra-cuuvan-bang]: daa.uit.edu.vn_thongbao_huong-dan-tra-cuu-va-xac-minh-van-bang-tot-nghiep-dai-hoc?page=3751.md
2025-10-30 14:41:30,594 [INFO] Detected numbered document: 01-dia-chi-tra-cuu-httpswwwuiteduvntra-cuuvan-banghttpswwwuiteduvntra-cuuvan-bang in huong-dan-sinh-vien
2025-10-30 14:41:30,605 [INFO] Saved HTML [daa/quydinh_huongdan/huong-dan-sinh-vien/01-dia-chi-tra-cuu-httpswwwuiteduvntra-cuuvan-banghttpswwwuiteduvntra-cuuvan-bang]: daa.uit.edu.vn_thongbao_huong-dan-tra-cuu-va-xac-minh-van-bang-tot-nghiep-dai-hoc?page=3749.html
2025-10-30 14:41:30,613 [INFO] Saved Markdown [daa/quydinh_huongdan/huong-dan-sinh-vien/01-dia-chi-tra-cuu-httpswwwuiteduvntra-cuuvan-banghttpswwwuiteduvntra-cuuvan-bang]: daa.uit.edu.vn_thongbao_huong-dan-tra-cuu-va-xac-minh-van-bang-tot-nghiep-dai-hoc?page=3749.md
2025-10-30 14:41:30,623 [INFO] Detected numbered document: 01-dia-chi-tra-cuu-httpswwwuiteduvntra-cuuvan-banghttpswwwuiteduvntra-cuuvan-bang in huong-dan-sinh-vien
2025-10-30 14:41:30,645 [INFO] Saved HTML [daa/quydinh_huongdan/huong-dan-sinh-vien/01-dia-chi-tra-cuu-httpswwwuiteduvntra-cuuvan-banghttpswwwuiteduvntra-cuuvan-bang]: daa.uit.edu.vn_thongbao_huong-dan-tra-cuu-va-xac-minh-van-bang-tot-nghiep-dai-hoc?page=3752.html
2025-10-30 14:41:30,652 [INFO] Saved Markdown [daa/quydinh_huongdan/huong-dan-sinh-vien/01-dia-chi-tra-cuu-httpswwwuiteduvntra-cuuvan-banghttpswwwuiteduvntra-cuuvan-bang]: daa.uit.edu.vn_thongbao_huong-dan-tra-cuu-va-xac-minh-van-bang-tot-nghiep-dai-hoc?page=3752.md
2025-10-30 14:41:30,657 [INFO] Detected numbered document: 01-dia-chi-tra-cuu-httpswwwuiteduvntra-cuuvan-banghttpswwwuiteduvntra-cuuvan-bang in huong-dan-sinh-vien
2025-10-30 14:41:30,668 [INFO] Saved HTML [daa/quydinh_huongdan/huong-dan-sinh-vien/01-dia-chi-tra-cuu-httpswwwuiteduvntra-cuuvan-banghttpswwwuiteduvntra-cuuvan-bang]: daa.uit.edu.vn_thongbao_huong-dan-tra-cuu-va-xac-minh-van-bang-tot-nghiep-dai-hoc?page=107.html
2025-10-30 14:41:30,675 [INFO] Saved Markdown [daa/quydinh_huongdan/huong-dan-sinh-vien/01-dia-chi-tra-cuu-httpswwwuiteduvntra-cuuvan-banghttpswwwuiteduvntra-cuuvan-bang]: daa.uit.edu.vn_thongbao_huong-dan-tra-cuu-va-xac-minh-van-bang-tot-nghiep-dai-hoc?page=107.md
2025-10-30 14:41:30,687 [INFO] Detected numbered document: 01-dia-chi-tra-cuu-httpswwwuiteduvntra-cuuvan-banghttpswwwuiteduvntra-cuuvan-bang in huong-dan-sinh-vien
2025-10-30 14:41:30,702 [INFO] Saved HTML [daa/quydinh_huongdan/huong-dan-sinh-vien/01-dia-chi-tra-cuu-httpswwwuiteduvntra-cuuvan-banghttpswwwuiteduvntra-cuuvan-bang]: daa.uit.edu.vn_thongbao_huong-dan-tra-cuu-va-xac-minh-van-bang-tot-nghiep-dai-hoc?page=3750.html
2025-10-30 14:41:30,708 [INFO] Saved Markdown [daa/quydinh_huongdan/huong-dan-sinh-vien/01-dia-chi-tra-cuu-httpswwwuiteduvntra-cuuvan-banghttpswwwuiteduvntra-cuuvan-bang]: daa.uit.edu.vn_thongbao_huong-dan-tra-cuu-va-xac-minh-van-bang-tot-nghiep-dai-hoc?page=3750.md
2025-10-30 14:41:30,716 [INFO] Detected numbered document: 01-dia-chi-tra-cuu-httpswwwuiteduvntra-cuuvan-banghttpswwwuiteduvntra-cuuvan-bang in huong-dan-sinh-vien
2025-10-30 14:41:30,728 [INFO] Saved HTML [daa/quydinh_huongdan/huong-dan-sinh-vien/01-dia-chi-tra-cuu-httpswwwuiteduvntra-cuuvan-banghttpswwwuiteduvntra-cuuvan-bang]: daa.uit.edu.vn_thongbao_huong-dan-tra-cuu-va-xac-minh-van-bang-tot-nghiep-dai-hoc?page=108.html
2025-10-30 14:41:30,734 [INFO] Saved Markdown [daa/quydinh_huongdan/huong-dan-sinh-vien/01-dia-chi-tra-cuu-httpswwwuiteduvntra-cuuvan-banghttpswwwuiteduvntra-cuuvan-bang]: daa.uit.edu.vn_thongbao_huong-dan-tra-cuu-va-xac-minh-van-bang-tot-nghiep-dai-hoc?page=108.md
2025-10-30 14:41:30,746 [INFO] Detected numbered document: 01-dia-chi-tra-cuu-httpswwwuiteduvntra-cuuvan-banghttpswwwuiteduvntra-cuuvan-bang in huong-dan-sinh-vien
2025-10-30 14:41:30,756 [INFO] Saved HTML [daa/quydinh_huongdan/huong-dan-sinh-vien/01-dia-chi-tra-cuu-httpswwwuiteduvntra-cuuvan-banghttpswwwuiteduvntra-cuuvan-bang]: daa.uit.edu.vn_thongbao_huong-dan-tra-cuu-va-xac-minh-van-bang-tot-nghiep-dai-hoc?page=109.html
2025-10-30 14:41:30,762 [INFO] Saved Markdown [daa/quydinh_huongdan/huong-dan-sinh-vien/01-dia-chi-tra-cuu-httpswwwuiteduvntra-cuuvan-banghttpswwwuiteduvntra-cuuvan-bang]: daa.uit.edu.vn_thongbao_huong-dan-tra-cuu-va-xac-minh-van-bang-tot-nghiep-dai-hoc?page=109.md
2025-10-30 14:41:30,773 [INFO] Detected numbered document: 01-dia-chi-tra-cuu-httpswwwuiteduvntra-cuuvan-banghttpswwwuiteduvntra-cuuvan-bang in huong-dan-sinh-vien
2025-10-30 14:41:30,784 [INFO] Saved HTML [daa/quydinh_huongdan/huong-dan-sinh-vien/01-dia-chi-tra-cuu-httpswwwuiteduvntra-cuuvan-banghttpswwwuiteduvntra-cuuvan-bang]: daa.uit.edu.vn_thongbao_huong-dan-tra-cuu-va-xac-minh-van-bang-tot-nghiep-dai-hoc?page=110.html
2025-10-30 14:41:30,789 [INFO] Saved Markdown [daa/quydinh_huongdan/huong-dan-sinh-vien/01-dia-chi-tra-cuu-httpswwwuiteduvntra-cuuvan-banghttpswwwuiteduvntra-cuuvan-bang]: daa.uit.edu.vn_thongbao_huong-dan-tra-cuu-va-xac-minh-van-bang-tot-nghiep-dai-hoc?page=110.md
2025-10-30 14:41:30,805 [INFO] Detected numbered document: 01-dia-chi-tra-cuu-httpswwwuiteduvntra-cuuvan-banghttpswwwuiteduvntra-cuuvan-bang in huong-dan-sinh-vien
2025-10-30 14:41:30,817 [INFO] Saved HTML [daa/quydinh_huongdan/huong-dan-sinh-vien/01-dia-chi-tra-cuu-httpswwwuiteduvntra-cuuvan-banghttpswwwuiteduvntra-cuuvan-bang]: daa.uit.edu.vn_thongbao_huong-dan-tra-cuu-va-xac-minh-van-bang-tot-nghiep-dai-hoc?page=3747.html
2025-10-30 14:41:30,825 [INFO] Saved Markdown [daa/quydinh_huongdan/huong-dan-sinh-vien/01-dia-chi-tra-cuu-httpswwwuiteduvntra-cuuvan-banghttpswwwuiteduvntra-cuuvan-bang]: daa.uit.edu.vn_thongbao_huong-dan-tra-cuu-va-xac-minh-van-bang-tot-nghiep-dai-hoc?page=3747.md
2025-10-30 14:41:30,835 [INFO] Detected numbered document: 01-dia-chi-tra-cuu-httpswwwuiteduvntra-cuuvan-banghttpswwwuiteduvntra-cuuvan-bang in huong-dan-sinh-vien
2025-10-30 14:41:30,846 [INFO] Saved HTML [daa/quydinh_huongdan/huong-dan-sinh-vien/01-dia-chi-tra-cuu-httpswwwuiteduvntra-cuuvan-banghttpswwwuiteduvntra-cuuvan-bang]: daa.uit.edu.vn_thongbao_huong-dan-tra-cuu-va-xac-minh-van-bang-tot-nghiep-dai-hoc?page=3748.html
2025-10-30 14:41:30,854 [INFO] Saved Markdown [daa/quydinh_huongdan/huong-dan-sinh-vien/01-dia-chi-tra-cuu-httpswwwuiteduvntra-cuuvan-banghttpswwwuiteduvntra-cuuvan-bang]: daa.uit.edu.vn_thongbao_huong-dan-tra-cuu-va-xac-minh-van-bang-tot-nghiep-dai-hoc?page=3748.md
2025-10-30 14:41:30,862 [INFO] Detected numbered document: 01-dia-chi-tra-cuu-httpswwwuiteduvntra-cuuvan-banghttpswwwuiteduvntra-cuuvan-bang in huong-dan-sinh-vien
2025-10-30 14:41:30,870 [INFO] Saved HTML [daa/quydinh_huongdan/huong-dan-sinh-vien/01-dia-chi-tra-cuu-httpswwwuiteduvntra-cuuvan-banghttpswwwuiteduvntra-cuuvan-bang]: daa.uit.edu.vn_thongbao_huong-dan-tra-cuu-va-xac-minh-van-bang-tot-nghiep-dai-hoc?page=3745.html
2025-10-30 14:41:30,877 [INFO] Saved Markdown [daa/quydinh_huongdan/huong-dan-sinh-vien/01-dia-chi-tra-cuu-httpswwwuiteduvntra-cuuvan-banghttpswwwuiteduvntra-cuuvan-bang]: daa.uit.edu.vn_thongbao_huong-dan-tra-cuu-va-xac-minh-van-bang-tot-nghiep-dai-hoc?page=3745.md
2025-10-30 14:41:30,887 [INFO] Detected numbered document: 01-dia-chi-tra-cuu-httpswwwuiteduvntra-cuuvan-banghttpswwwuiteduvntra-cuuvan-bang in huong-dan-sinh-vien
2025-10-30 14:41:30,896 [INFO] Saved HTML [daa/quydinh_huongdan/huong-dan-sinh-vien/01-dia-chi-tra-cuu-httpswwwuiteduvntra-cuuvan-banghttpswwwuiteduvntra-cuuvan-bang]: daa.uit.edu.vn_thongbao_huong-dan-tra-cuu-va-xac-minh-van-bang-tot-nghiep-dai-hoc?page=111.html
2025-10-30 14:41:30,902 [INFO] Saved Markdown [daa/quydinh_huongdan/huong-dan-sinh-vien/01-dia-chi-tra-cuu-httpswwwuiteduvntra-cuuvan-banghttpswwwuiteduvntra-cuuvan-bang]: daa.uit.edu.vn_thongbao_huong-dan-tra-cuu-va-xac-minh-van-bang-tot-nghiep-dai-hoc?page=111.md
2025-10-30 14:41:30,912 [INFO] Detected numbered document: 01-dia-chi-tra-cuu-httpswwwuiteduvntra-cuuvan-banghttpswwwuiteduvntra-cuuvan-bang in huong-dan-sinh-vien
2025-10-30 14:41:30,922 [INFO] Saved HTML [daa/quydinh_huongdan/huong-dan-sinh-vien/01-dia-chi-tra-cuu-httpswwwuiteduvntra-cuuvan-banghttpswwwuiteduvntra-cuuvan-bang]: daa.uit.edu.vn_thongbao_huong-dan-tra-cuu-va-xac-minh-van-bang-tot-nghiep-dai-hoc?page=114.html
2025-10-30 14:41:30,928 [INFO] Saved Markdown [daa/quydinh_huongdan/huong-dan-sinh-vien/01-dia-chi-tra-cuu-httpswwwuiteduvntra-cuuvan-banghttpswwwuiteduvntra-cuuvan-bang]: daa.uit.edu.vn_thongbao_huong-dan-tra-cuu-va-xac-minh-van-bang-tot-nghiep-dai-hoc?page=114.md
2025-10-30 14:41:30,937 [INFO] Detected numbered document: 01-dia-chi-tra-cuu-httpswwwuiteduvntra-cuuvan-banghttpswwwuiteduvntra-cuuvan-bang in huong-dan-sinh-vien
2025-10-30 14:41:30,947 [INFO] Saved HTML [daa/quydinh_huongdan/huong-dan-sinh-vien/01-dia-chi-tra-cuu-httpswwwuiteduvntra-cuuvan-banghttpswwwuiteduvntra-cuuvan-bang]: daa.uit.edu.vn_thongbao_huong-dan-tra-cuu-va-xac-minh-van-bang-tot-nghiep-dai-hoc?page=113.html
2025-10-30 14:41:30,953 [INFO] Saved Markdown [daa/quydinh_huongdan/huong-dan-sinh-vien/01-dia-chi-tra-cuu-httpswwwuiteduvntra-cuuvan-banghttpswwwuiteduvntra-cuuvan-bang]: daa.uit.edu.vn_thongbao_huong-dan-tra-cuu-va-xac-minh-van-bang-tot-nghiep-dai-hoc?page=113.md
2025-10-30 14:41:30,964 [INFO] Detected numbered document: 01-dia-chi-tra-cuu-httpswwwuiteduvntra-cuuvan-banghttpswwwuiteduvntra-cuuvan-bang in huong-dan-sinh-vien
2025-10-30 14:41:30,973 [INFO] Saved HTML [daa/quydinh_huongdan/huong-dan-sinh-vien/01-dia-chi-tra-cuu-httpswwwuiteduvntra-cuuvan-banghttpswwwuiteduvntra-cuuvan-bang]: daa.uit.edu.vn_thongbao_huong-dan-tra-cuu-va-xac-minh-van-bang-tot-nghiep-dai-hoc?page=112.html
2025-10-30 14:41:30,979 [INFO] Saved Markdown [daa/quydinh_huongdan/huong-dan-sinh-vien/01-dia-chi-tra-cuu-httpswwwuiteduvntra-cuuvan-banghttpswwwuiteduvntra-cuuvan-bang]: daa.uit.edu.vn_thongbao_huong-dan-tra-cuu-va-xac-minh-van-bang-tot-nghiep-dai-hoc?page=112.md
2025-10-30 14:41:30,986 [INFO] Detected numbered document: 01-dia-chi-tra-cuu-httpswwwuiteduvntra-cuuvan-banghttpswwwuiteduvntra-cuuvan-bang in huong-dan-sinh-vien
2025-10-30 14:41:30,997 [INFO] Saved HTML [daa/quydinh_huongdan/huong-dan-sinh-vien/01-dia-chi-tra-cuu-httpswwwuiteduvntra-cuuvan-banghttpswwwuiteduvntra-cuuvan-bang]: daa.uit.edu.vn_thongbao_huong-dan-tra-cuu-va-xac-minh-van-bang-tot-nghiep-dai-hoc?page=3746.html
2025-10-30 14:41:31,004 [INFO] Saved Markdown [daa/quydinh_huongdan/huong-dan-sinh-vien/01-dia-chi-tra-cuu-httpswwwuiteduvntra-cuuvan-banghttpswwwuiteduvntra-cuuvan-bang]: daa.uit.edu.vn_thongbao_huong-dan-tra-cuu-va-xac-minh-van-bang-tot-nghiep-dai-hoc?page=3746.md
2025-10-30 14:41:31,011 [INFO] Detected numbered document: 01-dia-chi-tra-cuu-httpswwwuiteduvntra-cuuvan-banghttpswwwuiteduvntra-cuuvan-bang in huong-dan-sinh-vien
2025-10-30 14:41:31,021 [INFO] Saved HTML [daa/quydinh_huongdan/huong-dan-sinh-vien/01-dia-chi-tra-cuu-httpswwwuiteduvntra-cuuvan-banghttpswwwuiteduvntra-cuuvan-bang]: daa.uit.edu.vn_thongbao_huong-dan-tra-cuu-va-xac-minh-van-bang-tot-nghiep-dai-hoc?page=3744.html
2025-10-30 14:41:31,027 [INFO] Saved Markdown [daa/quydinh_huongdan/huong-dan-sinh-vien/01-dia-chi-tra-cuu-httpswwwuiteduvntra-cuuvan-banghttpswwwuiteduvntra-cuuvan-bang]: daa.uit.edu.vn_thongbao_huong-dan-tra-cuu-va-xac-minh-van-bang-tot-nghiep-dai-hoc?page=3744.md
2025-10-30 14:41:31,039 [INFO] Detected numbered document: 01-dia-chi-tra-cuu-httpswwwuiteduvntra-cuuvan-banghttpswwwuiteduvntra-cuuvan-bang in huong-dan-sinh-vien
2025-10-30 14:41:31,051 [INFO] Saved HTML [daa/quydinh_huongdan/huong-dan-sinh-vien/01-dia-chi-tra-cuu-httpswwwuiteduvntra-cuuvan-banghttpswwwuiteduvntra-cuuvan-bang]: daa.uit.edu.vn_thongbao_huong-dan-tra-cuu-va-xac-minh-van-bang-tot-nghiep-dai-hoc?page=3743.html
2025-10-30 14:41:31,057 [INFO] Saved Markdown [daa/quydinh_huongdan/huong-dan-sinh-vien/01-dia-chi-tra-cuu-httpswwwuiteduvntra-cuuvan-banghttpswwwuiteduvntra-cuuvan-bang]: daa.uit.edu.vn_thongbao_huong-dan-tra-cuu-va-xac-minh-van-bang-tot-nghiep-dai-hoc?page=3743.md
2025-10-30 14:41:31,067 [INFO] Detected numbered document: 01-dia-chi-tra-cuu-httpswwwuiteduvntra-cuuvan-banghttpswwwuiteduvntra-cuuvan-bang in huong-dan-sinh-vien
2025-10-30 14:41:31,079 [INFO] Saved HTML [daa/quydinh_huongdan/huong-dan-sinh-vien/01-dia-chi-tra-cuu-httpswwwuiteduvntra-cuuvan-banghttpswwwuiteduvntra-cuuvan-bang]: daa.uit.edu.vn_thongbao_huong-dan-tra-cuu-va-xac-minh-van-bang-tot-nghiep-dai-hoc?page=115.html
2025-10-30 14:41:31,086 [INFO] Saved Markdown [daa/quydinh_huongdan/huong-dan-sinh-vien/01-dia-chi-tra-cuu-httpswwwuiteduvntra-cuuvan-banghttpswwwuiteduvntra-cuuvan-bang]: daa.uit.edu.vn_thongbao_huong-dan-tra-cuu-va-xac-minh-van-bang-tot-nghiep-dai-hoc?page=115.md
2025-10-30 14:41:31,095 [INFO] Detected numbered document: 01-dia-chi-tra-cuu-httpswwwuiteduvntra-cuuvan-banghttpswwwuiteduvntra-cuuvan-bang in huong-dan-sinh-vien
2025-10-30 14:41:31,107 [INFO] Saved HTML [daa/quydinh_huongdan/huong-dan-sinh-vien/01-dia-chi-tra-cuu-httpswwwuiteduvntra-cuuvan-banghttpswwwuiteduvntra-cuuvan-bang]: daa.uit.edu.vn_thongbao_huong-dan-tra-cuu-va-xac-minh-van-bang-tot-nghiep-dai-hoc?page=3741.html
2025-10-30 14:41:31,113 [INFO] Saved Markdown [daa/quydinh_huongdan/huong-dan-sinh-vien/01-dia-chi-tra-cuu-httpswwwuiteduvntra-cuuvan-banghttpswwwuiteduvntra-cuuvan-bang]: daa.uit.edu.vn_thongbao_huong-dan-tra-cuu-va-xac-minh-van-bang-tot-nghiep-dai-hoc?page=3741.md
2025-10-30 14:41:31,125 [INFO] Detected numbered document: 01-dia-chi-tra-cuu-httpswwwuiteduvntra-cuuvan-banghttpswwwuiteduvntra-cuuvan-bang in huong-dan-sinh-vien
2025-10-30 14:41:31,136 [INFO] Saved HTML [daa/quydinh_huongdan/huong-dan-sinh-vien/01-dia-chi-tra-cuu-httpswwwuiteduvntra-cuuvan-banghttpswwwuiteduvntra-cuuvan-bang]: daa.uit.edu.vn_thongbao_huong-dan-tra-cuu-va-xac-minh-van-bang-tot-nghiep-dai-hoc?page=3742.html
2025-10-30 14:41:31,144 [INFO] Saved Markdown [daa/quydinh_huongdan/huong-dan-sinh-vien/01-dia-chi-tra-cuu-httpswwwuiteduvntra-cuuvan-banghttpswwwuiteduvntra-cuuvan-bang]: daa.uit.edu.vn_thongbao_huong-dan-tra-cuu-va-xac-minh-van-bang-tot-nghiep-dai-hoc?page=3742.md
2025-10-30 14:41:31,154 [INFO] Detected numbered document: 01-dia-chi-tra-cuu-httpswwwuiteduvntra-cuuvan-banghttpswwwuiteduvntra-cuuvan-bang in huong-dan-sinh-vien
2025-10-30 14:41:31,165 [INFO] Saved HTML [daa/quydinh_huongdan/huong-dan-sinh-vien/01-dia-chi-tra-cuu-httpswwwuiteduvntra-cuuvan-banghttpswwwuiteduvntra-cuuvan-bang]: daa.uit.edu.vn_thongbao_huong-dan-tra-cuu-va-xac-minh-van-bang-tot-nghiep-dai-hoc?page=3739.html
2025-10-30 14:41:31,172 [INFO] Saved Markdown [daa/quydinh_huongdan/huong-dan-sinh-vien/01-dia-chi-tra-cuu-httpswwwuiteduvntra-cuuvan-banghttpswwwuiteduvntra-cuuvan-bang]: daa.uit.edu.vn_thongbao_huong-dan-tra-cuu-va-xac-minh-van-bang-tot-nghiep-dai-hoc?page=3739.md
2025-10-30 14:41:31,181 [INFO] Detected numbered document: 01-dia-chi-tra-cuu-httpswwwuiteduvntra-cuuvan-banghttpswwwuiteduvntra-cuuvan-bang in huong-dan-sinh-vien
2025-10-30 14:41:31,191 [INFO] Saved HTML [daa/quydinh_huongdan/huong-dan-sinh-vien/01-dia-chi-tra-cuu-httpswwwuiteduvntra-cuuvan-banghttpswwwuiteduvntra-cuuvan-bang]: daa.uit.edu.vn_thongbao_huong-dan-tra-cuu-va-xac-minh-van-bang-tot-nghiep-dai-hoc?page=3740.html
2025-10-30 14:41:31,197 [INFO] Saved Markdown [daa/quydinh_huongdan/huong-dan-sinh-vien/01-dia-chi-tra-cuu-httpswwwuiteduvntra-cuuvan-banghttpswwwuiteduvntra-cuuvan-bang]: daa.uit.edu.vn_thongbao_huong-dan-tra-cuu-va-xac-minh-van-bang-tot-nghiep-dai-hoc?page=3740.md
2025-10-30 14:41:31,208 [INFO] Detected numbered document: 01-dia-chi-tra-cuu-httpswwwuiteduvntra-cuuvan-banghttpswwwuiteduvntra-cuuvan-bang in huong-dan-sinh-vien
2025-10-30 14:41:31,217 [INFO] Saved HTML [daa/quydinh_huongdan/huong-dan-sinh-vien/01-dia-chi-tra-cuu-httpswwwuiteduvntra-cuuvan-banghttpswwwuiteduvntra-cuuvan-bang]: daa.uit.edu.vn_thongbao_huong-dan-tra-cuu-va-xac-minh-van-bang-tot-nghiep-dai-hoc?page=116.html
2025-10-30 14:41:31,223 [INFO] Saved Markdown [daa/quydinh_huongdan/huong-dan-sinh-vien/01-dia-chi-tra-cuu-httpswwwuiteduvntra-cuuvan-banghttpswwwuiteduvntra-cuuvan-bang]: daa.uit.edu.vn_thongbao_huong-dan-tra-cuu-va-xac-minh-van-bang-tot-nghiep-dai-hoc?page=116.md
2025-10-30 14:41:31,234 [INFO] Detected numbered document: 01-dia-chi-tra-cuu-httpswwwuiteduvntra-cuuvan-banghttpswwwuiteduvntra-cuuvan-bang in huong-dan-sinh-vien
2025-10-30 14:41:31,244 [INFO] Saved HTML [daa/quydinh_huongdan/huong-dan-sinh-vien/01-dia-chi-tra-cuu-httpswwwuiteduvntra-cuuvan-banghttpswwwuiteduvntra-cuuvan-bang]: daa.uit.edu.vn_thongbao_huong-dan-tra-cuu-va-xac-minh-van-bang-tot-nghiep-dai-hoc?page=117.html
2025-10-30 14:41:31,250 [INFO] Saved Markdown [daa/quydinh_huongdan/huong-dan-sinh-vien/01-dia-chi-tra-cuu-httpswwwuiteduvntra-cuuvan-banghttpswwwuiteduvntra-cuuvan-bang]: daa.uit.edu.vn_thongbao_huong-dan-tra-cuu-va-xac-minh-van-bang-tot-nghiep-dai-hoc?page=117.md
2025-10-30 14:41:31,262 [INFO] Detected numbered document: 01-dia-chi-tra-cuu-httpswwwuiteduvntra-cuuvan-banghttpswwwuiteduvntra-cuuvan-bang in huong-dan-sinh-vien
2025-10-30 14:41:31,270 [INFO] Saved HTML [daa/quydinh_huongdan/huong-dan-sinh-vien/01-dia-chi-tra-cuu-httpswwwuiteduvntra-cuuvan-banghttpswwwuiteduvntra-cuuvan-bang]: daa.uit.edu.vn_thongbao_huong-dan-tra-cuu-va-xac-minh-van-bang-tot-nghiep-dai-hoc?page=118.html
2025-10-30 14:41:31,276 [INFO] Saved Markdown [daa/quydinh_huongdan/huong-dan-sinh-vien/01-dia-chi-tra-cuu-httpswwwuiteduvntra-cuuvan-banghttpswwwuiteduvntra-cuuvan-bang]: daa.uit.edu.vn_thongbao_huong-dan-tra-cuu-va-xac-minh-van-bang-tot-nghiep-dai-hoc?page=118.md
2025-10-30 14:41:31,288 [INFO] Detected numbered document: 01-dia-chi-tra-cuu-httpswwwuiteduvntra-cuuvan-banghttpswwwuiteduvntra-cuuvan-bang in huong-dan-sinh-vien
2025-10-30 14:41:31,297 [INFO] Saved HTML [daa/quydinh_huongdan/huong-dan-sinh-vien/01-dia-chi-tra-cuu-httpswwwuiteduvntra-cuuvan-banghttpswwwuiteduvntra-cuuvan-bang]: daa.uit.edu.vn_thongbao_huong-dan-tra-cuu-va-xac-minh-van-bang-tot-nghiep-dai-hoc?page=3736.html
2025-10-30 14:41:31,303 [INFO] Saved Markdown [daa/quydinh_huongdan/huong-dan-sinh-vien/01-dia-chi-tra-cuu-httpswwwuiteduvntra-cuuvan-banghttpswwwuiteduvntra-cuuvan-bang]: daa.uit.edu.vn_thongbao_huong-dan-tra-cuu-va-xac-minh-van-bang-tot-nghiep-dai-hoc?page=3736.md
2025-10-30 14:41:31,314 [INFO] Detected numbered document: 01-dia-chi-tra-cuu-httpswwwuiteduvntra-cuuvan-banghttpswwwuiteduvntra-cuuvan-bang in huong-dan-sinh-vien
2025-10-30 14:41:31,326 [INFO] Saved HTML [daa/quydinh_huongdan/huong-dan-sinh-vien/01-dia-chi-tra-cuu-httpswwwuiteduvntra-cuuvan-banghttpswwwuiteduvntra-cuuvan-bang]: daa.uit.edu.vn_thongbao_huong-dan-tra-cuu-va-xac-minh-van-bang-tot-nghiep-dai-hoc?page=119.html
2025-10-30 14:41:31,333 [INFO] Saved Markdown [daa/quydinh_huongdan/huong-dan-sinh-vien/01-dia-chi-tra-cuu-httpswwwuiteduvntra-cuuvan-banghttpswwwuiteduvntra-cuuvan-bang]: daa.uit.edu.vn_thongbao_huong-dan-tra-cuu-va-xac-minh-van-bang-tot-nghiep-dai-hoc?page=119.md
2025-10-30 14:41:31,344 [INFO] Detected numbered document: 01-dia-chi-tra-cuu-httpswwwuiteduvntra-cuuvan-banghttpswwwuiteduvntra-cuuvan-bang in huong-dan-sinh-vien
2025-10-30 14:41:31,355 [INFO] Saved HTML [daa/quydinh_huongdan/huong-dan-sinh-vien/01-dia-chi-tra-cuu-httpswwwuiteduvntra-cuuvan-banghttpswwwuiteduvntra-cuuvan-bang]: daa.uit.edu.vn_thongbao_huong-dan-tra-cuu-va-xac-minh-van-bang-tot-nghiep-dai-hoc?page=3737.html
2025-10-30 14:41:31,361 [INFO] Saved Markdown [daa/quydinh_huongdan/huong-dan-sinh-vien/01-dia-chi-tra-cuu-httpswwwuiteduvntra-cuuvan-banghttpswwwuiteduvntra-cuuvan-bang]: daa.uit.edu.vn_thongbao_huong-dan-tra-cuu-va-xac-minh-van-bang-tot-nghiep-dai-hoc?page=3737.md
2025-10-30 14:41:31,371 [INFO] Detected numbered document: 01-dia-chi-tra-cuu-httpswwwuiteduvntra-cuuvan-banghttpswwwuiteduvntra-cuuvan-bang in huong-dan-sinh-vien
2025-10-30 14:41:31,384 [INFO] Saved HTML [daa/quydinh_huongdan/huong-dan-sinh-vien/01-dia-chi-tra-cuu-httpswwwuiteduvntra-cuuvan-banghttpswwwuiteduvntra-cuuvan-bang]: daa.uit.edu.vn_thongbao_huong-dan-tra-cuu-va-xac-minh-van-bang-tot-nghiep-dai-hoc?page=3735.html
2025-10-30 14:41:31,391 [INFO] Saved Markdown [daa/quydinh_huongdan/huong-dan-sinh-vien/01-dia-chi-tra-cuu-httpswwwuiteduvntra-cuuvan-banghttpswwwuiteduvntra-cuuvan-bang]: daa.uit.edu.vn_thongbao_huong-dan-tra-cuu-va-xac-minh-van-bang-tot-nghiep-dai-hoc?page=3735.md
2025-10-30 14:41:31,396 [INFO] Detected numbered document: 01-dia-chi-tra-cuu-httpswwwuiteduvntra-cuuvan-banghttpswwwuiteduvntra-cuuvan-bang in huong-dan-sinh-vien
2025-10-30 14:41:31,409 [INFO] Saved HTML [daa/quydinh_huongdan/huong-dan-sinh-vien/01-dia-chi-tra-cuu-httpswwwuiteduvntra-cuuvan-banghttpswwwuiteduvntra-cuuvan-bang]: daa.uit.edu.vn_thongbao_huong-dan-tra-cuu-va-xac-minh-van-bang-tot-nghiep-dai-hoc?page=3738.html
2025-10-30 14:41:31,418 [INFO] Saved Markdown [daa/quydinh_huongdan/huong-dan-sinh-vien/01-dia-chi-tra-cuu-httpswwwuiteduvntra-cuuvan-banghttpswwwuiteduvntra-cuuvan-bang]: daa.uit.edu.vn_thongbao_huong-dan-tra-cuu-va-xac-minh-van-bang-tot-nghiep-dai-hoc?page=3738.md
2025-10-30 14:41:31,426 [INFO] Detected numbered document: 01-dia-chi-tra-cuu-httpswwwuiteduvntra-cuuvan-banghttpswwwuiteduvntra-cuuvan-bang in huong-dan-sinh-vien
2025-10-30 14:41:31,437 [INFO] Saved HTML [daa/quydinh_huongdan/huong-dan-sinh-vien/01-dia-chi-tra-cuu-httpswwwuiteduvntra-cuuvan-banghttpswwwuiteduvntra-cuuvan-bang]: daa.uit.edu.vn_thongbao_huong-dan-tra-cuu-va-xac-minh-van-bang-tot-nghiep-dai-hoc?page=121.html
2025-10-30 14:41:31,444 [INFO] Saved Markdown [daa/quydinh_huongdan/huong-dan-sinh-vien/01-dia-chi-tra-cuu-httpswwwuiteduvntra-cuuvan-banghttpswwwuiteduvntra-cuuvan-bang]: daa.uit.edu.vn_thongbao_huong-dan-tra-cuu-va-xac-minh-van-bang-tot-nghiep-dai-hoc?page=121.md
2025-10-30 14:41:31,454 [INFO] Detected numbered document: 01-dia-chi-tra-cuu-httpswwwuiteduvntra-cuuvan-banghttpswwwuiteduvntra-cuuvan-bang in huong-dan-sinh-vien
2025-10-30 14:41:31,467 [INFO] Saved HTML [daa/quydinh_huongdan/huong-dan-sinh-vien/01-dia-chi-tra-cuu-httpswwwuiteduvntra-cuuvan-banghttpswwwuiteduvntra-cuuvan-bang]: daa.uit.edu.vn_thongbao_huong-dan-tra-cuu-va-xac-minh-van-bang-tot-nghiep-dai-hoc?page=122.html
2025-10-30 14:41:31,474 [INFO] Saved Markdown [daa/quydinh_huongdan/huong-dan-sinh-vien/01-dia-chi-tra-cuu-httpswwwuiteduvntra-cuuvan-banghttpswwwuiteduvntra-cuuvan-bang]: daa.uit.edu.vn_thongbao_huong-dan-tra-cuu-va-xac-minh-van-bang-tot-nghiep-dai-hoc?page=122.md
2025-10-30 14:41:31,481 [INFO] Detected numbered document: 01-dia-chi-tra-cuu-httpswwwuiteduvntra-cuuvan-banghttpswwwuiteduvntra-cuuvan-bang in huong-dan-sinh-vien
2025-10-30 14:41:31,490 [INFO] Saved HTML [daa/quydinh_huongdan/huong-dan-sinh-vien/01-dia-chi-tra-cuu-httpswwwuiteduvntra-cuuvan-banghttpswwwuiteduvntra-cuuvan-bang]: daa.uit.edu.vn_thongbao_huong-dan-tra-cuu-va-xac-minh-van-bang-tot-nghiep-dai-hoc?page=3732.html
2025-10-30 14:41:31,497 [INFO] Saved Markdown [daa/quydinh_huongdan/huong-dan-sinh-vien/01-dia-chi-tra-cuu-httpswwwuiteduvntra-cuuvan-banghttpswwwuiteduvntra-cuuvan-bang]: daa.uit.edu.vn_thongbao_huong-dan-tra-cuu-va-xac-minh-van-bang-tot-nghiep-dai-hoc?page=3732.md
2025-10-30 14:41:31,508 [INFO] Detected numbered document: 01-dia-chi-tra-cuu-httpswwwuiteduvntra-cuuvan-banghttpswwwuiteduvntra-cuuvan-bang in huong-dan-sinh-vien
2025-10-30 14:41:31,523 [INFO] Saved HTML [daa/quydinh_huongdan/huong-dan-sinh-vien/01-dia-chi-tra-cuu-httpswwwuiteduvntra-cuuvan-banghttpswwwuiteduvntra-cuuvan-bang]: daa.uit.edu.vn_thongbao_huong-dan-tra-cuu-va-xac-minh-van-bang-tot-nghiep-dai-hoc?page=3733.html
2025-10-30 14:41:31,528 [INFO] Saved Markdown [daa/quydinh_huongdan/huong-dan-sinh-vien/01-dia-chi-tra-cuu-httpswwwuiteduvntra-cuuvan-banghttpswwwuiteduvntra-cuuvan-bang]: daa.uit.edu.vn_thongbao_huong-dan-tra-cuu-va-xac-minh-van-bang-tot-nghiep-dai-hoc?page=3733.md
2025-10-30 14:41:31,539 [INFO] Detected numbered document: 01-dia-chi-tra-cuu-httpswwwuiteduvntra-cuuvan-banghttpswwwuiteduvntra-cuuvan-bang in huong-dan-sinh-vien
2025-10-30 14:41:31,548 [INFO] Saved HTML [daa/quydinh_huongdan/huong-dan-sinh-vien/01-dia-chi-tra-cuu-httpswwwuiteduvntra-cuuvan-banghttpswwwuiteduvntra-cuuvan-bang]: daa.uit.edu.vn_thongbao_huong-dan-tra-cuu-va-xac-minh-van-bang-tot-nghiep-dai-hoc?page=120.html
2025-10-30 14:41:31,555 [INFO] Saved Markdown [daa/quydinh_huongdan/huong-dan-sinh-vien/01-dia-chi-tra-cuu-httpswwwuiteduvntra-cuuvan-banghttpswwwuiteduvntra-cuuvan-bang]: daa.uit.edu.vn_thongbao_huong-dan-tra-cuu-va-xac-minh-van-bang-tot-nghiep-dai-hoc?page=120.md
2025-10-30 14:41:31,565 [INFO] Detected numbered document: 01-dia-chi-tra-cuu-httpswwwuiteduvntra-cuuvan-banghttpswwwuiteduvntra-cuuvan-bang in huong-dan-sinh-vien
2025-10-30 14:41:31,574 [INFO] Saved HTML [daa/quydinh_huongdan/huong-dan-sinh-vien/01-dia-chi-tra-cuu-httpswwwuiteduvntra-cuuvan-banghttpswwwuiteduvntra-cuuvan-bang]: daa.uit.edu.vn_thongbao_huong-dan-tra-cuu-va-xac-minh-van-bang-tot-nghiep-dai-hoc?page=125.html
2025-10-30 14:41:31,580 [INFO] Saved Markdown [daa/quydinh_huongdan/huong-dan-sinh-vien/01-dia-chi-tra-cuu-httpswwwuiteduvntra-cuuvan-banghttpswwwuiteduvntra-cuuvan-bang]: daa.uit.edu.vn_thongbao_huong-dan-tra-cuu-va-xac-minh-van-bang-tot-nghiep-dai-hoc?page=125.md
2025-10-30 14:41:31,589 [INFO] Detected numbered document: 01-dia-chi-tra-cuu-httpswwwuiteduvntra-cuuvan-banghttpswwwuiteduvntra-cuuvan-bang in huong-dan-sinh-vien
2025-10-30 14:41:31,601 [INFO] Saved HTML [daa/quydinh_huongdan/huong-dan-sinh-vien/01-dia-chi-tra-cuu-httpswwwuiteduvntra-cuuvan-banghttpswwwuiteduvntra-cuuvan-bang]: daa.uit.edu.vn_thongbao_huong-dan-tra-cuu-va-xac-minh-van-bang-tot-nghiep-dai-hoc?page=3734.html
2025-10-30 14:41:31,608 [INFO] Saved Markdown [daa/quydinh_huongdan/huong-dan-sinh-vien/01-dia-chi-tra-cuu-httpswwwuiteduvntra-cuuvan-banghttpswwwuiteduvntra-cuuvan-bang]: daa.uit.edu.vn_thongbao_huong-dan-tra-cuu-va-xac-minh-van-bang-tot-nghiep-dai-hoc?page=3734.md
2025-10-30 14:41:31,617 [INFO] Detected numbered document: 01-dia-chi-tra-cuu-httpswwwuiteduvntra-cuuvan-banghttpswwwuiteduvntra-cuuvan-bang in huong-dan-sinh-vien
2025-10-30 14:41:31,627 [INFO] Saved HTML [daa/quydinh_huongdan/huong-dan-sinh-vien/01-dia-chi-tra-cuu-httpswwwuiteduvntra-cuuvan-banghttpswwwuiteduvntra-cuuvan-bang]: daa.uit.edu.vn_thongbao_huong-dan-tra-cuu-va-xac-minh-van-bang-tot-nghiep-dai-hoc?page=3731.html
2025-10-30 14:41:31,635 [INFO] Saved Markdown [daa/quydinh_huongdan/huong-dan-sinh-vien/01-dia-chi-tra-cuu-httpswwwuiteduvntra-cuuvan-banghttpswwwuiteduvntra-cuuvan-bang]: daa.uit.edu.vn_thongbao_huong-dan-tra-cuu-va-xac-minh-van-bang-tot-nghiep-dai-hoc?page=3731.md
2025-10-30 14:41:31,643 [INFO] Detected numbered document: 01-dia-chi-tra-cuu-httpswwwuiteduvntra-cuuvan-banghttpswwwuiteduvntra-cuuvan-bang in huong-dan-sinh-vien
2025-10-30 14:41:31,653 [INFO] Saved HTML [daa/quydinh_huongdan/huong-dan-sinh-vien/01-dia-chi-tra-cuu-httpswwwuiteduvntra-cuuvan-banghttpswwwuiteduvntra-cuuvan-bang]: daa.uit.edu.vn_thongbao_huong-dan-tra-cuu-va-xac-minh-van-bang-tot-nghiep-dai-hoc?page=123.html
2025-10-30 14:41:31,658 [INFO] Saved Markdown [daa/quydinh_huongdan/huong-dan-sinh-vien/01-dia-chi-tra-cuu-httpswwwuiteduvntra-cuuvan-banghttpswwwuiteduvntra-cuuvan-bang]: daa.uit.edu.vn_thongbao_huong-dan-tra-cuu-va-xac-minh-van-bang-tot-nghiep-dai-hoc?page=123.md
2025-10-30 14:41:31,671 [INFO] Detected numbered document: 01-dia-chi-tra-cuu-httpswwwuiteduvntra-cuuvan-banghttpswwwuiteduvntra-cuuvan-bang in huong-dan-sinh-vien
2025-10-30 14:41:31,680 [INFO] Saved HTML [daa/quydinh_huongdan/huong-dan-sinh-vien/01-dia-chi-tra-cuu-httpswwwuiteduvntra-cuuvan-banghttpswwwuiteduvntra-cuuvan-bang]: daa.uit.edu.vn_thongbao_huong-dan-tra-cuu-va-xac-minh-van-bang-tot-nghiep-dai-hoc?page=124.html
2025-10-30 14:41:31,685 [INFO] Saved Markdown [daa/quydinh_huongdan/huong-dan-sinh-vien/01-dia-chi-tra-cuu-httpswwwuiteduvntra-cuuvan-banghttpswwwuiteduvntra-cuuvan-bang]: daa.uit.edu.vn_thongbao_huong-dan-tra-cuu-va-xac-minh-van-bang-tot-nghiep-dai-hoc?page=124.md
2025-10-30 14:41:31,695 [INFO] Detected numbered document: 01-dia-chi-tra-cuu-httpswwwuiteduvntra-cuuvan-banghttpswwwuiteduvntra-cuuvan-bang in huong-dan-sinh-vien
2025-10-30 14:41:31,705 [INFO] Saved HTML [daa/quydinh_huongdan/huong-dan-sinh-vien/01-dia-chi-tra-cuu-httpswwwuiteduvntra-cuuvan-banghttpswwwuiteduvntra-cuuvan-bang]: daa.uit.edu.vn_thongbao_huong-dan-tra-cuu-va-xac-minh-van-bang-tot-nghiep-dai-hoc?page=3728.html
2025-10-30 14:41:31,711 [INFO] Saved Markdown [daa/quydinh_huongdan/huong-dan-sinh-vien/01-dia-chi-tra-cuu-httpswwwuiteduvntra-cuuvan-banghttpswwwuiteduvntra-cuuvan-bang]: daa.uit.edu.vn_thongbao_huong-dan-tra-cuu-va-xac-minh-van-bang-tot-nghiep-dai-hoc?page=3728.md
2025-10-30 14:41:31,722 [INFO] Detected numbered document: 01-dia-chi-tra-cuu-httpswwwuiteduvntra-cuuvan-banghttpswwwuiteduvntra-cuuvan-bang in huong-dan-sinh-vien
2025-10-30 14:41:31,731 [INFO] Saved HTML [daa/quydinh_huongdan/huong-dan-sinh-vien/01-dia-chi-tra-cuu-httpswwwuiteduvntra-cuuvan-banghttpswwwuiteduvntra-cuuvan-bang]: daa.uit.edu.vn_thongbao_huong-dan-tra-cuu-va-xac-minh-van-bang-tot-nghiep-dai-hoc?page=3730.html
2025-10-30 14:41:31,737 [INFO] Saved Markdown [daa/quydinh_huongdan/huong-dan-sinh-vien/01-dia-chi-tra-cuu-httpswwwuiteduvntra-cuuvan-banghttpswwwuiteduvntra-cuuvan-bang]: daa.uit.edu.vn_thongbao_huong-dan-tra-cuu-va-xac-minh-van-bang-tot-nghiep-dai-hoc?page=3730.md
2025-10-30 14:41:31,746 [INFO] Detected numbered document: 01-dia-chi-tra-cuu-httpswwwuiteduvntra-cuuvan-banghttpswwwuiteduvntra-cuuvan-bang in huong-dan-sinh-vien
2025-10-30 14:41:31,755 [INFO] Saved HTML [daa/quydinh_huongdan/huong-dan-sinh-vien/01-dia-chi-tra-cuu-httpswwwuiteduvntra-cuuvan-banghttpswwwuiteduvntra-cuuvan-bang]: daa.uit.edu.vn_thongbao_huong-dan-tra-cuu-va-xac-minh-van-bang-tot-nghiep-dai-hoc?page=3729.html
2025-10-30 14:41:31,762 [INFO] Saved Markdown [daa/quydinh_huongdan/huong-dan-sinh-vien/01-dia-chi-tra-cuu-httpswwwuiteduvntra-cuuvan-banghttpswwwuiteduvntra-cuuvan-bang]: daa.uit.edu.vn_thongbao_huong-dan-tra-cuu-va-xac-minh-van-bang-tot-nghiep-dai-hoc?page=3729.md
2025-10-30 14:41:31,771 [INFO] Detected numbered document: 01-dia-chi-tra-cuu-httpswwwuiteduvntra-cuuvan-banghttpswwwuiteduvntra-cuuvan-bang in huong-dan-sinh-vien
2025-10-30 14:41:31,782 [INFO] Saved HTML [daa/quydinh_huongdan/huong-dan-sinh-vien/01-dia-chi-tra-cuu-httpswwwuiteduvntra-cuuvan-banghttpswwwuiteduvntra-cuuvan-bang]: daa.uit.edu.vn_thongbao_huong-dan-tra-cuu-va-xac-minh-van-bang-tot-nghiep-dai-hoc?page=127.html
2025-10-30 14:41:31,788 [INFO] Saved Markdown [daa/quydinh_huongdan/huong-dan-sinh-vien/01-dia-chi-tra-cuu-httpswwwuiteduvntra-cuuvan-banghttpswwwuiteduvntra-cuuvan-bang]: daa.uit.edu.vn_thongbao_huong-dan-tra-cuu-va-xac-minh-van-bang-tot-nghiep-dai-hoc?page=127.md
2025-10-30 14:41:31,797 [INFO] Detected numbered document: 01-dia-chi-tra-cuu-httpswwwuiteduvntra-cuuvan-banghttpswwwuiteduvntra-cuuvan-bang in huong-dan-sinh-vien
2025-10-30 14:41:31,805 [INFO] Saved HTML [daa/quydinh_huongdan/huong-dan-sinh-vien/01-dia-chi-tra-cuu-httpswwwuiteduvntra-cuuvan-banghttpswwwuiteduvntra-cuuvan-bang]: daa.uit.edu.vn_thongbao_huong-dan-tra-cuu-va-xac-minh-van-bang-tot-nghiep-dai-hoc?page=126.html
2025-10-30 14:41:31,810 [INFO] Saved Markdown [daa/quydinh_huongdan/huong-dan-sinh-vien/01-dia-chi-tra-cuu-httpswwwuiteduvntra-cuuvan-banghttpswwwuiteduvntra-cuuvan-bang]: daa.uit.edu.vn_thongbao_huong-dan-tra-cuu-va-xac-minh-van-bang-tot-nghiep-dai-hoc?page=126.md
2025-10-30 14:41:31,819 [INFO] Detected numbered document: 01-dia-chi-tra-cuu-httpswwwuiteduvntra-cuuvan-banghttpswwwuiteduvntra-cuuvan-bang in huong-dan-sinh-vien
2025-10-30 14:41:31,827 [INFO] Saved HTML [daa/quydinh_huongdan/huong-dan-sinh-vien/01-dia-chi-tra-cuu-httpswwwuiteduvntra-cuuvan-banghttpswwwuiteduvntra-cuuvan-bang]: daa.uit.edu.vn_thongbao_huong-dan-tra-cuu-va-xac-minh-van-bang-tot-nghiep-dai-hoc?page=129.html
2025-10-30 14:41:31,834 [INFO] Saved Markdown [daa/quydinh_huongdan/huong-dan-sinh-vien/01-dia-chi-tra-cuu-httpswwwuiteduvntra-cuuvan-banghttpswwwuiteduvntra-cuuvan-bang]: daa.uit.edu.vn_thongbao_huong-dan-tra-cuu-va-xac-minh-van-bang-tot-nghiep-dai-hoc?page=129.md
2025-10-30 14:41:31,844 [INFO] Detected numbered document: 01-dia-chi-tra-cuu-httpswwwuiteduvntra-cuuvan-banghttpswwwuiteduvntra-cuuvan-bang in huong-dan-sinh-vien
2025-10-30 14:41:31,856 [INFO] Saved HTML [daa/quydinh_huongdan/huong-dan-sinh-vien/01-dia-chi-tra-cuu-httpswwwuiteduvntra-cuuvan-banghttpswwwuiteduvntra-cuuvan-bang]: daa.uit.edu.vn_thongbao_huong-dan-tra-cuu-va-xac-minh-van-bang-tot-nghiep-dai-hoc?page=3727.html
2025-10-30 14:41:31,863 [INFO] Saved Markdown [daa/quydinh_huongdan/huong-dan-sinh-vien/01-dia-chi-tra-cuu-httpswwwuiteduvntra-cuuvan-banghttpswwwuiteduvntra-cuuvan-bang]: daa.uit.edu.vn_thongbao_huong-dan-tra-cuu-va-xac-minh-van-bang-tot-nghiep-dai-hoc?page=3727.md
2025-10-30 14:41:31,874 [INFO] Detected numbered document: 01-dia-chi-tra-cuu-httpswwwuiteduvntra-cuuvan-banghttpswwwuiteduvntra-cuuvan-bang in huong-dan-sinh-vien
2025-10-30 14:41:31,885 [INFO] Saved HTML [daa/quydinh_huongdan/huong-dan-sinh-vien/01-dia-chi-tra-cuu-httpswwwuiteduvntra-cuuvan-banghttpswwwuiteduvntra-cuuvan-bang]: daa.uit.edu.vn_thongbao_huong-dan-tra-cuu-va-xac-minh-van-bang-tot-nghiep-dai-hoc?page=128.html
2025-10-30 14:41:31,894 [INFO] Saved Markdown [daa/quydinh_huongdan/huong-dan-sinh-vien/01-dia-chi-tra-cuu-httpswwwuiteduvntra-cuuvan-banghttpswwwuiteduvntra-cuuvan-bang]: daa.uit.edu.vn_thongbao_huong-dan-tra-cuu-va-xac-minh-van-bang-tot-nghiep-dai-hoc?page=128.md
2025-10-30 14:41:31,907 [INFO] Detected numbered document: 01-dia-chi-tra-cuu-httpswwwuiteduvntra-cuuvan-banghttpswwwuiteduvntra-cuuvan-bang in huong-dan-sinh-vien
2025-10-30 14:41:31,929 [INFO] Saved HTML [daa/quydinh_huongdan/huong-dan-sinh-vien/01-dia-chi-tra-cuu-httpswwwuiteduvntra-cuuvan-banghttpswwwuiteduvntra-cuuvan-bang]: daa.uit.edu.vn_thongbao_huong-dan-tra-cuu-va-xac-minh-van-bang-tot-nghiep-dai-hoc?page=3724.html
2025-10-30 14:41:31,939 [INFO] Saved Markdown [daa/quydinh_huongdan/huong-dan-sinh-vien/01-dia-chi-tra-cuu-httpswwwuiteduvntra-cuuvan-banghttpswwwuiteduvntra-cuuvan-bang]: daa.uit.edu.vn_thongbao_huong-dan-tra-cuu-va-xac-minh-van-bang-tot-nghiep-dai-hoc?page=3724.md
2025-10-30 14:41:31,948 [INFO] Detected numbered document: 01-dia-chi-tra-cuu-httpswwwuiteduvntra-cuuvan-banghttpswwwuiteduvntra-cuuvan-bang in huong-dan-sinh-vien
2025-10-30 14:41:31,958 [INFO] Saved HTML [daa/quydinh_huongdan/huong-dan-sinh-vien/01-dia-chi-tra-cuu-httpswwwuiteduvntra-cuuvan-banghttpswwwuiteduvntra-cuuvan-bang]: daa.uit.edu.vn_thongbao_huong-dan-tra-cuu-va-xac-minh-van-bang-tot-nghiep-dai-hoc?page=3725.html
2025-10-30 14:41:31,967 [INFO] Saved Markdown [daa/quydinh_huongdan/huong-dan-sinh-vien/01-dia-chi-tra-cuu-httpswwwuiteduvntra-cuuvan-banghttpswwwuiteduvntra-cuuvan-bang]: daa.uit.edu.vn_thongbao_huong-dan-tra-cuu-va-xac-minh-van-bang-tot-nghiep-dai-hoc?page=3725.md
2025-10-30 14:41:31,978 [INFO] Detected numbered document: 01-dia-chi-tra-cuu-httpswwwuiteduvntra-cuuvan-banghttpswwwuiteduvntra-cuuvan-bang in huong-dan-sinh-vien
2025-10-30 14:41:31,993 [INFO] Saved HTML [daa/quydinh_huongdan/huong-dan-sinh-vien/01-dia-chi-tra-cuu-httpswwwuiteduvntra-cuuvan-banghttpswwwuiteduvntra-cuuvan-bang]: daa.uit.edu.vn_thongbao_huong-dan-tra-cuu-va-xac-minh-van-bang-tot-nghiep-dai-hoc?page=3726.html
2025-10-30 14:41:32,002 [INFO] Saved Markdown [daa/quydinh_huongdan/huong-dan-sinh-vien/01-dia-chi-tra-cuu-httpswwwuiteduvntra-cuuvan-banghttpswwwuiteduvntra-cuuvan-bang]: daa.uit.edu.vn_thongbao_huong-dan-tra-cuu-va-xac-minh-van-bang-tot-nghiep-dai-hoc?page=3726.md
2025-10-30 14:41:32,013 [INFO] Detected numbered document: 01-dia-chi-tra-cuu-httpswwwuiteduvntra-cuuvan-banghttpswwwuiteduvntra-cuuvan-bang in huong-dan-sinh-vien
2025-10-30 14:41:32,024 [INFO] Saved HTML [daa/quydinh_huongdan/huong-dan-sinh-vien/01-dia-chi-tra-cuu-httpswwwuiteduvntra-cuuvan-banghttpswwwuiteduvntra-cuuvan-bang]: daa.uit.edu.vn_thongbao_huong-dan-tra-cuu-va-xac-minh-van-bang-tot-nghiep-dai-hoc?page=131.html
2025-10-30 14:41:32,031 [INFO] Saved Markdown [daa/quydinh_huongdan/huong-dan-sinh-vien/01-dia-chi-tra-cuu-httpswwwuiteduvntra-cuuvan-banghttpswwwuiteduvntra-cuuvan-bang]: daa.uit.edu.vn_thongbao_huong-dan-tra-cuu-va-xac-minh-van-bang-tot-nghiep-dai-hoc?page=131.md
2025-10-30 14:41:32,044 [INFO] Detected numbered document: 01-dia-chi-tra-cuu-httpswwwuiteduvntra-cuuvan-banghttpswwwuiteduvntra-cuuvan-bang in huong-dan-sinh-vien
2025-10-30 14:41:32,052 [INFO] Saved HTML [daa/quydinh_huongdan/huong-dan-sinh-vien/01-dia-chi-tra-cuu-httpswwwuiteduvntra-cuuvan-banghttpswwwuiteduvntra-cuuvan-bang]: daa.uit.edu.vn_thongbao_huong-dan-tra-cuu-va-xac-minh-van-bang-tot-nghiep-dai-hoc?page=130.html
2025-10-30 14:41:32,058 [INFO] Saved Markdown [daa/quydinh_huongdan/huong-dan-sinh-vien/01-dia-chi-tra-cuu-httpswwwuiteduvntra-cuuvan-banghttpswwwuiteduvntra-cuuvan-bang]: daa.uit.edu.vn_thongbao_huong-dan-tra-cuu-va-xac-minh-van-bang-tot-nghiep-dai-hoc?page=130.md
2025-10-30 14:41:32,072 [INFO] Detected numbered document: 01-dia-chi-tra-cuu-httpswwwuiteduvntra-cuuvan-banghttpswwwuiteduvntra-cuuvan-bang in huong-dan-sinh-vien
2025-10-30 14:41:32,082 [INFO] Saved HTML [daa/quydinh_huongdan/huong-dan-sinh-vien/01-dia-chi-tra-cuu-httpswwwuiteduvntra-cuuvan-banghttpswwwuiteduvntra-cuuvan-bang]: daa.uit.edu.vn_thongbao_huong-dan-tra-cuu-va-xac-minh-van-bang-tot-nghiep-dai-hoc?page=132.html
2025-10-30 14:41:32,089 [INFO] Saved Markdown [daa/quydinh_huongdan/huong-dan-sinh-vien/01-dia-chi-tra-cuu-httpswwwuiteduvntra-cuuvan-banghttpswwwuiteduvntra-cuuvan-bang]: daa.uit.edu.vn_thongbao_huong-dan-tra-cuu-va-xac-minh-van-bang-tot-nghiep-dai-hoc?page=132.md
2025-10-30 14:41:32,103 [INFO] Detected numbered document: 01-dia-chi-tra-cuu-httpswwwuiteduvntra-cuuvan-banghttpswwwuiteduvntra-cuuvan-bang in huong-dan-sinh-vien
2025-10-30 14:41:32,115 [INFO] Saved HTML [daa/quydinh_huongdan/huong-dan-sinh-vien/01-dia-chi-tra-cuu-httpswwwuiteduvntra-cuuvan-banghttpswwwuiteduvntra-cuuvan-bang]: daa.uit.edu.vn_thongbao_huong-dan-tra-cuu-va-xac-minh-van-bang-tot-nghiep-dai-hoc?page=133.html
2025-10-30 14:41:32,121 [INFO] Saved Markdown [daa/quydinh_huongdan/huong-dan-sinh-vien/01-dia-chi-tra-cuu-httpswwwuiteduvntra-cuuvan-banghttpswwwuiteduvntra-cuuvan-bang]: daa.uit.edu.vn_thongbao_huong-dan-tra-cuu-va-xac-minh-van-bang-tot-nghiep-dai-hoc?page=133.md
2025-10-30 14:41:32,133 [INFO] Detected numbered document: 01-dia-chi-tra-cuu-httpswwwuiteduvntra-cuuvan-banghttpswwwuiteduvntra-cuuvan-bang in huong-dan-sinh-vien
2025-10-30 14:41:32,145 [INFO] Saved HTML [daa/quydinh_huongdan/huong-dan-sinh-vien/01-dia-chi-tra-cuu-httpswwwuiteduvntra-cuuvan-banghttpswwwuiteduvntra-cuuvan-bang]: daa.uit.edu.vn_thongbao_huong-dan-tra-cuu-va-xac-minh-van-bang-tot-nghiep-dai-hoc?page=3721.html
2025-10-30 14:41:32,152 [INFO] Saved Markdown [daa/quydinh_huongdan/huong-dan-sinh-vien/01-dia-chi-tra-cuu-httpswwwuiteduvntra-cuuvan-banghttpswwwuiteduvntra-cuuvan-bang]: daa.uit.edu.vn_thongbao_huong-dan-tra-cuu-va-xac-minh-van-bang-tot-nghiep-dai-hoc?page=3721.md
2025-10-30 14:41:32,164 [INFO] Detected numbered document: 01-dia-chi-tra-cuu-httpswwwuiteduvntra-cuuvan-banghttpswwwuiteduvntra-cuuvan-bang in huong-dan-sinh-vien
2025-10-30 14:41:32,174 [INFO] Saved HTML [daa/quydinh_huongdan/huong-dan-sinh-vien/01-dia-chi-tra-cuu-httpswwwuiteduvntra-cuuvan-banghttpswwwuiteduvntra-cuuvan-bang]: daa.uit.edu.vn_thongbao_huong-dan-tra-cuu-va-xac-minh-van-bang-tot-nghiep-dai-hoc?page=3723.html
2025-10-30 14:41:32,182 [INFO] Saved Markdown [daa/quydinh_huongdan/huong-dan-sinh-vien/01-dia-chi-tra-cuu-httpswwwuiteduvntra-cuuvan-banghttpswwwuiteduvntra-cuuvan-bang]: daa.uit.edu.vn_thongbao_huong-dan-tra-cuu-va-xac-minh-van-bang-tot-nghiep-dai-hoc?page=3723.md
2025-10-30 14:41:32,194 [INFO] Detected numbered document: 01-dia-chi-tra-cuu-httpswwwuiteduvntra-cuuvan-banghttpswwwuiteduvntra-cuuvan-bang in huong-dan-sinh-vien
2025-10-30 14:41:32,207 [INFO] Saved HTML [daa/quydinh_huongdan/huong-dan-sinh-vien/01-dia-chi-tra-cuu-httpswwwuiteduvntra-cuuvan-banghttpswwwuiteduvntra-cuuvan-bang]: daa.uit.edu.vn_thongbao_huong-dan-tra-cuu-va-xac-minh-van-bang-tot-nghiep-dai-hoc?page=3722.html
2025-10-30 14:41:32,215 [INFO] Saved Markdown [daa/quydinh_huongdan/huong-dan-sinh-vien/01-dia-chi-tra-cuu-httpswwwuiteduvntra-cuuvan-banghttpswwwuiteduvntra-cuuvan-bang]: daa.uit.edu.vn_thongbao_huong-dan-tra-cuu-va-xac-minh-van-bang-tot-nghiep-dai-hoc?page=3722.md
2025-10-30 14:41:32,223 [INFO] Detected numbered document: 01-dia-chi-tra-cuu-httpswwwuiteduvntra-cuuvan-banghttpswwwuiteduvntra-cuuvan-bang in huong-dan-sinh-vien
2025-10-30 14:41:32,234 [INFO] Saved HTML [daa/quydinh_huongdan/huong-dan-sinh-vien/01-dia-chi-tra-cuu-httpswwwuiteduvntra-cuuvan-banghttpswwwuiteduvntra-cuuvan-bang]: daa.uit.edu.vn_thongbao_huong-dan-tra-cuu-va-xac-minh-van-bang-tot-nghiep-dai-hoc?page=134.html
2025-10-30 14:41:32,241 [INFO] Saved Markdown [daa/quydinh_huongdan/huong-dan-sinh-vien/01-dia-chi-tra-cuu-httpswwwuiteduvntra-cuuvan-banghttpswwwuiteduvntra-cuuvan-bang]: daa.uit.edu.vn_thongbao_huong-dan-tra-cuu-va-xac-minh-van-bang-tot-nghiep-dai-hoc?page=134.md
2025-10-30 14:41:32,254 [INFO] Detected numbered document: 01-dia-chi-tra-cuu-httpswwwuiteduvntra-cuuvan-banghttpswwwuiteduvntra-cuuvan-bang in huong-dan-sinh-vien
2025-10-30 14:41:32,270 [INFO] Saved HTML [daa/quydinh_huongdan/huong-dan-sinh-vien/01-dia-chi-tra-cuu-httpswwwuiteduvntra-cuuvan-banghttpswwwuiteduvntra-cuuvan-bang]: daa.uit.edu.vn_thongbao_huong-dan-tra-cuu-va-xac-minh-van-bang-tot-nghiep-dai-hoc?page=3720.html
2025-10-30 14:41:32,278 [INFO] Saved Markdown [daa/quydinh_huongdan/huong-dan-sinh-vien/01-dia-chi-tra-cuu-httpswwwuiteduvntra-cuuvan-banghttpswwwuiteduvntra-cuuvan-bang]: daa.uit.edu.vn_thongbao_huong-dan-tra-cuu-va-xac-minh-van-bang-tot-nghiep-dai-hoc?page=3720.md
2025-10-30 14:41:32,289 [INFO] Detected numbered document: 01-dia-chi-tra-cuu-httpswwwuiteduvntra-cuuvan-banghttpswwwuiteduvntra-cuuvan-bang in huong-dan-sinh-vien
2025-10-30 14:41:32,303 [INFO] Saved HTML [daa/quydinh_huongdan/huong-dan-sinh-vien/01-dia-chi-tra-cuu-httpswwwuiteduvntra-cuuvan-banghttpswwwuiteduvntra-cuuvan-bang]: daa.uit.edu.vn_thongbao_huong-dan-tra-cuu-va-xac-minh-van-bang-tot-nghiep-dai-hoc?page=136.html
2025-10-30 14:41:32,309 [INFO] Saved Markdown [daa/quydinh_huongdan/huong-dan-sinh-vien/01-dia-chi-tra-cuu-httpswwwuiteduvntra-cuuvan-banghttpswwwuiteduvntra-cuuvan-bang]: daa.uit.edu.vn_thongbao_huong-dan-tra-cuu-va-xac-minh-van-bang-tot-nghiep-dai-hoc?page=136.md
2025-10-30 14:41:32,320 [INFO] Detected numbered document: 01-dia-chi-tra-cuu-httpswwwuiteduvntra-cuuvan-banghttpswwwuiteduvntra-cuuvan-bang in huong-dan-sinh-vien
2025-10-30 14:41:32,334 [INFO] Saved HTML [daa/quydinh_huongdan/huong-dan-sinh-vien/01-dia-chi-tra-cuu-httpswwwuiteduvntra-cuuvan-banghttpswwwuiteduvntra-cuuvan-bang]: daa.uit.edu.vn_thongbao_huong-dan-tra-cuu-va-xac-minh-van-bang-tot-nghiep-dai-hoc?page=137.html
2025-10-30 14:41:32,341 [INFO] Saved Markdown [daa/quydinh_huongdan/huong-dan-sinh-vien/01-dia-chi-tra-cuu-httpswwwuiteduvntra-cuuvan-banghttpswwwuiteduvntra-cuuvan-bang]: daa.uit.edu.vn_thongbao_huong-dan-tra-cuu-va-xac-minh-van-bang-tot-nghiep-dai-hoc?page=137.md
2025-10-30 14:41:32,351 [INFO] Detected numbered document: 01-dia-chi-tra-cuu-httpswwwuiteduvntra-cuuvan-banghttpswwwuiteduvntra-cuuvan-bang in huong-dan-sinh-vien
2025-10-30 14:41:32,363 [INFO] Saved HTML [daa/quydinh_huongdan/huong-dan-sinh-vien/01-dia-chi-tra-cuu-httpswwwuiteduvntra-cuuvan-banghttpswwwuiteduvntra-cuuvan-bang]: daa.uit.edu.vn_thongbao_huong-dan-tra-cuu-va-xac-minh-van-bang-tot-nghiep-dai-hoc?page=3717.html
2025-10-30 14:41:32,371 [INFO] Saved Markdown [daa/quydinh_huongdan/huong-dan-sinh-vien/01-dia-chi-tra-cuu-httpswwwuiteduvntra-cuuvan-banghttpswwwuiteduvntra-cuuvan-bang]: daa.uit.edu.vn_thongbao_huong-dan-tra-cuu-va-xac-minh-van-bang-tot-nghiep-dai-hoc?page=3717.md
2025-10-30 14:41:32,381 [INFO] Detected numbered document: 01-dia-chi-tra-cuu-httpswwwuiteduvntra-cuuvan-banghttpswwwuiteduvntra-cuuvan-bang in huong-dan-sinh-vien
2025-10-30 14:41:32,393 [INFO] Saved HTML [daa/quydinh_huongdan/huong-dan-sinh-vien/01-dia-chi-tra-cuu-httpswwwuiteduvntra-cuuvan-banghttpswwwuiteduvntra-cuuvan-bang]: daa.uit.edu.vn_thongbao_huong-dan-tra-cuu-va-xac-minh-van-bang-tot-nghiep-dai-hoc?page=135.html
2025-10-30 14:41:32,402 [INFO] Saved Markdown [daa/quydinh_huongdan/huong-dan-sinh-vien/01-dia-chi-tra-cuu-httpswwwuiteduvntra-cuuvan-banghttpswwwuiteduvntra-cuuvan-bang]: daa.uit.edu.vn_thongbao_huong-dan-tra-cuu-va-xac-minh-van-bang-tot-nghiep-dai-hoc?page=135.md
2025-10-30 14:41:32,412 [INFO] Detected numbered document: 01-dia-chi-tra-cuu-httpswwwuiteduvntra-cuuvan-banghttpswwwuiteduvntra-cuuvan-bang in huong-dan-sinh-vien
2025-10-30 14:41:32,423 [INFO] Saved HTML [daa/quydinh_huongdan/huong-dan-sinh-vien/01-dia-chi-tra-cuu-httpswwwuiteduvntra-cuuvan-banghttpswwwuiteduvntra-cuuvan-bang]: daa.uit.edu.vn_thongbao_huong-dan-tra-cuu-va-xac-minh-van-bang-tot-nghiep-dai-hoc?page=3718.html
2025-10-30 14:41:32,429 [INFO] Saved Markdown [daa/quydinh_huongdan/huong-dan-sinh-vien/01-dia-chi-tra-cuu-httpswwwuiteduvntra-cuuvan-banghttpswwwuiteduvntra-cuuvan-bang]: daa.uit.edu.vn_thongbao_huong-dan-tra-cuu-va-xac-minh-van-bang-tot-nghiep-dai-hoc?page=3718.md
2025-10-30 14:41:32,439 [INFO] Detected numbered document: 01-dia-chi-tra-cuu-httpswwwuiteduvntra-cuuvan-banghttpswwwuiteduvntra-cuuvan-bang in huong-dan-sinh-vien
2025-10-30 14:41:32,450 [INFO] Saved HTML [daa/quydinh_huongdan/huong-dan-sinh-vien/01-dia-chi-tra-cuu-httpswwwuiteduvntra-cuuvan-banghttpswwwuiteduvntra-cuuvan-bang]: daa.uit.edu.vn_thongbao_huong-dan-tra-cuu-va-xac-minh-van-bang-tot-nghiep-dai-hoc?page=3716.html
2025-10-30 14:41:32,457 [INFO] Saved Markdown [daa/quydinh_huongdan/huong-dan-sinh-vien/01-dia-chi-tra-cuu-httpswwwuiteduvntra-cuuvan-banghttpswwwuiteduvntra-cuuvan-bang]: daa.uit.edu.vn_thongbao_huong-dan-tra-cuu-va-xac-minh-van-bang-tot-nghiep-dai-hoc?page=3716.md
2025-10-30 14:41:32,466 [INFO] Detected numbered document: 01-dia-chi-tra-cuu-httpswwwuiteduvntra-cuuvan-banghttpswwwuiteduvntra-cuuvan-bang in huong-dan-sinh-vien
2025-10-30 14:41:32,477 [INFO] Saved HTML [daa/quydinh_huongdan/huong-dan-sinh-vien/01-dia-chi-tra-cuu-httpswwwuiteduvntra-cuuvan-banghttpswwwuiteduvntra-cuuvan-bang]: daa.uit.edu.vn_thongbao_huong-dan-tra-cuu-va-xac-minh-van-bang-tot-nghiep-dai-hoc?page=139.html
2025-10-30 14:41:32,484 [INFO] Saved Markdown [daa/quydinh_huongdan/huong-dan-sinh-vien/01-dia-chi-tra-cuu-httpswwwuiteduvntra-cuuvan-banghttpswwwuiteduvntra-cuuvan-bang]: daa.uit.edu.vn_thongbao_huong-dan-tra-cuu-va-xac-minh-van-bang-tot-nghiep-dai-hoc?page=139.md
2025-10-30 14:41:32,497 [INFO] Detected numbered document: 01-dia-chi-tra-cuu-httpswwwuiteduvntra-cuuvan-banghttpswwwuiteduvntra-cuuvan-bang in huong-dan-sinh-vien
2025-10-30 14:41:32,509 [INFO] Saved HTML [daa/quydinh_huongdan/huong-dan-sinh-vien/01-dia-chi-tra-cuu-httpswwwuiteduvntra-cuuvan-banghttpswwwuiteduvntra-cuuvan-bang]: daa.uit.edu.vn_thongbao_huong-dan-tra-cuu-va-xac-minh-van-bang-tot-nghiep-dai-hoc?page=140.html
2025-10-30 14:41:32,518 [INFO] Saved Markdown [daa/quydinh_huongdan/huong-dan-sinh-vien/01-dia-chi-tra-cuu-httpswwwuiteduvntra-cuuvan-banghttpswwwuiteduvntra-cuuvan-bang]: daa.uit.edu.vn_thongbao_huong-dan-tra-cuu-va-xac-minh-van-bang-tot-nghiep-dai-hoc?page=140.md
2025-10-30 14:41:32,527 [INFO] Detected numbered document: 01-dia-chi-tra-cuu-httpswwwuiteduvntra-cuuvan-banghttpswwwuiteduvntra-cuuvan-bang in huong-dan-sinh-vien
2025-10-30 14:41:32,539 [INFO] Saved HTML [daa/quydinh_huongdan/huong-dan-sinh-vien/01-dia-chi-tra-cuu-httpswwwuiteduvntra-cuuvan-banghttpswwwuiteduvntra-cuuvan-bang]: daa.uit.edu.vn_thongbao_huong-dan-tra-cuu-va-xac-minh-van-bang-tot-nghiep-dai-hoc?page=3719.html
2025-10-30 14:41:32,546 [INFO] Saved Markdown [daa/quydinh_huongdan/huong-dan-sinh-vien/01-dia-chi-tra-cuu-httpswwwuiteduvntra-cuuvan-banghttpswwwuiteduvntra-cuuvan-bang]: daa.uit.edu.vn_thongbao_huong-dan-tra-cuu-va-xac-minh-van-bang-tot-nghiep-dai-hoc?page=3719.md
2025-10-30 14:41:32,554 [INFO] Detected numbered document: 01-dia-chi-tra-cuu-httpswwwuiteduvntra-cuuvan-banghttpswwwuiteduvntra-cuuvan-bang in huong-dan-sinh-vien
2025-10-30 14:41:32,564 [INFO] Saved HTML [daa/quydinh_huongdan/huong-dan-sinh-vien/01-dia-chi-tra-cuu-httpswwwuiteduvntra-cuuvan-banghttpswwwuiteduvntra-cuuvan-bang]: daa.uit.edu.vn_thongbao_huong-dan-tra-cuu-va-xac-minh-van-bang-tot-nghiep-dai-hoc?page=138.html
2025-10-30 14:41:32,571 [INFO] Saved Markdown [daa/quydinh_huongdan/huong-dan-sinh-vien/01-dia-chi-tra-cuu-httpswwwuiteduvntra-cuuvan-banghttpswwwuiteduvntra-cuuvan-bang]: daa.uit.edu.vn_thongbao_huong-dan-tra-cuu-va-xac-minh-van-bang-tot-nghiep-dai-hoc?page=138.md
2025-10-30 14:41:32,584 [INFO] Detected numbered document: 01-dia-chi-tra-cuu-httpswwwuiteduvntra-cuuvan-banghttpswwwuiteduvntra-cuuvan-bang in huong-dan-sinh-vien
2025-10-30 14:41:32,595 [INFO] Saved HTML [daa/quydinh_huongdan/huong-dan-sinh-vien/01-dia-chi-tra-cuu-httpswwwuiteduvntra-cuuvan-banghttpswwwuiteduvntra-cuuvan-bang]: daa.uit.edu.vn_thongbao_huong-dan-tra-cuu-va-xac-minh-van-bang-tot-nghiep-dai-hoc?page=3715.html
2025-10-30 14:41:32,602 [INFO] Saved Markdown [daa/quydinh_huongdan/huong-dan-sinh-vien/01-dia-chi-tra-cuu-httpswwwuiteduvntra-cuuvan-banghttpswwwuiteduvntra-cuuvan-bang]: daa.uit.edu.vn_thongbao_huong-dan-tra-cuu-va-xac-minh-van-bang-tot-nghiep-dai-hoc?page=3715.md
2025-10-30 14:41:32,616 [INFO] Detected numbered document: 01-dia-chi-tra-cuu-httpswwwuiteduvntra-cuuvan-banghttpswwwuiteduvntra-cuuvan-bang in huong-dan-sinh-vien
2025-10-30 14:41:32,629 [INFO] Saved HTML [daa/quydinh_huongdan/huong-dan-sinh-vien/01-dia-chi-tra-cuu-httpswwwuiteduvntra-cuuvan-banghttpswwwuiteduvntra-cuuvan-bang]: daa.uit.edu.vn_thongbao_huong-dan-tra-cuu-va-xac-minh-van-bang-tot-nghiep-dai-hoc?page=3712.html
2025-10-30 14:41:32,639 [INFO] Saved Markdown [daa/quydinh_huongdan/huong-dan-sinh-vien/01-dia-chi-tra-cuu-httpswwwuiteduvntra-cuuvan-banghttpswwwuiteduvntra-cuuvan-bang]: daa.uit.edu.vn_thongbao_huong-dan-tra-cuu-va-xac-minh-van-bang-tot-nghiep-dai-hoc?page=3712.md
2025-10-30 14:41:32,651 [INFO] Detected numbered document: 01-dia-chi-tra-cuu-httpswwwuiteduvntra-cuuvan-banghttpswwwuiteduvntra-cuuvan-bang in huong-dan-sinh-vien
2025-10-30 14:41:32,666 [INFO] Saved HTML [daa/quydinh_huongdan/huong-dan-sinh-vien/01-dia-chi-tra-cuu-httpswwwuiteduvntra-cuuvan-banghttpswwwuiteduvntra-cuuvan-bang]: daa.uit.edu.vn_thongbao_huong-dan-tra-cuu-va-xac-minh-van-bang-tot-nghiep-dai-hoc?page=141.html
2025-10-30 14:41:32,672 [INFO] Saved Markdown [daa/quydinh_huongdan/huong-dan-sinh-vien/01-dia-chi-tra-cuu-httpswwwuiteduvntra-cuuvan-banghttpswwwuiteduvntra-cuuvan-bang]: daa.uit.edu.vn_thongbao_huong-dan-tra-cuu-va-xac-minh-van-bang-tot-nghiep-dai-hoc?page=141.md
2025-10-30 14:41:32,685 [INFO] Detected numbered document: 01-dia-chi-tra-cuu-httpswwwuiteduvntra-cuuvan-banghttpswwwuiteduvntra-cuuvan-bang in huong-dan-sinh-vien
2025-10-30 14:41:32,710 [INFO] Saved HTML [daa/quydinh_huongdan/huong-dan-sinh-vien/01-dia-chi-tra-cuu-httpswwwuiteduvntra-cuuvan-banghttpswwwuiteduvntra-cuuvan-bang]: daa.uit.edu.vn_thongbao_huong-dan-tra-cuu-va-xac-minh-van-bang-tot-nghiep-dai-hoc?page=3714.html
2025-10-30 14:41:32,721 [INFO] Saved Markdown [daa/quydinh_huongdan/huong-dan-sinh-vien/01-dia-chi-tra-cuu-httpswwwuiteduvntra-cuuvan-banghttpswwwuiteduvntra-cuuvan-bang]: daa.uit.edu.vn_thongbao_huong-dan-tra-cuu-va-xac-minh-van-bang-tot-nghiep-dai-hoc?page=3714.md
2025-10-30 14:41:32,736 [INFO] Detected numbered document: 01-dia-chi-tra-cuu-httpswwwuiteduvntra-cuuvan-banghttpswwwuiteduvntra-cuuvan-bang in huong-dan-sinh-vien
2025-10-30 14:41:32,766 [INFO] Saved HTML [daa/quydinh_huongdan/huong-dan-sinh-vien/01-dia-chi-tra-cuu-httpswwwuiteduvntra-cuuvan-banghttpswwwuiteduvntra-cuuvan-bang]: daa.uit.edu.vn_thongbao_huong-dan-tra-cuu-va-xac-minh-van-bang-tot-nghiep-dai-hoc?page=3713.html
2025-10-30 14:41:32,781 [INFO] Saved Markdown [daa/quydinh_huongdan/huong-dan-sinh-vien/01-dia-chi-tra-cuu-httpswwwuiteduvntra-cuuvan-banghttpswwwuiteduvntra-cuuvan-bang]: daa.uit.edu.vn_thongbao_huong-dan-tra-cuu-va-xac-minh-van-bang-tot-nghiep-dai-hoc?page=3713.md
2025-10-30 14:41:32,793 [INFO] Detected numbered document: 01-dia-chi-tra-cuu-httpswwwuiteduvntra-cuuvan-banghttpswwwuiteduvntra-cuuvan-bang in huong-dan-sinh-vien
2025-10-30 14:41:32,805 [INFO] Saved HTML [daa/quydinh_huongdan/huong-dan-sinh-vien/01-dia-chi-tra-cuu-httpswwwuiteduvntra-cuuvan-banghttpswwwuiteduvntra-cuuvan-bang]: daa.uit.edu.vn_thongbao_huong-dan-tra-cuu-va-xac-minh-van-bang-tot-nghiep-dai-hoc?page=143.html
2025-10-30 14:41:32,813 [INFO] Saved Markdown [daa/quydinh_huongdan/huong-dan-sinh-vien/01-dia-chi-tra-cuu-httpswwwuiteduvntra-cuuvan-banghttpswwwuiteduvntra-cuuvan-bang]: daa.uit.edu.vn_thongbao_huong-dan-tra-cuu-va-xac-minh-van-bang-tot-nghiep-dai-hoc?page=143.md
2025-10-30 14:41:32,821 [INFO] Detected numbered document: 01-dia-chi-tra-cuu-httpswwwuiteduvntra-cuuvan-banghttpswwwuiteduvntra-cuuvan-bang in huong-dan-sinh-vien
2025-10-30 14:41:32,833 [INFO] Saved HTML [daa/quydinh_huongdan/huong-dan-sinh-vien/01-dia-chi-tra-cuu-httpswwwuiteduvntra-cuuvan-banghttpswwwuiteduvntra-cuuvan-bang]: daa.uit.edu.vn_thongbao_huong-dan-tra-cuu-va-xac-minh-van-bang-tot-nghiep-dai-hoc?page=144.html
2025-10-30 14:41:32,856 [INFO] Saved Markdown [daa/quydinh_huongdan/huong-dan-sinh-vien/01-dia-chi-tra-cuu-httpswwwuiteduvntra-cuuvan-banghttpswwwuiteduvntra-cuuvan-bang]: daa.uit.edu.vn_thongbao_huong-dan-tra-cuu-va-xac-minh-van-bang-tot-nghiep-dai-hoc?page=144.md
2025-10-30 14:41:32,867 [INFO] Detected numbered document: 01-dia-chi-tra-cuu-httpswwwuiteduvntra-cuuvan-banghttpswwwuiteduvntra-cuuvan-bang in huong-dan-sinh-vien
2025-10-30 14:41:32,881 [INFO] Saved HTML [daa/quydinh_huongdan/huong-dan-sinh-vien/01-dia-chi-tra-cuu-httpswwwuiteduvntra-cuuvan-banghttpswwwuiteduvntra-cuuvan-bang]: daa.uit.edu.vn_thongbao_huong-dan-tra-cuu-va-xac-minh-van-bang-tot-nghiep-dai-hoc?page=3708.html
2025-10-30 14:41:32,889 [INFO] Saved Markdown [daa/quydinh_huongdan/huong-dan-sinh-vien/01-dia-chi-tra-cuu-httpswwwuiteduvntra-cuuvan-banghttpswwwuiteduvntra-cuuvan-bang]: daa.uit.edu.vn_thongbao_huong-dan-tra-cuu-va-xac-minh-van-bang-tot-nghiep-dai-hoc?page=3708.md
2025-10-30 14:41:32,899 [INFO] Detected numbered document: 01-dia-chi-tra-cuu-httpswwwuiteduvntra-cuuvan-banghttpswwwuiteduvntra-cuuvan-bang in huong-dan-sinh-vien
2025-10-30 14:41:32,922 [INFO] Saved HTML [daa/quydinh_huongdan/huong-dan-sinh-vien/01-dia-chi-tra-cuu-httpswwwuiteduvntra-cuuvan-banghttpswwwuiteduvntra-cuuvan-bang]: daa.uit.edu.vn_thongbao_huong-dan-tra-cuu-va-xac-minh-van-bang-tot-nghiep-dai-hoc?page=3711.html
2025-10-30 14:41:32,946 [INFO] Saved Markdown [daa/quydinh_huongdan/huong-dan-sinh-vien/01-dia-chi-tra-cuu-httpswwwuiteduvntra-cuuvan-banghttpswwwuiteduvntra-cuuvan-bang]: daa.uit.edu.vn_thongbao_huong-dan-tra-cuu-va-xac-minh-van-bang-tot-nghiep-dai-hoc?page=3711.md
2025-10-30 14:41:32,955 [INFO] Detected numbered document: 01-dia-chi-tra-cuu-httpswwwuiteduvntra-cuuvan-banghttpswwwuiteduvntra-cuuvan-bang in huong-dan-sinh-vien
2025-10-30 14:41:32,988 [INFO] Saved HTML [daa/quydinh_huongdan/huong-dan-sinh-vien/01-dia-chi-tra-cuu-httpswwwuiteduvntra-cuuvan-banghttpswwwuiteduvntra-cuuvan-bang]: daa.uit.edu.vn_thongbao_huong-dan-tra-cuu-va-xac-minh-van-bang-tot-nghiep-dai-hoc?page=142.html
2025-10-30 14:41:33,003 [INFO] Saved Markdown [daa/quydinh_huongdan/huong-dan-sinh-vien/01-dia-chi-tra-cuu-httpswwwuiteduvntra-cuuvan-banghttpswwwuiteduvntra-cuuvan-bang]: daa.uit.edu.vn_thongbao_huong-dan-tra-cuu-va-xac-minh-van-bang-tot-nghiep-dai-hoc?page=142.md
2025-10-30 14:41:33,015 [INFO] Detected numbered document: 01-dia-chi-tra-cuu-httpswwwuiteduvntra-cuuvan-banghttpswwwuiteduvntra-cuuvan-bang in huong-dan-sinh-vien
2025-10-30 14:41:33,028 [INFO] Saved HTML [daa/quydinh_huongdan/huong-dan-sinh-vien/01-dia-chi-tra-cuu-httpswwwuiteduvntra-cuuvan-banghttpswwwuiteduvntra-cuuvan-bang]: daa.uit.edu.vn_thongbao_huong-dan-tra-cuu-va-xac-minh-van-bang-tot-nghiep-dai-hoc?page=3710.html
2025-10-30 14:41:33,033 [INFO] Saved Markdown [daa/quydinh_huongdan/huong-dan-sinh-vien/01-dia-chi-tra-cuu-httpswwwuiteduvntra-cuuvan-banghttpswwwuiteduvntra-cuuvan-bang]: daa.uit.edu.vn_thongbao_huong-dan-tra-cuu-va-xac-minh-van-bang-tot-nghiep-dai-hoc?page=3710.md
2025-10-30 14:41:33,050 [INFO] Detected numbered document: 01-dia-chi-tra-cuu-httpswwwuiteduvntra-cuuvan-banghttpswwwuiteduvntra-cuuvan-bang in huong-dan-sinh-vien
2025-10-30 14:41:33,060 [INFO] Saved HTML [daa/quydinh_huongdan/huong-dan-sinh-vien/01-dia-chi-tra-cuu-httpswwwuiteduvntra-cuuvan-banghttpswwwuiteduvntra-cuuvan-bang]: daa.uit.edu.vn_thongbao_huong-dan-tra-cuu-va-xac-minh-van-bang-tot-nghiep-dai-hoc?page=146.html
2025-10-30 14:41:33,067 [INFO] Saved Markdown [daa/quydinh_huongdan/huong-dan-sinh-vien/01-dia-chi-tra-cuu-httpswwwuiteduvntra-cuuvan-banghttpswwwuiteduvntra-cuuvan-bang]: daa.uit.edu.vn_thongbao_huong-dan-tra-cuu-va-xac-minh-van-bang-tot-nghiep-dai-hoc?page=146.md
2025-10-30 14:41:33,075 [INFO] Detected numbered document: 01-dia-chi-tra-cuu-httpswwwuiteduvntra-cuuvan-banghttpswwwuiteduvntra-cuuvan-bang in huong-dan-sinh-vien
2025-10-30 14:41:33,086 [INFO] Saved HTML [daa/quydinh_huongdan/huong-dan-sinh-vien/01-dia-chi-tra-cuu-httpswwwuiteduvntra-cuuvan-banghttpswwwuiteduvntra-cuuvan-bang]: daa.uit.edu.vn_thongbao_huong-dan-tra-cuu-va-xac-minh-van-bang-tot-nghiep-dai-hoc?page=145.html
2025-10-30 14:41:33,092 [INFO] Saved Markdown [daa/quydinh_huongdan/huong-dan-sinh-vien/01-dia-chi-tra-cuu-httpswwwuiteduvntra-cuuvan-banghttpswwwuiteduvntra-cuuvan-bang]: daa.uit.edu.vn_thongbao_huong-dan-tra-cuu-va-xac-minh-van-bang-tot-nghiep-dai-hoc?page=145.md
2025-10-30 14:41:33,108 [INFO] Detected numbered document: 01-dia-chi-tra-cuu-httpswwwuiteduvntra-cuuvan-banghttpswwwuiteduvntra-cuuvan-bang in huong-dan-sinh-vien
2025-10-30 14:41:33,119 [INFO] Saved HTML [daa/quydinh_huongdan/huong-dan-sinh-vien/01-dia-chi-tra-cuu-httpswwwuiteduvntra-cuuvan-banghttpswwwuiteduvntra-cuuvan-bang]: daa.uit.edu.vn_thongbao_huong-dan-tra-cuu-va-xac-minh-van-bang-tot-nghiep-dai-hoc?page=147.html
2025-10-30 14:41:33,126 [INFO] Saved Markdown [daa/quydinh_huongdan/huong-dan-sinh-vien/01-dia-chi-tra-cuu-httpswwwuiteduvntra-cuuvan-banghttpswwwuiteduvntra-cuuvan-bang]: daa.uit.edu.vn_thongbao_huong-dan-tra-cuu-va-xac-minh-van-bang-tot-nghiep-dai-hoc?page=147.md
2025-10-30 14:41:33,145 [INFO] Detected numbered document: 01-dia-chi-tra-cuu-httpswwwuiteduvntra-cuuvan-banghttpswwwuiteduvntra-cuuvan-bang in huong-dan-sinh-vien
2025-10-30 14:41:33,159 [INFO] Saved HTML [daa/quydinh_huongdan/huong-dan-sinh-vien/01-dia-chi-tra-cuu-httpswwwuiteduvntra-cuuvan-banghttpswwwuiteduvntra-cuuvan-bang]: daa.uit.edu.vn_thongbao_huong-dan-tra-cuu-va-xac-minh-van-bang-tot-nghiep-dai-hoc?page=3709.html
2025-10-30 14:41:33,164 [INFO] Saved Markdown [daa/quydinh_huongdan/huong-dan-sinh-vien/01-dia-chi-tra-cuu-httpswwwuiteduvntra-cuuvan-banghttpswwwuiteduvntra-cuuvan-bang]: daa.uit.edu.vn_thongbao_huong-dan-tra-cuu-va-xac-minh-van-bang-tot-nghiep-dai-hoc?page=3709.md
2025-10-30 14:41:33,177 [INFO] Detected numbered document: 01-dia-chi-tra-cuu-httpswwwuiteduvntra-cuuvan-banghttpswwwuiteduvntra-cuuvan-bang in huong-dan-sinh-vien
2025-10-30 14:41:33,188 [INFO] Saved HTML [daa/quydinh_huongdan/huong-dan-sinh-vien/01-dia-chi-tra-cuu-httpswwwuiteduvntra-cuuvan-banghttpswwwuiteduvntra-cuuvan-bang]: daa.uit.edu.vn_thongbao_huong-dan-tra-cuu-va-xac-minh-van-bang-tot-nghiep-dai-hoc?page=3706.html
2025-10-30 14:41:33,195 [INFO] Saved Markdown [daa/quydinh_huongdan/huong-dan-sinh-vien/01-dia-chi-tra-cuu-httpswwwuiteduvntra-cuuvan-banghttpswwwuiteduvntra-cuuvan-bang]: daa.uit.edu.vn_thongbao_huong-dan-tra-cuu-va-xac-minh-van-bang-tot-nghiep-dai-hoc?page=3706.md
2025-10-30 14:41:33,206 [INFO] Detected numbered document: 01-dia-chi-tra-cuu-httpswwwuiteduvntra-cuuvan-banghttpswwwuiteduvntra-cuuvan-bang in huong-dan-sinh-vien
2025-10-30 14:41:33,218 [INFO] Saved HTML [daa/quydinh_huongdan/huong-dan-sinh-vien/01-dia-chi-tra-cuu-httpswwwuiteduvntra-cuuvan-banghttpswwwuiteduvntra-cuuvan-bang]: daa.uit.edu.vn_thongbao_huong-dan-tra-cuu-va-xac-minh-van-bang-tot-nghiep-dai-hoc?page=148.html
2025-10-30 14:41:33,224 [INFO] Saved Markdown [daa/quydinh_huongdan/huong-dan-sinh-vien/01-dia-chi-tra-cuu-httpswwwuiteduvntra-cuuvan-banghttpswwwuiteduvntra-cuuvan-bang]: daa.uit.edu.vn_thongbao_huong-dan-tra-cuu-va-xac-minh-van-bang-tot-nghiep-dai-hoc?page=148.md
2025-10-30 14:41:33,237 [INFO] Detected numbered document: 01-dia-chi-tra-cuu-httpswwwuiteduvntra-cuuvan-banghttpswwwuiteduvntra-cuuvan-bang in huong-dan-sinh-vien
2025-10-30 14:41:33,247 [INFO] Saved HTML [daa/quydinh_huongdan/huong-dan-sinh-vien/01-dia-chi-tra-cuu-httpswwwuiteduvntra-cuuvan-banghttpswwwuiteduvntra-cuuvan-bang]: daa.uit.edu.vn_thongbao_huong-dan-tra-cuu-va-xac-minh-van-bang-tot-nghiep-dai-hoc?page=3707.html
2025-10-30 14:41:33,252 [INFO] Saved Markdown [daa/quydinh_huongdan/huong-dan-sinh-vien/01-dia-chi-tra-cuu-httpswwwuiteduvntra-cuuvan-banghttpswwwuiteduvntra-cuuvan-bang]: daa.uit.edu.vn_thongbao_huong-dan-tra-cuu-va-xac-minh-van-bang-tot-nghiep-dai-hoc?page=3707.md
2025-10-30 14:41:33,265 [INFO] Detected numbered document: 01-dia-chi-tra-cuu-httpswwwuiteduvntra-cuuvan-banghttpswwwuiteduvntra-cuuvan-bang in huong-dan-sinh-vien
2025-10-30 14:41:33,275 [INFO] Saved HTML [daa/quydinh_huongdan/huong-dan-sinh-vien/01-dia-chi-tra-cuu-httpswwwuiteduvntra-cuuvan-banghttpswwwuiteduvntra-cuuvan-bang]: daa.uit.edu.vn_thongbao_huong-dan-tra-cuu-va-xac-minh-van-bang-tot-nghiep-dai-hoc?page=3704.html
2025-10-30 14:41:33,281 [INFO] Saved Markdown [daa/quydinh_huongdan/huong-dan-sinh-vien/01-dia-chi-tra-cuu-httpswwwuiteduvntra-cuuvan-banghttpswwwuiteduvntra-cuuvan-bang]: daa.uit.edu.vn_thongbao_huong-dan-tra-cuu-va-xac-minh-van-bang-tot-nghiep-dai-hoc?page=3704.md
2025-10-30 14:41:33,290 [INFO] Detected numbered document: 01-dia-chi-tra-cuu-httpswwwuiteduvntra-cuuvan-banghttpswwwuiteduvntra-cuuvan-bang in huong-dan-sinh-vien
2025-10-30 14:41:33,300 [INFO] Saved HTML [daa/quydinh_huongdan/huong-dan-sinh-vien/01-dia-chi-tra-cuu-httpswwwuiteduvntra-cuuvan-banghttpswwwuiteduvntra-cuuvan-bang]: daa.uit.edu.vn_thongbao_huong-dan-tra-cuu-va-xac-minh-van-bang-tot-nghiep-dai-hoc?page=3705.html
2025-10-30 14:41:33,306 [INFO] Saved Markdown [daa/quydinh_huongdan/huong-dan-sinh-vien/01-dia-chi-tra-cuu-httpswwwuiteduvntra-cuuvan-banghttpswwwuiteduvntra-cuuvan-bang]: daa.uit.edu.vn_thongbao_huong-dan-tra-cuu-va-xac-minh-van-bang-tot-nghiep-dai-hoc?page=3705.md
2025-10-30 14:41:33,315 [INFO] Detected numbered document: 01-dia-chi-tra-cuu-httpswwwuiteduvntra-cuuvan-banghttpswwwuiteduvntra-cuuvan-bang in huong-dan-sinh-vien
2025-10-30 14:41:33,324 [INFO] Saved HTML [daa/quydinh_huongdan/huong-dan-sinh-vien/01-dia-chi-tra-cuu-httpswwwuiteduvntra-cuuvan-banghttpswwwuiteduvntra-cuuvan-bang]: daa.uit.edu.vn_thongbao_huong-dan-tra-cuu-va-xac-minh-van-bang-tot-nghiep-dai-hoc?page=3702.html
2025-10-30 14:41:33,329 [INFO] Saved Markdown [daa/quydinh_huongdan/huong-dan-sinh-vien/01-dia-chi-tra-cuu-httpswwwuiteduvntra-cuuvan-banghttpswwwuiteduvntra-cuuvan-bang]: daa.uit.edu.vn_thongbao_huong-dan-tra-cuu-va-xac-minh-van-bang-tot-nghiep-dai-hoc?page=3702.md
2025-10-30 14:41:33,342 [INFO] Detected numbered document: 01-dia-chi-tra-cuu-httpswwwuiteduvntra-cuuvan-banghttpswwwuiteduvntra-cuuvan-bang in huong-dan-sinh-vien
2025-10-30 14:41:33,350 [INFO] Saved HTML [daa/quydinh_huongdan/huong-dan-sinh-vien/01-dia-chi-tra-cuu-httpswwwuiteduvntra-cuuvan-banghttpswwwuiteduvntra-cuuvan-bang]: daa.uit.edu.vn_thongbao_huong-dan-tra-cuu-va-xac-minh-van-bang-tot-nghiep-dai-hoc?page=151.html
2025-10-30 14:41:33,355 [INFO] Saved Markdown [daa/quydinh_huongdan/huong-dan-sinh-vien/01-dia-chi-tra-cuu-httpswwwuiteduvntra-cuuvan-banghttpswwwuiteduvntra-cuuvan-bang]: daa.uit.edu.vn_thongbao_huong-dan-tra-cuu-va-xac-minh-van-bang-tot-nghiep-dai-hoc?page=151.md
2025-10-30 14:41:33,366 [INFO] Detected numbered document: 01-dia-chi-tra-cuu-httpswwwuiteduvntra-cuuvan-banghttpswwwuiteduvntra-cuuvan-bang in huong-dan-sinh-vien
2025-10-30 14:41:33,376 [INFO] Saved HTML [daa/quydinh_huongdan/huong-dan-sinh-vien/01-dia-chi-tra-cuu-httpswwwuiteduvntra-cuuvan-banghttpswwwuiteduvntra-cuuvan-bang]: daa.uit.edu.vn_thongbao_huong-dan-tra-cuu-va-xac-minh-van-bang-tot-nghiep-dai-hoc?page=150.html
2025-10-30 14:41:33,382 [INFO] Saved Markdown [daa/quydinh_huongdan/huong-dan-sinh-vien/01-dia-chi-tra-cuu-httpswwwuiteduvntra-cuuvan-banghttpswwwuiteduvntra-cuuvan-bang]: daa.uit.edu.vn_thongbao_huong-dan-tra-cuu-va-xac-minh-van-bang-tot-nghiep-dai-hoc?page=150.md
2025-10-30 14:41:33,390 [INFO] Detected numbered document: 01-dia-chi-tra-cuu-httpswwwuiteduvntra-cuuvan-banghttpswwwuiteduvntra-cuuvan-bang in huong-dan-sinh-vien
2025-10-30 14:41:33,400 [INFO] Saved HTML [daa/quydinh_huongdan/huong-dan-sinh-vien/01-dia-chi-tra-cuu-httpswwwuiteduvntra-cuuvan-banghttpswwwuiteduvntra-cuuvan-bang]: daa.uit.edu.vn_thongbao_huong-dan-tra-cuu-va-xac-minh-van-bang-tot-nghiep-dai-hoc?page=3703.html
2025-10-30 14:41:33,406 [INFO] Saved Markdown [daa/quydinh_huongdan/huong-dan-sinh-vien/01-dia-chi-tra-cuu-httpswwwuiteduvntra-cuuvan-banghttpswwwuiteduvntra-cuuvan-bang]: daa.uit.edu.vn_thongbao_huong-dan-tra-cuu-va-xac-minh-van-bang-tot-nghiep-dai-hoc?page=3703.md
2025-10-30 14:41:33,417 [INFO] Detected numbered document: 01-dia-chi-tra-cuu-httpswwwuiteduvntra-cuuvan-banghttpswwwuiteduvntra-cuuvan-bang in huong-dan-sinh-vien
2025-10-30 14:41:33,424 [INFO] Saved HTML [daa/quydinh_huongdan/huong-dan-sinh-vien/01-dia-chi-tra-cuu-httpswwwuiteduvntra-cuuvan-banghttpswwwuiteduvntra-cuuvan-bang]: daa.uit.edu.vn_thongbao_huong-dan-tra-cuu-va-xac-minh-van-bang-tot-nghiep-dai-hoc?page=149.html
2025-10-30 14:41:33,429 [INFO] Saved Markdown [daa/quydinh_huongdan/huong-dan-sinh-vien/01-dia-chi-tra-cuu-httpswwwuiteduvntra-cuuvan-banghttpswwwuiteduvntra-cuuvan-bang]: daa.uit.edu.vn_thongbao_huong-dan-tra-cuu-va-xac-minh-van-bang-tot-nghiep-dai-hoc?page=149.md
2025-10-30 14:41:33,443 [INFO] Detected numbered document: 01-dia-chi-tra-cuu-httpswwwuiteduvntra-cuuvan-banghttpswwwuiteduvntra-cuuvan-bang in huong-dan-sinh-vien
2025-10-30 14:41:33,452 [INFO] Saved HTML [daa/quydinh_huongdan/huong-dan-sinh-vien/01-dia-chi-tra-cuu-httpswwwuiteduvntra-cuuvan-banghttpswwwuiteduvntra-cuuvan-bang]: daa.uit.edu.vn_thongbao_huong-dan-tra-cuu-va-xac-minh-van-bang-tot-nghiep-dai-hoc?page=3699.html
2025-10-30 14:41:33,457 [INFO] Saved Markdown [daa/quydinh_huongdan/huong-dan-sinh-vien/01-dia-chi-tra-cuu-httpswwwuiteduvntra-cuuvan-banghttpswwwuiteduvntra-cuuvan-bang]: daa.uit.edu.vn_thongbao_huong-dan-tra-cuu-va-xac-minh-van-bang-tot-nghiep-dai-hoc?page=3699.md
2025-10-30 14:41:33,470 [INFO] Detected numbered document: 01-dia-chi-tra-cuu-httpswwwuiteduvntra-cuuvan-banghttpswwwuiteduvntra-cuuvan-bang in huong-dan-sinh-vien
2025-10-30 14:41:33,479 [INFO] Saved HTML [daa/quydinh_huongdan/huong-dan-sinh-vien/01-dia-chi-tra-cuu-httpswwwuiteduvntra-cuuvan-banghttpswwwuiteduvntra-cuuvan-bang]: daa.uit.edu.vn_thongbao_huong-dan-tra-cuu-va-xac-minh-van-bang-tot-nghiep-dai-hoc?page=3701.html
2025-10-30 14:41:33,485 [INFO] Saved Markdown [daa/quydinh_huongdan/huong-dan-sinh-vien/01-dia-chi-tra-cuu-httpswwwuiteduvntra-cuuvan-banghttpswwwuiteduvntra-cuuvan-bang]: daa.uit.edu.vn_thongbao_huong-dan-tra-cuu-va-xac-minh-van-bang-tot-nghiep-dai-hoc?page=3701.md
2025-10-30 14:41:33,496 [INFO] Detected numbered document: 01-dia-chi-tra-cuu-httpswwwuiteduvntra-cuuvan-banghttpswwwuiteduvntra-cuuvan-bang in huong-dan-sinh-vien
2025-10-30 14:41:33,505 [INFO] Saved HTML [daa/quydinh_huongdan/huong-dan-sinh-vien/01-dia-chi-tra-cuu-httpswwwuiteduvntra-cuuvan-banghttpswwwuiteduvntra-cuuvan-bang]: daa.uit.edu.vn_thongbao_huong-dan-tra-cuu-va-xac-minh-van-bang-tot-nghiep-dai-hoc?page=3700.html
2025-10-30 14:41:33,510 [INFO] Saved Markdown [daa/quydinh_huongdan/huong-dan-sinh-vien/01-dia-chi-tra-cuu-httpswwwuiteduvntra-cuuvan-banghttpswwwuiteduvntra-cuuvan-bang]: daa.uit.edu.vn_thongbao_huong-dan-tra-cuu-va-xac-minh-van-bang-tot-nghiep-dai-hoc?page=3700.md
2025-10-30 14:41:33,523 [INFO] Detected numbered document: 01-dia-chi-tra-cuu-httpswwwuiteduvntra-cuuvan-banghttpswwwuiteduvntra-cuuvan-bang in huong-dan-sinh-vien
2025-10-30 14:41:33,531 [INFO] Saved HTML [daa/quydinh_huongdan/huong-dan-sinh-vien/01-dia-chi-tra-cuu-httpswwwuiteduvntra-cuuvan-banghttpswwwuiteduvntra-cuuvan-bang]: daa.uit.edu.vn_thongbao_huong-dan-tra-cuu-va-xac-minh-van-bang-tot-nghiep-dai-hoc?page=3698.html
2025-10-30 14:41:33,536 [INFO] Saved Markdown [daa/quydinh_huongdan/huong-dan-sinh-vien/01-dia-chi-tra-cuu-httpswwwuiteduvntra-cuuvan-banghttpswwwuiteduvntra-cuuvan-bang]: daa.uit.edu.vn_thongbao_huong-dan-tra-cuu-va-xac-minh-van-bang-tot-nghiep-dai-hoc?page=3698.md
2025-10-30 14:41:33,545 [INFO] Detected numbered document: 01-dia-chi-tra-cuu-httpswwwuiteduvntra-cuuvan-banghttpswwwuiteduvntra-cuuvan-bang in huong-dan-sinh-vien
2025-10-30 14:41:33,553 [INFO] Saved HTML [daa/quydinh_huongdan/huong-dan-sinh-vien/01-dia-chi-tra-cuu-httpswwwuiteduvntra-cuuvan-banghttpswwwuiteduvntra-cuuvan-bang]: daa.uit.edu.vn_thongbao_huong-dan-tra-cuu-va-xac-minh-van-bang-tot-nghiep-dai-hoc?page=152.html
2025-10-30 14:41:33,561 [INFO] Saved Markdown [daa/quydinh_huongdan/huong-dan-sinh-vien/01-dia-chi-tra-cuu-httpswwwuiteduvntra-cuuvan-banghttpswwwuiteduvntra-cuuvan-bang]: daa.uit.edu.vn_thongbao_huong-dan-tra-cuu-va-xac-minh-van-bang-tot-nghiep-dai-hoc?page=152.md
2025-10-30 14:41:33,568 [INFO] Detected numbered document: 01-dia-chi-tra-cuu-httpswwwuiteduvntra-cuuvan-banghttpswwwuiteduvntra-cuuvan-bang in huong-dan-sinh-vien
2025-10-30 14:41:33,580 [INFO] Saved HTML [daa/quydinh_huongdan/huong-dan-sinh-vien/01-dia-chi-tra-cuu-httpswwwuiteduvntra-cuuvan-banghttpswwwuiteduvntra-cuuvan-bang]: daa.uit.edu.vn_thongbao_huong-dan-tra-cuu-va-xac-minh-van-bang-tot-nghiep-dai-hoc?page=154.html
2025-10-30 14:41:33,585 [INFO] Saved Markdown [daa/quydinh_huongdan/huong-dan-sinh-vien/01-dia-chi-tra-cuu-httpswwwuiteduvntra-cuuvan-banghttpswwwuiteduvntra-cuuvan-bang]: daa.uit.edu.vn_thongbao_huong-dan-tra-cuu-va-xac-minh-van-bang-tot-nghiep-dai-hoc?page=154.md
2025-10-30 14:41:33,595 [INFO] Detected numbered document: 01-dia-chi-tra-cuu-httpswwwuiteduvntra-cuuvan-banghttpswwwuiteduvntra-cuuvan-bang in huong-dan-sinh-vien
2025-10-30 14:41:33,604 [INFO] Saved HTML [daa/quydinh_huongdan/huong-dan-sinh-vien/01-dia-chi-tra-cuu-httpswwwuiteduvntra-cuuvan-banghttpswwwuiteduvntra-cuuvan-bang]: daa.uit.edu.vn_thongbao_huong-dan-tra-cuu-va-xac-minh-van-bang-tot-nghiep-dai-hoc?page=155.html
2025-10-30 14:41:33,609 [INFO] Saved Markdown [daa/quydinh_huongdan/huong-dan-sinh-vien/01-dia-chi-tra-cuu-httpswwwuiteduvntra-cuuvan-banghttpswwwuiteduvntra-cuuvan-bang]: daa.uit.edu.vn_thongbao_huong-dan-tra-cuu-va-xac-minh-van-bang-tot-nghiep-dai-hoc?page=155.md
2025-10-30 14:41:33,618 [INFO] Detected numbered document: 01-dia-chi-tra-cuu-httpswwwuiteduvntra-cuuvan-banghttpswwwuiteduvntra-cuuvan-bang in huong-dan-sinh-vien
2025-10-30 14:41:33,626 [INFO] Saved HTML [daa/quydinh_huongdan/huong-dan-sinh-vien/01-dia-chi-tra-cuu-httpswwwuiteduvntra-cuuvan-banghttpswwwuiteduvntra-cuuvan-bang]: daa.uit.edu.vn_thongbao_huong-dan-tra-cuu-va-xac-minh-van-bang-tot-nghiep-dai-hoc?page=3695.html
2025-10-30 14:41:33,632 [INFO] Saved Markdown [daa/quydinh_huongdan/huong-dan-sinh-vien/01-dia-chi-tra-cuu-httpswwwuiteduvntra-cuuvan-banghttpswwwuiteduvntra-cuuvan-bang]: daa.uit.edu.vn_thongbao_huong-dan-tra-cuu-va-xac-minh-van-bang-tot-nghiep-dai-hoc?page=3695.md
2025-10-30 14:41:33,644 [INFO] Detected numbered document: 01-dia-chi-tra-cuu-httpswwwuiteduvntra-cuuvan-banghttpswwwuiteduvntra-cuuvan-bang in huong-dan-sinh-vien
2025-10-30 14:41:33,653 [INFO] Saved HTML [daa/quydinh_huongdan/huong-dan-sinh-vien/01-dia-chi-tra-cuu-httpswwwuiteduvntra-cuuvan-banghttpswwwuiteduvntra-cuuvan-bang]: daa.uit.edu.vn_thongbao_huong-dan-tra-cuu-va-xac-minh-van-bang-tot-nghiep-dai-hoc?page=153.html
2025-10-30 14:41:33,657 [INFO] Saved Markdown [daa/quydinh_huongdan/huong-dan-sinh-vien/01-dia-chi-tra-cuu-httpswwwuiteduvntra-cuuvan-banghttpswwwuiteduvntra-cuuvan-bang]: daa.uit.edu.vn_thongbao_huong-dan-tra-cuu-va-xac-minh-van-bang-tot-nghiep-dai-hoc?page=153.md
2025-10-30 14:41:33,669 [INFO] Detected numbered document: 01-dia-chi-tra-cuu-httpswwwuiteduvntra-cuuvan-banghttpswwwuiteduvntra-cuuvan-bang in huong-dan-sinh-vien
2025-10-30 14:41:33,678 [INFO] Saved HTML [daa/quydinh_huongdan/huong-dan-sinh-vien/01-dia-chi-tra-cuu-httpswwwuiteduvntra-cuuvan-banghttpswwwuiteduvntra-cuuvan-bang]: daa.uit.edu.vn_thongbao_huong-dan-tra-cuu-va-xac-minh-van-bang-tot-nghiep-dai-hoc?page=3696.html
2025-10-30 14:41:33,683 [INFO] Saved Markdown [daa/quydinh_huongdan/huong-dan-sinh-vien/01-dia-chi-tra-cuu-httpswwwuiteduvntra-cuuvan-banghttpswwwuiteduvntra-cuuvan-bang]: daa.uit.edu.vn_thongbao_huong-dan-tra-cuu-va-xac-minh-van-bang-tot-nghiep-dai-hoc?page=3696.md
2025-10-30 14:41:33,695 [INFO] Detected numbered document: 01-dia-chi-tra-cuu-httpswwwuiteduvntra-cuuvan-banghttpswwwuiteduvntra-cuuvan-bang in huong-dan-sinh-vien
2025-10-30 14:41:33,706 [INFO] Saved HTML [daa/quydinh_huongdan/huong-dan-sinh-vien/01-dia-chi-tra-cuu-httpswwwuiteduvntra-cuuvan-banghttpswwwuiteduvntra-cuuvan-bang]: daa.uit.edu.vn_thongbao_huong-dan-tra-cuu-va-xac-minh-van-bang-tot-nghiep-dai-hoc?page=157.html
2025-10-30 14:41:33,714 [INFO] Saved Markdown [daa/quydinh_huongdan/huong-dan-sinh-vien/01-dia-chi-tra-cuu-httpswwwuiteduvntra-cuuvan-banghttpswwwuiteduvntra-cuuvan-bang]: daa.uit.edu.vn_thongbao_huong-dan-tra-cuu-va-xac-minh-van-bang-tot-nghiep-dai-hoc?page=157.md
2025-10-30 14:41:33,721 [INFO] Detected numbered document: 01-dia-chi-tra-cuu-httpswwwuiteduvntra-cuuvan-banghttpswwwuiteduvntra-cuuvan-bang in huong-dan-sinh-vien
2025-10-30 14:41:33,731 [INFO] Saved HTML [daa/quydinh_huongdan/huong-dan-sinh-vien/01-dia-chi-tra-cuu-httpswwwuiteduvntra-cuuvan-banghttpswwwuiteduvntra-cuuvan-bang]: daa.uit.edu.vn_thongbao_huong-dan-tra-cuu-va-xac-minh-van-bang-tot-nghiep-dai-hoc?page=156.html
2025-10-30 14:41:33,737 [INFO] Saved Markdown [daa/quydinh_huongdan/huong-dan-sinh-vien/01-dia-chi-tra-cuu-httpswwwuiteduvntra-cuuvan-banghttpswwwuiteduvntra-cuuvan-bang]: daa.uit.edu.vn_thongbao_huong-dan-tra-cuu-va-xac-minh-van-bang-tot-nghiep-dai-hoc?page=156.md
2025-10-30 14:41:33,748 [INFO] Detected numbered document: 01-dia-chi-tra-cuu-httpswwwuiteduvntra-cuuvan-banghttpswwwuiteduvntra-cuuvan-bang in huong-dan-sinh-vien
2025-10-30 14:41:33,760 [INFO] Saved HTML [daa/quydinh_huongdan/huong-dan-sinh-vien/01-dia-chi-tra-cuu-httpswwwuiteduvntra-cuuvan-banghttpswwwuiteduvntra-cuuvan-bang]: daa.uit.edu.vn_thongbao_huong-dan-tra-cuu-va-xac-minh-van-bang-tot-nghiep-dai-hoc?page=3697.html
2025-10-30 14:41:33,765 [INFO] Saved Markdown [daa/quydinh_huongdan/huong-dan-sinh-vien/01-dia-chi-tra-cuu-httpswwwuiteduvntra-cuuvan-banghttpswwwuiteduvntra-cuuvan-bang]: daa.uit.edu.vn_thongbao_huong-dan-tra-cuu-va-xac-minh-van-bang-tot-nghiep-dai-hoc?page=3697.md
2025-10-30 14:41:33,776 [INFO] Detected numbered document: 01-dia-chi-tra-cuu-httpswwwuiteduvntra-cuuvan-banghttpswwwuiteduvntra-cuuvan-bang in huong-dan-sinh-vien
2025-10-30 14:41:33,786 [INFO] Saved HTML [daa/quydinh_huongdan/huong-dan-sinh-vien/01-dia-chi-tra-cuu-httpswwwuiteduvntra-cuuvan-banghttpswwwuiteduvntra-cuuvan-bang]: daa.uit.edu.vn_thongbao_huong-dan-tra-cuu-va-xac-minh-van-bang-tot-nghiep-dai-hoc?page=3694.html
2025-10-30 14:41:33,792 [INFO] Saved Markdown [daa/quydinh_huongdan/huong-dan-sinh-vien/01-dia-chi-tra-cuu-httpswwwuiteduvntra-cuuvan-banghttpswwwuiteduvntra-cuuvan-bang]: daa.uit.edu.vn_thongbao_huong-dan-tra-cuu-va-xac-minh-van-bang-tot-nghiep-dai-hoc?page=3694.md
2025-10-30 14:41:33,803 [INFO] Detected numbered document: 01-dia-chi-tra-cuu-httpswwwuiteduvntra-cuuvan-banghttpswwwuiteduvntra-cuuvan-bang in huong-dan-sinh-vien
2025-10-30 14:41:33,812 [INFO] Saved HTML [daa/quydinh_huongdan/huong-dan-sinh-vien/01-dia-chi-tra-cuu-httpswwwuiteduvntra-cuuvan-banghttpswwwuiteduvntra-cuuvan-bang]: daa.uit.edu.vn_thongbao_huong-dan-tra-cuu-va-xac-minh-van-bang-tot-nghiep-dai-hoc?page=158.html
2025-10-30 14:41:33,817 [INFO] Saved Markdown [daa/quydinh_huongdan/huong-dan-sinh-vien/01-dia-chi-tra-cuu-httpswwwuiteduvntra-cuuvan-banghttpswwwuiteduvntra-cuuvan-bang]: daa.uit.edu.vn_thongbao_huong-dan-tra-cuu-va-xac-minh-van-bang-tot-nghiep-dai-hoc?page=158.md
2025-10-30 14:41:33,826 [INFO] Detected numbered document: 01-dia-chi-tra-cuu-httpswwwuiteduvntra-cuuvan-banghttpswwwuiteduvntra-cuuvan-bang in huong-dan-sinh-vien
2025-10-30 14:41:33,835 [INFO] Saved HTML [daa/quydinh_huongdan/huong-dan-sinh-vien/01-dia-chi-tra-cuu-httpswwwuiteduvntra-cuuvan-banghttpswwwuiteduvntra-cuuvan-bang]: daa.uit.edu.vn_thongbao_huong-dan-tra-cuu-va-xac-minh-van-bang-tot-nghiep-dai-hoc?page=160.html
2025-10-30 14:41:33,840 [INFO] Saved Markdown [daa/quydinh_huongdan/huong-dan-sinh-vien/01-dia-chi-tra-cuu-httpswwwuiteduvntra-cuuvan-banghttpswwwuiteduvntra-cuuvan-bang]: daa.uit.edu.vn_thongbao_huong-dan-tra-cuu-va-xac-minh-van-bang-tot-nghiep-dai-hoc?page=160.md
2025-10-30 14:41:33,853 [INFO] Detected numbered document: 01-dia-chi-tra-cuu-httpswwwuiteduvntra-cuuvan-banghttpswwwuiteduvntra-cuuvan-bang in huong-dan-sinh-vien
2025-10-30 14:41:33,862 [INFO] Saved HTML [daa/quydinh_huongdan/huong-dan-sinh-vien/01-dia-chi-tra-cuu-httpswwwuiteduvntra-cuuvan-banghttpswwwuiteduvntra-cuuvan-bang]: daa.uit.edu.vn_thongbao_huong-dan-tra-cuu-va-xac-minh-van-bang-tot-nghiep-dai-hoc?page=3692.html
2025-10-30 14:41:33,867 [INFO] Saved Markdown [daa/quydinh_huongdan/huong-dan-sinh-vien/01-dia-chi-tra-cuu-httpswwwuiteduvntra-cuuvan-banghttpswwwuiteduvntra-cuuvan-bang]: daa.uit.edu.vn_thongbao_huong-dan-tra-cuu-va-xac-minh-van-bang-tot-nghiep-dai-hoc?page=3692.md
2025-10-30 14:41:33,880 [INFO] Detected numbered document: 01-dia-chi-tra-cuu-httpswwwuiteduvntra-cuuvan-banghttpswwwuiteduvntra-cuuvan-bang in huong-dan-sinh-vien
2025-10-30 14:41:33,888 [INFO] Saved HTML [daa/quydinh_huongdan/huong-dan-sinh-vien/01-dia-chi-tra-cuu-httpswwwuiteduvntra-cuuvan-banghttpswwwuiteduvntra-cuuvan-bang]: daa.uit.edu.vn_thongbao_huong-dan-tra-cuu-va-xac-minh-van-bang-tot-nghiep-dai-hoc?page=3693.html
2025-10-30 14:41:33,894 [INFO] Saved Markdown [daa/quydinh_huongdan/huong-dan-sinh-vien/01-dia-chi-tra-cuu-httpswwwuiteduvntra-cuuvan-banghttpswwwuiteduvntra-cuuvan-bang]: daa.uit.edu.vn_thongbao_huong-dan-tra-cuu-va-xac-minh-van-bang-tot-nghiep-dai-hoc?page=3693.md
2025-10-30 14:41:33,903 [INFO] Detected numbered document: 01-dia-chi-tra-cuu-httpswwwuiteduvntra-cuuvan-banghttpswwwuiteduvntra-cuuvan-bang in huong-dan-sinh-vien
2025-10-30 14:41:33,912 [INFO] Saved HTML [daa/quydinh_huongdan/huong-dan-sinh-vien/01-dia-chi-tra-cuu-httpswwwuiteduvntra-cuuvan-banghttpswwwuiteduvntra-cuuvan-bang]: daa.uit.edu.vn_thongbao_huong-dan-tra-cuu-va-xac-minh-van-bang-tot-nghiep-dai-hoc?page=159.html
2025-10-30 14:41:33,918 [INFO] Saved Markdown [daa/quydinh_huongdan/huong-dan-sinh-vien/01-dia-chi-tra-cuu-httpswwwuiteduvntra-cuuvan-banghttpswwwuiteduvntra-cuuvan-bang]: daa.uit.edu.vn_thongbao_huong-dan-tra-cuu-va-xac-minh-van-bang-tot-nghiep-dai-hoc?page=159.md
2025-10-30 14:41:33,929 [INFO] Detected numbered document: 01-dia-chi-tra-cuu-httpswwwuiteduvntra-cuuvan-banghttpswwwuiteduvntra-cuuvan-bang in huong-dan-sinh-vien
2025-10-30 14:41:33,940 [INFO] Saved HTML [daa/quydinh_huongdan/huong-dan-sinh-vien/01-dia-chi-tra-cuu-httpswwwuiteduvntra-cuuvan-banghttpswwwuiteduvntra-cuuvan-bang]: daa.uit.edu.vn_thongbao_huong-dan-tra-cuu-va-xac-minh-van-bang-tot-nghiep-dai-hoc?page=3691.html
2025-10-30 14:41:33,946 [INFO] Saved Markdown [daa/quydinh_huongdan/huong-dan-sinh-vien/01-dia-chi-tra-cuu-httpswwwuiteduvntra-cuuvan-banghttpswwwuiteduvntra-cuuvan-bang]: daa.uit.edu.vn_thongbao_huong-dan-tra-cuu-va-xac-minh-van-bang-tot-nghiep-dai-hoc?page=3691.md
2025-10-30 14:41:33,957 [INFO] Detected numbered document: 01-dia-chi-tra-cuu-httpswwwuiteduvntra-cuuvan-banghttpswwwuiteduvntra-cuuvan-bang in huong-dan-sinh-vien
2025-10-30 14:41:33,969 [INFO] Saved HTML [daa/quydinh_huongdan/huong-dan-sinh-vien/01-dia-chi-tra-cuu-httpswwwuiteduvntra-cuuvan-banghttpswwwuiteduvntra-cuuvan-bang]: daa.uit.edu.vn_thongbao_huong-dan-tra-cuu-va-xac-minh-van-bang-tot-nghiep-dai-hoc?page=3690.html
2025-10-30 14:41:33,975 [INFO] Saved Markdown [daa/quydinh_huongdan/huong-dan-sinh-vien/01-dia-chi-tra-cuu-httpswwwuiteduvntra-cuuvan-banghttpswwwuiteduvntra-cuuvan-bang]: daa.uit.edu.vn_thongbao_huong-dan-tra-cuu-va-xac-minh-van-bang-tot-nghiep-dai-hoc?page=3690.md
2025-10-30 14:41:33,985 [INFO] Detected numbered document: 01-dia-chi-tra-cuu-httpswwwuiteduvntra-cuuvan-banghttpswwwuiteduvntra-cuuvan-bang in huong-dan-sinh-vien
2025-10-30 14:41:33,996 [INFO] Saved HTML [daa/quydinh_huongdan/huong-dan-sinh-vien/01-dia-chi-tra-cuu-httpswwwuiteduvntra-cuuvan-banghttpswwwuiteduvntra-cuuvan-bang]: daa.uit.edu.vn_thongbao_huong-dan-tra-cuu-va-xac-minh-van-bang-tot-nghiep-dai-hoc?page=161.html
2025-10-30 14:41:34,004 [INFO] Saved Markdown [daa/quydinh_huongdan/huong-dan-sinh-vien/01-dia-chi-tra-cuu-httpswwwuiteduvntra-cuuvan-banghttpswwwuiteduvntra-cuuvan-bang]: daa.uit.edu.vn_thongbao_huong-dan-tra-cuu-va-xac-minh-van-bang-tot-nghiep-dai-hoc?page=161.md
2025-10-30 14:41:34,012 [INFO] Detected numbered document: 01-dia-chi-tra-cuu-httpswwwuiteduvntra-cuuvan-banghttpswwwuiteduvntra-cuuvan-bang in huong-dan-sinh-vien
2025-10-30 14:41:34,024 [INFO] Saved HTML [daa/quydinh_huongdan/huong-dan-sinh-vien/01-dia-chi-tra-cuu-httpswwwuiteduvntra-cuuvan-banghttpswwwuiteduvntra-cuuvan-bang]: daa.uit.edu.vn_thongbao_huong-dan-tra-cuu-va-xac-minh-van-bang-tot-nghiep-dai-hoc?page=163.html
2025-10-30 14:41:34,031 [INFO] Saved Markdown [daa/quydinh_huongdan/huong-dan-sinh-vien/01-dia-chi-tra-cuu-httpswwwuiteduvntra-cuuvan-banghttpswwwuiteduvntra-cuuvan-bang]: daa.uit.edu.vn_thongbao_huong-dan-tra-cuu-va-xac-minh-van-bang-tot-nghiep-dai-hoc?page=163.md
2025-10-30 14:41:34,042 [INFO] Detected numbered document: 01-dia-chi-tra-cuu-httpswwwuiteduvntra-cuuvan-banghttpswwwuiteduvntra-cuuvan-bang in huong-dan-sinh-vien
2025-10-30 14:41:34,051 [INFO] Saved HTML [daa/quydinh_huongdan/huong-dan-sinh-vien/01-dia-chi-tra-cuu-httpswwwuiteduvntra-cuuvan-banghttpswwwuiteduvntra-cuuvan-bang]: daa.uit.edu.vn_thongbao_huong-dan-tra-cuu-va-xac-minh-van-bang-tot-nghiep-dai-hoc?page=162.html
2025-10-30 14:41:34,056 [INFO] Saved Markdown [daa/quydinh_huongdan/huong-dan-sinh-vien/01-dia-chi-tra-cuu-httpswwwuiteduvntra-cuuvan-banghttpswwwuiteduvntra-cuuvan-bang]: daa.uit.edu.vn_thongbao_huong-dan-tra-cuu-va-xac-minh-van-bang-tot-nghiep-dai-hoc?page=162.md
2025-10-30 14:41:34,067 [INFO] Detected numbered document: 01-dia-chi-tra-cuu-httpswwwuiteduvntra-cuuvan-banghttpswwwuiteduvntra-cuuvan-bang in huong-dan-sinh-vien
2025-10-30 14:41:34,075 [INFO] Saved HTML [daa/quydinh_huongdan/huong-dan-sinh-vien/01-dia-chi-tra-cuu-httpswwwuiteduvntra-cuuvan-banghttpswwwuiteduvntra-cuuvan-bang]: daa.uit.edu.vn_thongbao_huong-dan-tra-cuu-va-xac-minh-van-bang-tot-nghiep-dai-hoc?page=164.html
2025-10-30 14:41:34,080 [INFO] Saved Markdown [daa/quydinh_huongdan/huong-dan-sinh-vien/01-dia-chi-tra-cuu-httpswwwuiteduvntra-cuuvan-banghttpswwwuiteduvntra-cuuvan-bang]: daa.uit.edu.vn_thongbao_huong-dan-tra-cuu-va-xac-minh-van-bang-tot-nghiep-dai-hoc?page=164.md
2025-10-30 14:41:34,091 [INFO] Detected numbered document: 01-dia-chi-tra-cuu-httpswwwuiteduvntra-cuuvan-banghttpswwwuiteduvntra-cuuvan-bang in huong-dan-sinh-vien
2025-10-30 14:41:34,099 [INFO] Saved HTML [daa/quydinh_huongdan/huong-dan-sinh-vien/01-dia-chi-tra-cuu-httpswwwuiteduvntra-cuuvan-banghttpswwwuiteduvntra-cuuvan-bang]: daa.uit.edu.vn_thongbao_huong-dan-tra-cuu-va-xac-minh-van-bang-tot-nghiep-dai-hoc?page=3689.html
2025-10-30 14:41:34,105 [INFO] Saved Markdown [daa/quydinh_huongdan/huong-dan-sinh-vien/01-dia-chi-tra-cuu-httpswwwuiteduvntra-cuuvan-banghttpswwwuiteduvntra-cuuvan-bang]: daa.uit.edu.vn_thongbao_huong-dan-tra-cuu-va-xac-minh-van-bang-tot-nghiep-dai-hoc?page=3689.md
2025-10-30 14:41:34,119 [INFO] Detected numbered document: 01-dia-chi-tra-cuu-httpswwwuiteduvntra-cuuvan-banghttpswwwuiteduvntra-cuuvan-bang in huong-dan-sinh-vien
2025-10-30 14:41:34,127 [INFO] Saved HTML [daa/quydinh_huongdan/huong-dan-sinh-vien/01-dia-chi-tra-cuu-httpswwwuiteduvntra-cuuvan-banghttpswwwuiteduvntra-cuuvan-bang]: daa.uit.edu.vn_thongbao_huong-dan-tra-cuu-va-xac-minh-van-bang-tot-nghiep-dai-hoc?page=3686.html
2025-10-30 14:41:34,132 [INFO] Saved Markdown [daa/quydinh_huongdan/huong-dan-sinh-vien/01-dia-chi-tra-cuu-httpswwwuiteduvntra-cuuvan-banghttpswwwuiteduvntra-cuuvan-bang]: daa.uit.edu.vn_thongbao_huong-dan-tra-cuu-va-xac-minh-van-bang-tot-nghiep-dai-hoc?page=3686.md
2025-10-30 14:41:34,146 [INFO] Detected numbered document: 01-dia-chi-tra-cuu-httpswwwuiteduvntra-cuuvan-banghttpswwwuiteduvntra-cuuvan-bang in huong-dan-sinh-vien
2025-10-30 14:41:34,154 [INFO] Saved HTML [daa/quydinh_huongdan/huong-dan-sinh-vien/01-dia-chi-tra-cuu-httpswwwuiteduvntra-cuuvan-banghttpswwwuiteduvntra-cuuvan-bang]: daa.uit.edu.vn_thongbao_huong-dan-tra-cuu-va-xac-minh-van-bang-tot-nghiep-dai-hoc?page=3688.html
2025-10-30 14:41:34,160 [INFO] Saved Markdown [daa/quydinh_huongdan/huong-dan-sinh-vien/01-dia-chi-tra-cuu-httpswwwuiteduvntra-cuuvan-banghttpswwwuiteduvntra-cuuvan-bang]: daa.uit.edu.vn_thongbao_huong-dan-tra-cuu-va-xac-minh-van-bang-tot-nghiep-dai-hoc?page=3688.md
2025-10-30 14:41:34,170 [INFO] Detected numbered document: 01-dia-chi-tra-cuu-httpswwwuiteduvntra-cuuvan-banghttpswwwuiteduvntra-cuuvan-bang in huong-dan-sinh-vien
2025-10-30 14:41:34,177 [INFO] Saved HTML [daa/quydinh_huongdan/huong-dan-sinh-vien/01-dia-chi-tra-cuu-httpswwwuiteduvntra-cuuvan-banghttpswwwuiteduvntra-cuuvan-bang]: daa.uit.edu.vn_thongbao_huong-dan-tra-cuu-va-xac-minh-van-bang-tot-nghiep-dai-hoc?page=165.html
2025-10-30 14:41:34,183 [INFO] Saved Markdown [daa/quydinh_huongdan/huong-dan-sinh-vien/01-dia-chi-tra-cuu-httpswwwuiteduvntra-cuuvan-banghttpswwwuiteduvntra-cuuvan-bang]: daa.uit.edu.vn_thongbao_huong-dan-tra-cuu-va-xac-minh-van-bang-tot-nghiep-dai-hoc?page=165.md
2025-10-30 14:41:34,195 [INFO] Detected numbered document: 01-dia-chi-tra-cuu-httpswwwuiteduvntra-cuuvan-banghttpswwwuiteduvntra-cuuvan-bang in huong-dan-sinh-vien
2025-10-30 14:41:34,205 [INFO] Saved HTML [daa/quydinh_huongdan/huong-dan-sinh-vien/01-dia-chi-tra-cuu-httpswwwuiteduvntra-cuuvan-banghttpswwwuiteduvntra-cuuvan-bang]: daa.uit.edu.vn_thongbao_huong-dan-tra-cuu-va-xac-minh-van-bang-tot-nghiep-dai-hoc?page=3687.html
2025-10-30 14:41:34,210 [INFO] Saved Markdown [daa/quydinh_huongdan/huong-dan-sinh-vien/01-dia-chi-tra-cuu-httpswwwuiteduvntra-cuuvan-banghttpswwwuiteduvntra-cuuvan-bang]: daa.uit.edu.vn_thongbao_huong-dan-tra-cuu-va-xac-minh-van-bang-tot-nghiep-dai-hoc?page=3687.md
2025-10-30 14:41:34,222 [INFO] Detected numbered document: 01-dia-chi-tra-cuu-httpswwwuiteduvntra-cuuvan-banghttpswwwuiteduvntra-cuuvan-bang in huong-dan-sinh-vien
2025-10-30 14:41:34,230 [INFO] Saved HTML [daa/quydinh_huongdan/huong-dan-sinh-vien/01-dia-chi-tra-cuu-httpswwwuiteduvntra-cuuvan-banghttpswwwuiteduvntra-cuuvan-bang]: daa.uit.edu.vn_thongbao_huong-dan-tra-cuu-va-xac-minh-van-bang-tot-nghiep-dai-hoc?page=3685.html
2025-10-30 14:41:34,235 [INFO] Saved Markdown [daa/quydinh_huongdan/huong-dan-sinh-vien/01-dia-chi-tra-cuu-httpswwwuiteduvntra-cuuvan-banghttpswwwuiteduvntra-cuuvan-bang]: daa.uit.edu.vn_thongbao_huong-dan-tra-cuu-va-xac-minh-van-bang-tot-nghiep-dai-hoc?page=3685.md
2025-10-30 14:41:34,244 [INFO] Detected numbered document: 01-dia-chi-tra-cuu-httpswwwuiteduvntra-cuuvan-banghttpswwwuiteduvntra-cuuvan-bang in huong-dan-sinh-vien
2025-10-30 14:41:34,254 [INFO] Saved HTML [daa/quydinh_huongdan/huong-dan-sinh-vien/01-dia-chi-tra-cuu-httpswwwuiteduvntra-cuuvan-banghttpswwwuiteduvntra-cuuvan-bang]: daa.uit.edu.vn_thongbao_huong-dan-tra-cuu-va-xac-minh-van-bang-tot-nghiep-dai-hoc?page=166.html
2025-10-30 14:41:34,261 [INFO] Saved Markdown [daa/quydinh_huongdan/huong-dan-sinh-vien/01-dia-chi-tra-cuu-httpswwwuiteduvntra-cuuvan-banghttpswwwuiteduvntra-cuuvan-bang]: daa.uit.edu.vn_thongbao_huong-dan-tra-cuu-va-xac-minh-van-bang-tot-nghiep-dai-hoc?page=166.md
2025-10-30 14:41:34,271 [INFO] Detected numbered document: 01-dia-chi-tra-cuu-httpswwwuiteduvntra-cuuvan-banghttpswwwuiteduvntra-cuuvan-bang in huong-dan-sinh-vien
2025-10-30 14:41:34,281 [INFO] Saved HTML [daa/quydinh_huongdan/huong-dan-sinh-vien/01-dia-chi-tra-cuu-httpswwwuiteduvntra-cuuvan-banghttpswwwuiteduvntra-cuuvan-bang]: daa.uit.edu.vn_thongbao_huong-dan-tra-cuu-va-xac-minh-van-bang-tot-nghiep-dai-hoc?page=168.html
2025-10-30 14:41:34,286 [INFO] Saved Markdown [daa/quydinh_huongdan/huong-dan-sinh-vien/01-dia-chi-tra-cuu-httpswwwuiteduvntra-cuuvan-banghttpswwwuiteduvntra-cuuvan-bang]: daa.uit.edu.vn_thongbao_huong-dan-tra-cuu-va-xac-minh-van-bang-tot-nghiep-dai-hoc?page=168.md
2025-10-30 14:41:34,297 [INFO] Detected numbered document: 01-dia-chi-tra-cuu-httpswwwuiteduvntra-cuuvan-banghttpswwwuiteduvntra-cuuvan-bang in huong-dan-sinh-vien
2025-10-30 14:41:34,306 [INFO] Saved HTML [daa/quydinh_huongdan/huong-dan-sinh-vien/01-dia-chi-tra-cuu-httpswwwuiteduvntra-cuuvan-banghttpswwwuiteduvntra-cuuvan-bang]: daa.uit.edu.vn_thongbao_huong-dan-tra-cuu-va-xac-minh-van-bang-tot-nghiep-dai-hoc?page=3682.html
2025-10-30 14:41:34,310 [INFO] Saved Markdown [daa/quydinh_huongdan/huong-dan-sinh-vien/01-dia-chi-tra-cuu-httpswwwuiteduvntra-cuuvan-banghttpswwwuiteduvntra-cuuvan-bang]: daa.uit.edu.vn_thongbao_huong-dan-tra-cuu-va-xac-minh-van-bang-tot-nghiep-dai-hoc?page=3682.md
2025-10-30 14:41:34,324 [INFO] Detected numbered document: 01-dia-chi-tra-cuu-httpswwwuiteduvntra-cuuvan-banghttpswwwuiteduvntra-cuuvan-bang in huong-dan-sinh-vien
2025-10-30 14:41:34,332 [INFO] Saved HTML [daa/quydinh_huongdan/huong-dan-sinh-vien/01-dia-chi-tra-cuu-httpswwwuiteduvntra-cuuvan-banghttpswwwuiteduvntra-cuuvan-bang]: daa.uit.edu.vn_thongbao_huong-dan-tra-cuu-va-xac-minh-van-bang-tot-nghiep-dai-hoc?page=167.html
2025-10-30 14:41:34,336 [INFO] Saved Markdown [daa/quydinh_huongdan/huong-dan-sinh-vien/01-dia-chi-tra-cuu-httpswwwuiteduvntra-cuuvan-banghttpswwwuiteduvntra-cuuvan-bang]: daa.uit.edu.vn_thongbao_huong-dan-tra-cuu-va-xac-minh-van-bang-tot-nghiep-dai-hoc?page=167.md
2025-10-30 14:41:34,349 [INFO] Detected numbered document: 01-dia-chi-tra-cuu-httpswwwuiteduvntra-cuuvan-banghttpswwwuiteduvntra-cuuvan-bang in huong-dan-sinh-vien
2025-10-30 14:41:34,357 [INFO] Saved HTML [daa/quydinh_huongdan/huong-dan-sinh-vien/01-dia-chi-tra-cuu-httpswwwuiteduvntra-cuuvan-banghttpswwwuiteduvntra-cuuvan-bang]: daa.uit.edu.vn_thongbao_huong-dan-tra-cuu-va-xac-minh-van-bang-tot-nghiep-dai-hoc?page=169.html
2025-10-30 14:41:34,363 [INFO] Saved Markdown [daa/quydinh_huongdan/huong-dan-sinh-vien/01-dia-chi-tra-cuu-httpswwwuiteduvntra-cuuvan-banghttpswwwuiteduvntra-cuuvan-bang]: daa.uit.edu.vn_thongbao_huong-dan-tra-cuu-va-xac-minh-van-bang-tot-nghiep-dai-hoc?page=169.md
2025-10-30 14:41:34,373 [INFO] Detected numbered document: 01-dia-chi-tra-cuu-httpswwwuiteduvntra-cuuvan-banghttpswwwuiteduvntra-cuuvan-bang in huong-dan-sinh-vien
2025-10-30 14:41:34,381 [INFO] Saved HTML [daa/quydinh_huongdan/huong-dan-sinh-vien/01-dia-chi-tra-cuu-httpswwwuiteduvntra-cuuvan-banghttpswwwuiteduvntra-cuuvan-bang]: daa.uit.edu.vn_thongbao_huong-dan-tra-cuu-va-xac-minh-van-bang-tot-nghiep-dai-hoc?page=3683.html
2025-10-30 14:41:34,386 [INFO] Saved Markdown [daa/quydinh_huongdan/huong-dan-sinh-vien/01-dia-chi-tra-cuu-httpswwwuiteduvntra-cuuvan-banghttpswwwuiteduvntra-cuuvan-bang]: daa.uit.edu.vn_thongbao_huong-dan-tra-cuu-va-xac-minh-van-bang-tot-nghiep-dai-hoc?page=3683.md
2025-10-30 14:41:34,396 [INFO] Detected numbered document: 01-dia-chi-tra-cuu-httpswwwuiteduvntra-cuuvan-banghttpswwwuiteduvntra-cuuvan-bang in huong-dan-sinh-vien
2025-10-30 14:41:34,407 [INFO] Saved HTML [daa/quydinh_huongdan/huong-dan-sinh-vien/01-dia-chi-tra-cuu-httpswwwuiteduvntra-cuuvan-banghttpswwwuiteduvntra-cuuvan-bang]: daa.uit.edu.vn_thongbao_huong-dan-tra-cuu-va-xac-minh-van-bang-tot-nghiep-dai-hoc?page=3681.html
2025-10-30 14:41:34,413 [INFO] Saved Markdown [daa/quydinh_huongdan/huong-dan-sinh-vien/01-dia-chi-tra-cuu-httpswwwuiteduvntra-cuuvan-banghttpswwwuiteduvntra-cuuvan-bang]: daa.uit.edu.vn_thongbao_huong-dan-tra-cuu-va-xac-minh-van-bang-tot-nghiep-dai-hoc?page=3681.md
2025-10-30 14:41:34,421 [INFO] Detected numbered document: 01-dia-chi-tra-cuu-httpswwwuiteduvntra-cuuvan-banghttpswwwuiteduvntra-cuuvan-bang in huong-dan-sinh-vien
2025-10-30 14:41:34,428 [INFO] Saved HTML [daa/quydinh_huongdan/huong-dan-sinh-vien/01-dia-chi-tra-cuu-httpswwwuiteduvntra-cuuvan-banghttpswwwuiteduvntra-cuuvan-bang]: daa.uit.edu.vn_thongbao_huong-dan-tra-cuu-va-xac-minh-van-bang-tot-nghiep-dai-hoc?page=3684.html
2025-10-30 14:41:34,434 [INFO] Saved Markdown [daa/quydinh_huongdan/huong-dan-sinh-vien/01-dia-chi-tra-cuu-httpswwwuiteduvntra-cuuvan-banghttpswwwuiteduvntra-cuuvan-bang]: daa.uit.edu.vn_thongbao_huong-dan-tra-cuu-va-xac-minh-van-bang-tot-nghiep-dai-hoc?page=3684.md
2025-10-30 14:41:34,447 [INFO] Detected numbered document: 01-dia-chi-tra-cuu-httpswwwuiteduvntra-cuuvan-banghttpswwwuiteduvntra-cuuvan-bang in huong-dan-sinh-vien
2025-10-30 14:41:34,462 [INFO] Saved HTML [daa/quydinh_huongdan/huong-dan-sinh-vien/01-dia-chi-tra-cuu-httpswwwuiteduvntra-cuuvan-banghttpswwwuiteduvntra-cuuvan-bang]: daa.uit.edu.vn_thongbao_huong-dan-tra-cuu-va-xac-minh-van-bang-tot-nghiep-dai-hoc?page=170.html
2025-10-30 14:41:34,477 [INFO] Saved Markdown [daa/quydinh_huongdan/huong-dan-sinh-vien/01-dia-chi-tra-cuu-httpswwwuiteduvntra-cuuvan-banghttpswwwuiteduvntra-cuuvan-bang]: daa.uit.edu.vn_thongbao_huong-dan-tra-cuu-va-xac-minh-van-bang-tot-nghiep-dai-hoc?page=170.md
2025-10-30 14:41:34,491 [INFO] Detected numbered document: 01-dia-chi-tra-cuu-httpswwwuiteduvntra-cuuvan-banghttpswwwuiteduvntra-cuuvan-bang in huong-dan-sinh-vien
2025-10-30 14:41:34,526 [INFO] Saved HTML [daa/quydinh_huongdan/huong-dan-sinh-vien/01-dia-chi-tra-cuu-httpswwwuiteduvntra-cuuvan-banghttpswwwuiteduvntra-cuuvan-bang]: daa.uit.edu.vn_thongbao_huong-dan-tra-cuu-va-xac-minh-van-bang-tot-nghiep-dai-hoc?page=172.html
2025-10-30 14:41:34,541 [INFO] Saved Markdown [daa/quydinh_huongdan/huong-dan-sinh-vien/01-dia-chi-tra-cuu-httpswwwuiteduvntra-cuuvan-banghttpswwwuiteduvntra-cuuvan-bang]: daa.uit.edu.vn_thongbao_huong-dan-tra-cuu-va-xac-minh-van-bang-tot-nghiep-dai-hoc?page=172.md
2025-10-30 14:41:34,549 [INFO] Detected numbered document: 01-dia-chi-tra-cuu-httpswwwuiteduvntra-cuuvan-banghttpswwwuiteduvntra-cuuvan-bang in huong-dan-sinh-vien
2025-10-30 14:41:34,564 [INFO] Saved HTML [daa/quydinh_huongdan/huong-dan-sinh-vien/01-dia-chi-tra-cuu-httpswwwuiteduvntra-cuuvan-banghttpswwwuiteduvntra-cuuvan-bang]: daa.uit.edu.vn_thongbao_huong-dan-tra-cuu-va-xac-minh-van-bang-tot-nghiep-dai-hoc?page=171.html
2025-10-30 14:41:34,572 [INFO] Saved Markdown [daa/quydinh_huongdan/huong-dan-sinh-vien/01-dia-chi-tra-cuu-httpswwwuiteduvntra-cuuvan-banghttpswwwuiteduvntra-cuuvan-bang]: daa.uit.edu.vn_thongbao_huong-dan-tra-cuu-va-xac-minh-van-bang-tot-nghiep-dai-hoc?page=171.md
2025-10-30 14:41:34,579 [INFO] Detected numbered document: 01-dia-chi-tra-cuu-httpswwwuiteduvntra-cuuvan-banghttpswwwuiteduvntra-cuuvan-bang in huong-dan-sinh-vien
2025-10-30 14:41:34,586 [INFO] Saved HTML [daa/quydinh_huongdan/huong-dan-sinh-vien/01-dia-chi-tra-cuu-httpswwwuiteduvntra-cuuvan-banghttpswwwuiteduvntra-cuuvan-bang]: daa.uit.edu.vn_thongbao_huong-dan-tra-cuu-va-xac-minh-van-bang-tot-nghiep-dai-hoc?page=3678.html
2025-10-30 14:41:34,592 [INFO] Saved Markdown [daa/quydinh_huongdan/huong-dan-sinh-vien/01-dia-chi-tra-cuu-httpswwwuiteduvntra-cuuvan-banghttpswwwuiteduvntra-cuuvan-bang]: daa.uit.edu.vn_thongbao_huong-dan-tra-cuu-va-xac-minh-van-bang-tot-nghiep-dai-hoc?page=3678.md
2025-10-30 14:41:34,602 [INFO] Detected numbered document: 01-dia-chi-tra-cuu-httpswwwuiteduvntra-cuuvan-banghttpswwwuiteduvntra-cuuvan-bang in huong-dan-sinh-vien
2025-10-30 14:41:34,610 [INFO] Saved HTML [daa/quydinh_huongdan/huong-dan-sinh-vien/01-dia-chi-tra-cuu-httpswwwuiteduvntra-cuuvan-banghttpswwwuiteduvntra-cuuvan-bang]: daa.uit.edu.vn_thongbao_huong-dan-tra-cuu-va-xac-minh-van-bang-tot-nghiep-dai-hoc?page=3679.html
2025-10-30 14:41:34,616 [INFO] Saved Markdown [daa/quydinh_huongdan/huong-dan-sinh-vien/01-dia-chi-tra-cuu-httpswwwuiteduvntra-cuuvan-banghttpswwwuiteduvntra-cuuvan-bang]: daa.uit.edu.vn_thongbao_huong-dan-tra-cuu-va-xac-minh-van-bang-tot-nghiep-dai-hoc?page=3679.md
2025-10-30 14:41:34,625 [INFO] Detected numbered document: 01-dia-chi-tra-cuu-httpswwwuiteduvntra-cuuvan-banghttpswwwuiteduvntra-cuuvan-bang in huong-dan-sinh-vien
2025-10-30 14:41:34,634 [INFO] Saved HTML [daa/quydinh_huongdan/huong-dan-sinh-vien/01-dia-chi-tra-cuu-httpswwwuiteduvntra-cuuvan-banghttpswwwuiteduvntra-cuuvan-bang]: daa.uit.edu.vn_thongbao_huong-dan-tra-cuu-va-xac-minh-van-bang-tot-nghiep-dai-hoc?page=3680.html
2025-10-30 14:41:34,641 [INFO] Saved Markdown [daa/quydinh_huongdan/huong-dan-sinh-vien/01-dia-chi-tra-cuu-httpswwwuiteduvntra-cuuvan-banghttpswwwuiteduvntra-cuuvan-bang]: daa.uit.edu.vn_thongbao_huong-dan-tra-cuu-va-xac-minh-van-bang-tot-nghiep-dai-hoc?page=3680.md
2025-10-30 14:41:34,648 [INFO] Detected numbered document: 01-dia-chi-tra-cuu-httpswwwuiteduvntra-cuuvan-banghttpswwwuiteduvntra-cuuvan-bang in huong-dan-sinh-vien
2025-10-30 14:41:34,656 [INFO] Saved HTML [daa/quydinh_huongdan/huong-dan-sinh-vien/01-dia-chi-tra-cuu-httpswwwuiteduvntra-cuuvan-banghttpswwwuiteduvntra-cuuvan-bang]: daa.uit.edu.vn_thongbao_huong-dan-tra-cuu-va-xac-minh-van-bang-tot-nghiep-dai-hoc?page=173.html
2025-10-30 14:41:34,663 [INFO] Saved Markdown [daa/quydinh_huongdan/huong-dan-sinh-vien/01-dia-chi-tra-cuu-httpswwwuiteduvntra-cuuvan-banghttpswwwuiteduvntra-cuuvan-bang]: daa.uit.edu.vn_thongbao_huong-dan-tra-cuu-va-xac-minh-van-bang-tot-nghiep-dai-hoc?page=173.md
2025-10-30 14:41:34,674 [INFO] Detected numbered document: 01-dia-chi-tra-cuu-httpswwwuiteduvntra-cuuvan-banghttpswwwuiteduvntra-cuuvan-bang in huong-dan-sinh-vien
2025-10-30 14:41:34,687 [INFO] Saved HTML [daa/quydinh_huongdan/huong-dan-sinh-vien/01-dia-chi-tra-cuu-httpswwwuiteduvntra-cuuvan-banghttpswwwuiteduvntra-cuuvan-bang]: daa.uit.edu.vn_thongbao_huong-dan-tra-cuu-va-xac-minh-van-bang-tot-nghiep-dai-hoc?page=176.html
2025-10-30 14:41:34,695 [INFO] Saved Markdown [daa/quydinh_huongdan/huong-dan-sinh-vien/01-dia-chi-tra-cuu-httpswwwuiteduvntra-cuuvan-banghttpswwwuiteduvntra-cuuvan-bang]: daa.uit.edu.vn_thongbao_huong-dan-tra-cuu-va-xac-minh-van-bang-tot-nghiep-dai-hoc?page=176.md
2025-10-30 14:41:34,704 [INFO] Detected numbered document: 01-dia-chi-tra-cuu-httpswwwuiteduvntra-cuuvan-banghttpswwwuiteduvntra-cuuvan-bang in huong-dan-sinh-vien
2025-10-30 14:41:34,714 [INFO] Saved HTML [daa/quydinh_huongdan/huong-dan-sinh-vien/01-dia-chi-tra-cuu-httpswwwuiteduvntra-cuuvan-banghttpswwwuiteduvntra-cuuvan-bang]: daa.uit.edu.vn_thongbao_huong-dan-tra-cuu-va-xac-minh-van-bang-tot-nghiep-dai-hoc?page=175.html
2025-10-30 14:41:34,721 [INFO] Saved Markdown [daa/quydinh_huongdan/huong-dan-sinh-vien/01-dia-chi-tra-cuu-httpswwwuiteduvntra-cuuvan-banghttpswwwuiteduvntra-cuuvan-bang]: daa.uit.edu.vn_thongbao_huong-dan-tra-cuu-va-xac-minh-van-bang-tot-nghiep-dai-hoc?page=175.md
2025-10-30 14:41:34,732 [INFO] Detected numbered document: 01-dia-chi-tra-cuu-httpswwwuiteduvntra-cuuvan-banghttpswwwuiteduvntra-cuuvan-bang in huong-dan-sinh-vien
2025-10-30 14:41:34,746 [INFO] Saved HTML [daa/quydinh_huongdan/huong-dan-sinh-vien/01-dia-chi-tra-cuu-httpswwwuiteduvntra-cuuvan-banghttpswwwuiteduvntra-cuuvan-bang]: daa.uit.edu.vn_thongbao_huong-dan-tra-cuu-va-xac-minh-van-bang-tot-nghiep-dai-hoc?page=174.html
2025-10-30 14:41:34,752 [INFO] Saved Markdown [daa/quydinh_huongdan/huong-dan-sinh-vien/01-dia-chi-tra-cuu-httpswwwuiteduvntra-cuuvan-banghttpswwwuiteduvntra-cuuvan-bang]: daa.uit.edu.vn_thongbao_huong-dan-tra-cuu-va-xac-minh-van-bang-tot-nghiep-dai-hoc?page=174.md
2025-10-30 14:41:34,765 [INFO] Detected numbered document: 01-dia-chi-tra-cuu-httpswwwuiteduvntra-cuuvan-banghttpswwwuiteduvntra-cuuvan-bang in huong-dan-sinh-vien
2025-10-30 14:41:34,773 [INFO] Saved HTML [daa/quydinh_huongdan/huong-dan-sinh-vien/01-dia-chi-tra-cuu-httpswwwuiteduvntra-cuuvan-banghttpswwwuiteduvntra-cuuvan-bang]: daa.uit.edu.vn_thongbao_huong-dan-tra-cuu-va-xac-minh-van-bang-tot-nghiep-dai-hoc?page=3677.html
2025-10-30 14:41:34,777 [INFO] Saved Markdown [daa/quydinh_huongdan/huong-dan-sinh-vien/01-dia-chi-tra-cuu-httpswwwuiteduvntra-cuuvan-banghttpswwwuiteduvntra-cuuvan-bang]: daa.uit.edu.vn_thongbao_huong-dan-tra-cuu-va-xac-minh-van-bang-tot-nghiep-dai-hoc?page=3677.md
2025-10-30 14:41:34,789 [INFO] Detected numbered document: 01-dia-chi-tra-cuu-httpswwwuiteduvntra-cuuvan-banghttpswwwuiteduvntra-cuuvan-bang in huong-dan-sinh-vien
2025-10-30 14:41:34,796 [INFO] Saved HTML [daa/quydinh_huongdan/huong-dan-sinh-vien/01-dia-chi-tra-cuu-httpswwwuiteduvntra-cuuvan-banghttpswwwuiteduvntra-cuuvan-bang]: daa.uit.edu.vn_thongbao_huong-dan-tra-cuu-va-xac-minh-van-bang-tot-nghiep-dai-hoc?page=3675.html
2025-10-30 14:41:34,801 [INFO] Saved Markdown [daa/quydinh_huongdan/huong-dan-sinh-vien/01-dia-chi-tra-cuu-httpswwwuiteduvntra-cuuvan-banghttpswwwuiteduvntra-cuuvan-bang]: daa.uit.edu.vn_thongbao_huong-dan-tra-cuu-va-xac-minh-van-bang-tot-nghiep-dai-hoc?page=3675.md
2025-10-30 14:41:34,811 [INFO] Detected numbered document: 01-dia-chi-tra-cuu-httpswwwuiteduvntra-cuuvan-banghttpswwwuiteduvntra-cuuvan-bang in huong-dan-sinh-vien
2025-10-30 14:41:34,819 [INFO] Saved HTML [daa/quydinh_huongdan/huong-dan-sinh-vien/01-dia-chi-tra-cuu-httpswwwuiteduvntra-cuuvan-banghttpswwwuiteduvntra-cuuvan-bang]: daa.uit.edu.vn_thongbao_huong-dan-tra-cuu-va-xac-minh-van-bang-tot-nghiep-dai-hoc?page=3674.html
2025-10-30 14:41:34,824 [INFO] Saved Markdown [daa/quydinh_huongdan/huong-dan-sinh-vien/01-dia-chi-tra-cuu-httpswwwuiteduvntra-cuuvan-banghttpswwwuiteduvntra-cuuvan-bang]: daa.uit.edu.vn_thongbao_huong-dan-tra-cuu-va-xac-minh-van-bang-tot-nghiep-dai-hoc?page=3674.md
2025-10-30 14:41:34,831 [INFO] Detected numbered document: 01-dia-chi-tra-cuu-httpswwwuiteduvntra-cuuvan-banghttpswwwuiteduvntra-cuuvan-bang in huong-dan-sinh-vien
2025-10-30 14:41:34,839 [INFO] Saved HTML [daa/quydinh_huongdan/huong-dan-sinh-vien/01-dia-chi-tra-cuu-httpswwwuiteduvntra-cuuvan-banghttpswwwuiteduvntra-cuuvan-bang]: daa.uit.edu.vn_thongbao_huong-dan-tra-cuu-va-xac-minh-van-bang-tot-nghiep-dai-hoc?page=177.html
2025-10-30 14:41:34,843 [INFO] Saved Markdown [daa/quydinh_huongdan/huong-dan-sinh-vien/01-dia-chi-tra-cuu-httpswwwuiteduvntra-cuuvan-banghttpswwwuiteduvntra-cuuvan-bang]: daa.uit.edu.vn_thongbao_huong-dan-tra-cuu-va-xac-minh-van-bang-tot-nghiep-dai-hoc?page=177.md
2025-10-30 14:41:34,855 [INFO] Detected numbered document: 01-dia-chi-tra-cuu-httpswwwuiteduvntra-cuuvan-banghttpswwwuiteduvntra-cuuvan-bang in huong-dan-sinh-vien
2025-10-30 14:41:34,864 [INFO] Saved HTML [daa/quydinh_huongdan/huong-dan-sinh-vien/01-dia-chi-tra-cuu-httpswwwuiteduvntra-cuuvan-banghttpswwwuiteduvntra-cuuvan-bang]: daa.uit.edu.vn_thongbao_huong-dan-tra-cuu-va-xac-minh-van-bang-tot-nghiep-dai-hoc?page=3676.html
2025-10-30 14:41:34,869 [INFO] Saved Markdown [daa/quydinh_huongdan/huong-dan-sinh-vien/01-dia-chi-tra-cuu-httpswwwuiteduvntra-cuuvan-banghttpswwwuiteduvntra-cuuvan-bang]: daa.uit.edu.vn_thongbao_huong-dan-tra-cuu-va-xac-minh-van-bang-tot-nghiep-dai-hoc?page=3676.md
2025-10-30 14:41:34,880 [INFO] Detected numbered document: 01-dia-chi-tra-cuu-httpswwwuiteduvntra-cuuvan-banghttpswwwuiteduvntra-cuuvan-bang in huong-dan-sinh-vien
2025-10-30 14:41:34,888 [INFO] Saved HTML [daa/quydinh_huongdan/huong-dan-sinh-vien/01-dia-chi-tra-cuu-httpswwwuiteduvntra-cuuvan-banghttpswwwuiteduvntra-cuuvan-bang]: daa.uit.edu.vn_thongbao_huong-dan-tra-cuu-va-xac-minh-van-bang-tot-nghiep-dai-hoc?page=178.html
2025-10-30 14:41:34,893 [INFO] Saved Markdown [daa/quydinh_huongdan/huong-dan-sinh-vien/01-dia-chi-tra-cuu-httpswwwuiteduvntra-cuuvan-banghttpswwwuiteduvntra-cuuvan-bang]: daa.uit.edu.vn_thongbao_huong-dan-tra-cuu-va-xac-minh-van-bang-tot-nghiep-dai-hoc?page=178.md
2025-10-30 14:41:34,905 [INFO] Detected numbered document: 01-dia-chi-tra-cuu-httpswwwuiteduvntra-cuuvan-banghttpswwwuiteduvntra-cuuvan-bang in huong-dan-sinh-vien
2025-10-30 14:41:34,915 [INFO] Saved HTML [daa/quydinh_huongdan/huong-dan-sinh-vien/01-dia-chi-tra-cuu-httpswwwuiteduvntra-cuuvan-banghttpswwwuiteduvntra-cuuvan-bang]: daa.uit.edu.vn_thongbao_huong-dan-tra-cuu-va-xac-minh-van-bang-tot-nghiep-dai-hoc?page=180.html
2025-10-30 14:41:34,920 [INFO] Saved Markdown [daa/quydinh_huongdan/huong-dan-sinh-vien/01-dia-chi-tra-cuu-httpswwwuiteduvntra-cuuvan-banghttpswwwuiteduvntra-cuuvan-bang]: daa.uit.edu.vn_thongbao_huong-dan-tra-cuu-va-xac-minh-van-bang-tot-nghiep-dai-hoc?page=180.md
2025-10-30 14:41:34,931 [INFO] Detected numbered document: 01-dia-chi-tra-cuu-httpswwwuiteduvntra-cuuvan-banghttpswwwuiteduvntra-cuuvan-bang in huong-dan-sinh-vien
2025-10-30 14:41:34,940 [INFO] Saved HTML [daa/quydinh_huongdan/huong-dan-sinh-vien/01-dia-chi-tra-cuu-httpswwwuiteduvntra-cuuvan-banghttpswwwuiteduvntra-cuuvan-bang]: daa.uit.edu.vn_thongbao_huong-dan-tra-cuu-va-xac-minh-van-bang-tot-nghiep-dai-hoc?page=3671.html
2025-10-30 14:41:34,945 [INFO] Saved Markdown [daa/quydinh_huongdan/huong-dan-sinh-vien/01-dia-chi-tra-cuu-httpswwwuiteduvntra-cuuvan-banghttpswwwuiteduvntra-cuuvan-bang]: daa.uit.edu.vn_thongbao_huong-dan-tra-cuu-va-xac-minh-van-bang-tot-nghiep-dai-hoc?page=3671.md
2025-10-30 14:41:34,956 [INFO] Detected numbered document: 01-dia-chi-tra-cuu-httpswwwuiteduvntra-cuuvan-banghttpswwwuiteduvntra-cuuvan-bang in huong-dan-sinh-vien
2025-10-30 14:41:34,964 [INFO] Saved HTML [daa/quydinh_huongdan/huong-dan-sinh-vien/01-dia-chi-tra-cuu-httpswwwuiteduvntra-cuuvan-banghttpswwwuiteduvntra-cuuvan-bang]: daa.uit.edu.vn_thongbao_huong-dan-tra-cuu-va-xac-minh-van-bang-tot-nghiep-dai-hoc?page=179.html
2025-10-30 14:41:34,968 [INFO] Saved Markdown [daa/quydinh_huongdan/huong-dan-sinh-vien/01-dia-chi-tra-cuu-httpswwwuiteduvntra-cuuvan-banghttpswwwuiteduvntra-cuuvan-bang]: daa.uit.edu.vn_thongbao_huong-dan-tra-cuu-va-xac-minh-van-bang-tot-nghiep-dai-hoc?page=179.md
2025-10-30 14:41:34,981 [INFO] Detected numbered document: 01-dia-chi-tra-cuu-httpswwwuiteduvntra-cuuvan-banghttpswwwuiteduvntra-cuuvan-bang in huong-dan-sinh-vien
2025-10-30 14:41:34,989 [INFO] Saved HTML [daa/quydinh_huongdan/huong-dan-sinh-vien/01-dia-chi-tra-cuu-httpswwwuiteduvntra-cuuvan-banghttpswwwuiteduvntra-cuuvan-bang]: daa.uit.edu.vn_thongbao_huong-dan-tra-cuu-va-xac-minh-van-bang-tot-nghiep-dai-hoc?page=3672.html
2025-10-30 14:41:34,995 [INFO] Saved Markdown [daa/quydinh_huongdan/huong-dan-sinh-vien/01-dia-chi-tra-cuu-httpswwwuiteduvntra-cuuvan-banghttpswwwuiteduvntra-cuuvan-bang]: daa.uit.edu.vn_thongbao_huong-dan-tra-cuu-va-xac-minh-van-bang-tot-nghiep-dai-hoc?page=3672.md
2025-10-30 14:41:35,004 [INFO] Detected numbered document: 01-dia-chi-tra-cuu-httpswwwuiteduvntra-cuuvan-banghttpswwwuiteduvntra-cuuvan-bang in huong-dan-sinh-vien
2025-10-30 14:41:35,012 [INFO] Saved HTML [daa/quydinh_huongdan/huong-dan-sinh-vien/01-dia-chi-tra-cuu-httpswwwuiteduvntra-cuuvan-banghttpswwwuiteduvntra-cuuvan-bang]: daa.uit.edu.vn_thongbao_huong-dan-tra-cuu-va-xac-minh-van-bang-tot-nghiep-dai-hoc?page=3673.html
2025-10-30 14:41:35,017 [INFO] Saved Markdown [daa/quydinh_huongdan/huong-dan-sinh-vien/01-dia-chi-tra-cuu-httpswwwuiteduvntra-cuuvan-banghttpswwwuiteduvntra-cuuvan-bang]: daa.uit.edu.vn_thongbao_huong-dan-tra-cuu-va-xac-minh-van-bang-tot-nghiep-dai-hoc?page=3673.md
2025-10-30 14:41:35,028 [INFO] Detected numbered document: 01-dia-chi-tra-cuu-httpswwwuiteduvntra-cuuvan-banghttpswwwuiteduvntra-cuuvan-bang in huong-dan-sinh-vien
2025-10-30 14:41:35,038 [INFO] Saved HTML [daa/quydinh_huongdan/huong-dan-sinh-vien/01-dia-chi-tra-cuu-httpswwwuiteduvntra-cuuvan-banghttpswwwuiteduvntra-cuuvan-bang]: daa.uit.edu.vn_thongbao_huong-dan-tra-cuu-va-xac-minh-van-bang-tot-nghiep-dai-hoc?page=182.html
2025-10-30 14:41:35,043 [INFO] Saved Markdown [daa/quydinh_huongdan/huong-dan-sinh-vien/01-dia-chi-tra-cuu-httpswwwuiteduvntra-cuuvan-banghttpswwwuiteduvntra-cuuvan-bang]: daa.uit.edu.vn_thongbao_huong-dan-tra-cuu-va-xac-minh-van-bang-tot-nghiep-dai-hoc?page=182.md
2025-10-30 14:41:35,054 [INFO] Detected numbered document: 01-dia-chi-tra-cuu-httpswwwuiteduvntra-cuuvan-banghttpswwwuiteduvntra-cuuvan-bang in huong-dan-sinh-vien
2025-10-30 14:41:35,062 [INFO] Saved HTML [daa/quydinh_huongdan/huong-dan-sinh-vien/01-dia-chi-tra-cuu-httpswwwuiteduvntra-cuuvan-banghttpswwwuiteduvntra-cuuvan-bang]: daa.uit.edu.vn_thongbao_huong-dan-tra-cuu-va-xac-minh-van-bang-tot-nghiep-dai-hoc?page=184.html
2025-10-30 14:41:35,068 [INFO] Saved Markdown [daa/quydinh_huongdan/huong-dan-sinh-vien/01-dia-chi-tra-cuu-httpswwwuiteduvntra-cuuvan-banghttpswwwuiteduvntra-cuuvan-bang]: daa.uit.edu.vn_thongbao_huong-dan-tra-cuu-va-xac-minh-van-bang-tot-nghiep-dai-hoc?page=184.md
2025-10-30 14:41:35,080 [INFO] Detected numbered document: 01-dia-chi-tra-cuu-httpswwwuiteduvntra-cuuvan-banghttpswwwuiteduvntra-cuuvan-bang in huong-dan-sinh-vien
2025-10-30 14:41:35,088 [INFO] Saved HTML [daa/quydinh_huongdan/huong-dan-sinh-vien/01-dia-chi-tra-cuu-httpswwwuiteduvntra-cuuvan-banghttpswwwuiteduvntra-cuuvan-bang]: daa.uit.edu.vn_thongbao_huong-dan-tra-cuu-va-xac-minh-van-bang-tot-nghiep-dai-hoc?page=183.html
2025-10-30 14:41:35,093 [INFO] Saved Markdown [daa/quydinh_huongdan/huong-dan-sinh-vien/01-dia-chi-tra-cuu-httpswwwuiteduvntra-cuuvan-banghttpswwwuiteduvntra-cuuvan-bang]: daa.uit.edu.vn_thongbao_huong-dan-tra-cuu-va-xac-minh-van-bang-tot-nghiep-dai-hoc?page=183.md
2025-10-30 14:41:35,104 [INFO] Detected numbered document: 01-dia-chi-tra-cuu-httpswwwuiteduvntra-cuuvan-banghttpswwwuiteduvntra-cuuvan-bang in huong-dan-sinh-vien
2025-10-30 14:41:35,113 [INFO] Saved HTML [daa/quydinh_huongdan/huong-dan-sinh-vien/01-dia-chi-tra-cuu-httpswwwuiteduvntra-cuuvan-banghttpswwwuiteduvntra-cuuvan-bang]: daa.uit.edu.vn_thongbao_huong-dan-tra-cuu-va-xac-minh-van-bang-tot-nghiep-dai-hoc?page=181.html
2025-10-30 14:41:35,118 [INFO] Saved Markdown [daa/quydinh_huongdan/huong-dan-sinh-vien/01-dia-chi-tra-cuu-httpswwwuiteduvntra-cuuvan-banghttpswwwuiteduvntra-cuuvan-bang]: daa.uit.edu.vn_thongbao_huong-dan-tra-cuu-va-xac-minh-van-bang-tot-nghiep-dai-hoc?page=181.md
2025-10-30 14:41:35,126 [INFO] Detected numbered document: 01-dia-chi-tra-cuu-httpswwwuiteduvntra-cuuvan-banghttpswwwuiteduvntra-cuuvan-bang in huong-dan-sinh-vien
2025-10-30 14:41:35,133 [INFO] Saved HTML [daa/quydinh_huongdan/huong-dan-sinh-vien/01-dia-chi-tra-cuu-httpswwwuiteduvntra-cuuvan-banghttpswwwuiteduvntra-cuuvan-bang]: daa.uit.edu.vn_thongbao_huong-dan-tra-cuu-va-xac-minh-van-bang-tot-nghiep-dai-hoc?page=3670.html
2025-10-30 14:41:35,139 [INFO] Saved Markdown [daa/quydinh_huongdan/huong-dan-sinh-vien/01-dia-chi-tra-cuu-httpswwwuiteduvntra-cuuvan-banghttpswwwuiteduvntra-cuuvan-bang]: daa.uit.edu.vn_thongbao_huong-dan-tra-cuu-va-xac-minh-van-bang-tot-nghiep-dai-hoc?page=3670.md
2025-10-30 14:41:35,150 [INFO] Detected numbered document: 01-dia-chi-tra-cuu-httpswwwuiteduvntra-cuuvan-banghttpswwwuiteduvntra-cuuvan-bang in huong-dan-sinh-vien
2025-10-30 14:41:35,158 [INFO] Saved HTML [daa/quydinh_huongdan/huong-dan-sinh-vien/01-dia-chi-tra-cuu-httpswwwuiteduvntra-cuuvan-banghttpswwwuiteduvntra-cuuvan-bang]: daa.uit.edu.vn_thongbao_huong-dan-tra-cuu-va-xac-minh-van-bang-tot-nghiep-dai-hoc?page=186.html
2025-10-30 14:41:35,164 [INFO] Saved Markdown [daa/quydinh_huongdan/huong-dan-sinh-vien/01-dia-chi-tra-cuu-httpswwwuiteduvntra-cuuvan-banghttpswwwuiteduvntra-cuuvan-bang]: daa.uit.edu.vn_thongbao_huong-dan-tra-cuu-va-xac-minh-van-bang-tot-nghiep-dai-hoc?page=186.md
2025-10-30 14:41:35,175 [INFO] Detected numbered document: 01-dia-chi-tra-cuu-httpswwwuiteduvntra-cuuvan-banghttpswwwuiteduvntra-cuuvan-bang in huong-dan-sinh-vien
2025-10-30 14:41:35,184 [INFO] Saved HTML [daa/quydinh_huongdan/huong-dan-sinh-vien/01-dia-chi-tra-cuu-httpswwwuiteduvntra-cuuvan-banghttpswwwuiteduvntra-cuuvan-bang]: daa.uit.edu.vn_thongbao_huong-dan-tra-cuu-va-xac-minh-van-bang-tot-nghiep-dai-hoc?page=185.html
2025-10-30 14:41:35,188 [INFO] Saved Markdown [daa/quydinh_huongdan/huong-dan-sinh-vien/01-dia-chi-tra-cuu-httpswwwuiteduvntra-cuuvan-banghttpswwwuiteduvntra-cuuvan-bang]: daa.uit.edu.vn_thongbao_huong-dan-tra-cuu-va-xac-minh-van-bang-tot-nghiep-dai-hoc?page=185.md
2025-10-30 14:41:35,197 [INFO] Detected numbered document: 01-dia-chi-tra-cuu-httpswwwuiteduvntra-cuuvan-banghttpswwwuiteduvntra-cuuvan-bang in huong-dan-sinh-vien
2025-10-30 14:41:35,207 [INFO] Saved HTML [daa/quydinh_huongdan/huong-dan-sinh-vien/01-dia-chi-tra-cuu-httpswwwuiteduvntra-cuuvan-banghttpswwwuiteduvntra-cuuvan-bang]: daa.uit.edu.vn_thongbao_huong-dan-tra-cuu-va-xac-minh-van-bang-tot-nghiep-dai-hoc?page=3668.html
2025-10-30 14:41:35,213 [INFO] Saved Markdown [daa/quydinh_huongdan/huong-dan-sinh-vien/01-dia-chi-tra-cuu-httpswwwuiteduvntra-cuuvan-banghttpswwwuiteduvntra-cuuvan-bang]: daa.uit.edu.vn_thongbao_huong-dan-tra-cuu-va-xac-minh-van-bang-tot-nghiep-dai-hoc?page=3668.md
2025-10-30 14:41:35,221 [INFO] Detected numbered document: 01-dia-chi-tra-cuu-httpswwwuiteduvntra-cuuvan-banghttpswwwuiteduvntra-cuuvan-bang in huong-dan-sinh-vien
2025-10-30 14:41:35,229 [INFO] Saved HTML [daa/quydinh_huongdan/huong-dan-sinh-vien/01-dia-chi-tra-cuu-httpswwwuiteduvntra-cuuvan-banghttpswwwuiteduvntra-cuuvan-bang]: daa.uit.edu.vn_thongbao_huong-dan-tra-cuu-va-xac-minh-van-bang-tot-nghiep-dai-hoc?page=3667.html
2025-10-30 14:41:35,234 [INFO] Saved Markdown [daa/quydinh_huongdan/huong-dan-sinh-vien/01-dia-chi-tra-cuu-httpswwwuiteduvntra-cuuvan-banghttpswwwuiteduvntra-cuuvan-bang]: daa.uit.edu.vn_thongbao_huong-dan-tra-cuu-va-xac-minh-van-bang-tot-nghiep-dai-hoc?page=3667.md
2025-10-30 14:41:35,244 [INFO] Detected numbered document: 01-dia-chi-tra-cuu-httpswwwuiteduvntra-cuuvan-banghttpswwwuiteduvntra-cuuvan-bang in huong-dan-sinh-vien
2025-10-30 14:41:35,254 [INFO] Saved HTML [daa/quydinh_huongdan/huong-dan-sinh-vien/01-dia-chi-tra-cuu-httpswwwuiteduvntra-cuuvan-banghttpswwwuiteduvntra-cuuvan-bang]: daa.uit.edu.vn_thongbao_huong-dan-tra-cuu-va-xac-minh-van-bang-tot-nghiep-dai-hoc?page=3669.html
2025-10-30 14:41:35,262 [INFO] Saved Markdown [daa/quydinh_huongdan/huong-dan-sinh-vien/01-dia-chi-tra-cuu-httpswwwuiteduvntra-cuuvan-banghttpswwwuiteduvntra-cuuvan-bang]: daa.uit.edu.vn_thongbao_huong-dan-tra-cuu-va-xac-minh-van-bang-tot-nghiep-dai-hoc?page=3669.md
2025-10-30 14:41:35,271 [INFO] Detected numbered document: 01-dia-chi-tra-cuu-httpswwwuiteduvntra-cuuvan-banghttpswwwuiteduvntra-cuuvan-bang in huong-dan-sinh-vien
2025-10-30 14:41:35,283 [INFO] Saved HTML [daa/quydinh_huongdan/huong-dan-sinh-vien/01-dia-chi-tra-cuu-httpswwwuiteduvntra-cuuvan-banghttpswwwuiteduvntra-cuuvan-bang]: daa.uit.edu.vn_thongbao_huong-dan-tra-cuu-va-xac-minh-van-bang-tot-nghiep-dai-hoc?page=189.html
2025-10-30 14:41:35,288 [INFO] Saved Markdown [daa/quydinh_huongdan/huong-dan-sinh-vien/01-dia-chi-tra-cuu-httpswwwuiteduvntra-cuuvan-banghttpswwwuiteduvntra-cuuvan-bang]: daa.uit.edu.vn_thongbao_huong-dan-tra-cuu-va-xac-minh-van-bang-tot-nghiep-dai-hoc?page=189.md
2025-10-30 14:41:35,299 [INFO] Detected numbered document: 01-dia-chi-tra-cuu-httpswwwuiteduvntra-cuuvan-banghttpswwwuiteduvntra-cuuvan-bang in huong-dan-sinh-vien
2025-10-30 14:41:35,307 [INFO] Saved HTML [daa/quydinh_huongdan/huong-dan-sinh-vien/01-dia-chi-tra-cuu-httpswwwuiteduvntra-cuuvan-banghttpswwwuiteduvntra-cuuvan-bang]: daa.uit.edu.vn_thongbao_huong-dan-tra-cuu-va-xac-minh-van-bang-tot-nghiep-dai-hoc?page=188.html
2025-10-30 14:41:35,312 [INFO] Saved Markdown [daa/quydinh_huongdan/huong-dan-sinh-vien/01-dia-chi-tra-cuu-httpswwwuiteduvntra-cuuvan-banghttpswwwuiteduvntra-cuuvan-bang]: daa.uit.edu.vn_thongbao_huong-dan-tra-cuu-va-xac-minh-van-bang-tot-nghiep-dai-hoc?page=188.md
2025-10-30 14:41:35,322 [INFO] Detected numbered document: 01-dia-chi-tra-cuu-httpswwwuiteduvntra-cuuvan-banghttpswwwuiteduvntra-cuuvan-bang in huong-dan-sinh-vien
2025-10-30 14:41:35,331 [INFO] Saved HTML [daa/quydinh_huongdan/huong-dan-sinh-vien/01-dia-chi-tra-cuu-httpswwwuiteduvntra-cuuvan-banghttpswwwuiteduvntra-cuuvan-bang]: daa.uit.edu.vn_thongbao_huong-dan-tra-cuu-va-xac-minh-van-bang-tot-nghiep-dai-hoc?page=3666.html
2025-10-30 14:41:35,337 [INFO] Saved Markdown [daa/quydinh_huongdan/huong-dan-sinh-vien/01-dia-chi-tra-cuu-httpswwwuiteduvntra-cuuvan-banghttpswwwuiteduvntra-cuuvan-bang]: daa.uit.edu.vn_thongbao_huong-dan-tra-cuu-va-xac-minh-van-bang-tot-nghiep-dai-hoc?page=3666.md
2025-10-30 14:41:35,345 [INFO] Detected numbered document: 01-dia-chi-tra-cuu-httpswwwuiteduvntra-cuuvan-banghttpswwwuiteduvntra-cuuvan-bang in huong-dan-sinh-vien
2025-10-30 14:41:35,354 [INFO] Saved HTML [daa/quydinh_huongdan/huong-dan-sinh-vien/01-dia-chi-tra-cuu-httpswwwuiteduvntra-cuuvan-banghttpswwwuiteduvntra-cuuvan-bang]: daa.uit.edu.vn_thongbao_huong-dan-tra-cuu-va-xac-minh-van-bang-tot-nghiep-dai-hoc?page=190.html
2025-10-30 14:41:35,359 [INFO] Saved Markdown [daa/quydinh_huongdan/huong-dan-sinh-vien/01-dia-chi-tra-cuu-httpswwwuiteduvntra-cuuvan-banghttpswwwuiteduvntra-cuuvan-bang]: daa.uit.edu.vn_thongbao_huong-dan-tra-cuu-va-xac-minh-van-bang-tot-nghiep-dai-hoc?page=190.md
2025-10-30 14:41:35,369 [INFO] Detected numbered document: 01-dia-chi-tra-cuu-httpswwwuiteduvntra-cuuvan-banghttpswwwuiteduvntra-cuuvan-bang in huong-dan-sinh-vien
2025-10-30 14:41:35,379 [INFO] Saved HTML [daa/quydinh_huongdan/huong-dan-sinh-vien/01-dia-chi-tra-cuu-httpswwwuiteduvntra-cuuvan-banghttpswwwuiteduvntra-cuuvan-bang]: daa.uit.edu.vn_thongbao_huong-dan-tra-cuu-va-xac-minh-van-bang-tot-nghiep-dai-hoc?page=187.html
2025-10-30 14:41:35,387 [INFO] Saved Markdown [daa/quydinh_huongdan/huong-dan-sinh-vien/01-dia-chi-tra-cuu-httpswwwuiteduvntra-cuuvan-banghttpswwwuiteduvntra-cuuvan-bang]: daa.uit.edu.vn_thongbao_huong-dan-tra-cuu-va-xac-minh-van-bang-tot-nghiep-dai-hoc?page=187.md
2025-10-30 14:41:35,397 [INFO] Detected numbered document: 01-dia-chi-tra-cuu-httpswwwuiteduvntra-cuuvan-banghttpswwwuiteduvntra-cuuvan-bang in huong-dan-sinh-vien
2025-10-30 14:41:35,406 [INFO] Saved HTML [daa/quydinh_huongdan/huong-dan-sinh-vien/01-dia-chi-tra-cuu-httpswwwuiteduvntra-cuuvan-banghttpswwwuiteduvntra-cuuvan-bang]: daa.uit.edu.vn_thongbao_huong-dan-tra-cuu-va-xac-minh-van-bang-tot-nghiep-dai-hoc?page=3664.html
2025-10-30 14:41:35,411 [INFO] Saved Markdown [daa/quydinh_huongdan/huong-dan-sinh-vien/01-dia-chi-tra-cuu-httpswwwuiteduvntra-cuuvan-banghttpswwwuiteduvntra-cuuvan-bang]: daa.uit.edu.vn_thongbao_huong-dan-tra-cuu-va-xac-minh-van-bang-tot-nghiep-dai-hoc?page=3664.md
2025-10-30 14:41:35,418 [INFO] Detected numbered document: 01-dia-chi-tra-cuu-httpswwwuiteduvntra-cuuvan-banghttpswwwuiteduvntra-cuuvan-bang in huong-dan-sinh-vien
2025-10-30 14:41:35,426 [INFO] Saved HTML [daa/quydinh_huongdan/huong-dan-sinh-vien/01-dia-chi-tra-cuu-httpswwwuiteduvntra-cuuvan-banghttpswwwuiteduvntra-cuuvan-bang]: daa.uit.edu.vn_thongbao_huong-dan-tra-cuu-va-xac-minh-van-bang-tot-nghiep-dai-hoc?page=3665.html
2025-10-30 14:41:35,432 [INFO] Saved Markdown [daa/quydinh_huongdan/huong-dan-sinh-vien/01-dia-chi-tra-cuu-httpswwwuiteduvntra-cuuvan-banghttpswwwuiteduvntra-cuuvan-bang]: daa.uit.edu.vn_thongbao_huong-dan-tra-cuu-va-xac-minh-van-bang-tot-nghiep-dai-hoc?page=3665.md
2025-10-30 14:41:35,443 [INFO] Detected numbered document: 01-dia-chi-tra-cuu-httpswwwuiteduvntra-cuuvan-banghttpswwwuiteduvntra-cuuvan-bang in huong-dan-sinh-vien
2025-10-30 14:41:35,452 [INFO] Saved HTML [daa/quydinh_huongdan/huong-dan-sinh-vien/01-dia-chi-tra-cuu-httpswwwuiteduvntra-cuuvan-banghttpswwwuiteduvntra-cuuvan-bang]: daa.uit.edu.vn_thongbao_huong-dan-tra-cuu-va-xac-minh-van-bang-tot-nghiep-dai-hoc?page=192.html
2025-10-30 14:41:35,456 [INFO] Saved Markdown [daa/quydinh_huongdan/huong-dan-sinh-vien/01-dia-chi-tra-cuu-httpswwwuiteduvntra-cuuvan-banghttpswwwuiteduvntra-cuuvan-bang]: daa.uit.edu.vn_thongbao_huong-dan-tra-cuu-va-xac-minh-van-bang-tot-nghiep-dai-hoc?page=192.md
2025-10-30 14:41:35,470 [INFO] Detected numbered document: 01-dia-chi-tra-cuu-httpswwwuiteduvntra-cuuvan-banghttpswwwuiteduvntra-cuuvan-bang in huong-dan-sinh-vien
2025-10-30 14:41:35,477 [INFO] Saved HTML [daa/quydinh_huongdan/huong-dan-sinh-vien/01-dia-chi-tra-cuu-httpswwwuiteduvntra-cuuvan-banghttpswwwuiteduvntra-cuuvan-bang]: daa.uit.edu.vn_thongbao_huong-dan-tra-cuu-va-xac-minh-van-bang-tot-nghiep-dai-hoc?page=3663.html
2025-10-30 14:41:35,483 [INFO] Saved Markdown [daa/quydinh_huongdan/huong-dan-sinh-vien/01-dia-chi-tra-cuu-httpswwwuiteduvntra-cuuvan-banghttpswwwuiteduvntra-cuuvan-bang]: daa.uit.edu.vn_thongbao_huong-dan-tra-cuu-va-xac-minh-van-bang-tot-nghiep-dai-hoc?page=3663.md
2025-10-30 14:41:35,495 [INFO] Detected numbered document: 01-dia-chi-tra-cuu-httpswwwuiteduvntra-cuuvan-banghttpswwwuiteduvntra-cuuvan-bang in huong-dan-sinh-vien
2025-10-30 14:41:35,504 [INFO] Saved HTML [daa/quydinh_huongdan/huong-dan-sinh-vien/01-dia-chi-tra-cuu-httpswwwuiteduvntra-cuuvan-banghttpswwwuiteduvntra-cuuvan-bang]: daa.uit.edu.vn_thongbao_huong-dan-tra-cuu-va-xac-minh-van-bang-tot-nghiep-dai-hoc?page=191.html
2025-10-30 14:41:35,509 [INFO] Saved Markdown [daa/quydinh_huongdan/huong-dan-sinh-vien/01-dia-chi-tra-cuu-httpswwwuiteduvntra-cuuvan-banghttpswwwuiteduvntra-cuuvan-bang]: daa.uit.edu.vn_thongbao_huong-dan-tra-cuu-va-xac-minh-van-bang-tot-nghiep-dai-hoc?page=191.md
2025-10-30 14:41:35,521 [INFO] Detected numbered document: 01-dia-chi-tra-cuu-httpswwwuiteduvntra-cuuvan-banghttpswwwuiteduvntra-cuuvan-bang in huong-dan-sinh-vien
2025-10-30 14:41:35,528 [INFO] Saved HTML [daa/quydinh_huongdan/huong-dan-sinh-vien/01-dia-chi-tra-cuu-httpswwwuiteduvntra-cuuvan-banghttpswwwuiteduvntra-cuuvan-bang]: daa.uit.edu.vn_thongbao_huong-dan-tra-cuu-va-xac-minh-van-bang-tot-nghiep-dai-hoc?page=193.html
2025-10-30 14:41:35,533 [INFO] Saved Markdown [daa/quydinh_huongdan/huong-dan-sinh-vien/01-dia-chi-tra-cuu-httpswwwuiteduvntra-cuuvan-banghttpswwwuiteduvntra-cuuvan-bang]: daa.uit.edu.vn_thongbao_huong-dan-tra-cuu-va-xac-minh-van-bang-tot-nghiep-dai-hoc?page=193.md
2025-10-30 14:41:35,544 [INFO] Detected numbered document: 01-dia-chi-tra-cuu-httpswwwuiteduvntra-cuuvan-banghttpswwwuiteduvntra-cuuvan-bang in huong-dan-sinh-vien
2025-10-30 14:41:35,552 [INFO] Saved HTML [daa/quydinh_huongdan/huong-dan-sinh-vien/01-dia-chi-tra-cuu-httpswwwuiteduvntra-cuuvan-banghttpswwwuiteduvntra-cuuvan-bang]: daa.uit.edu.vn_thongbao_huong-dan-tra-cuu-va-xac-minh-van-bang-tot-nghiep-dai-hoc?page=3662.html
2025-10-30 14:41:35,558 [INFO] Saved Markdown [daa/quydinh_huongdan/huong-dan-sinh-vien/01-dia-chi-tra-cuu-httpswwwuiteduvntra-cuuvan-banghttpswwwuiteduvntra-cuuvan-bang]: daa.uit.edu.vn_thongbao_huong-dan-tra-cuu-va-xac-minh-van-bang-tot-nghiep-dai-hoc?page=3662.md
2025-10-30 14:41:35,570 [INFO] Detected numbered document: 01-dia-chi-tra-cuu-httpswwwuiteduvntra-cuuvan-banghttpswwwuiteduvntra-cuuvan-bang in huong-dan-sinh-vien
2025-10-30 14:41:35,578 [INFO] Saved HTML [daa/quydinh_huongdan/huong-dan-sinh-vien/01-dia-chi-tra-cuu-httpswwwuiteduvntra-cuuvan-banghttpswwwuiteduvntra-cuuvan-bang]: daa.uit.edu.vn_thongbao_huong-dan-tra-cuu-va-xac-minh-van-bang-tot-nghiep-dai-hoc?page=3661.html
2025-10-30 14:41:35,584 [INFO] Saved Markdown [daa/quydinh_huongdan/huong-dan-sinh-vien/01-dia-chi-tra-cuu-httpswwwuiteduvntra-cuuvan-banghttpswwwuiteduvntra-cuuvan-bang]: daa.uit.edu.vn_thongbao_huong-dan-tra-cuu-va-xac-minh-van-bang-tot-nghiep-dai-hoc?page=3661.md
2025-10-30 14:41:35,596 [INFO] Detected numbered document: 01-dia-chi-tra-cuu-httpswwwuiteduvntra-cuuvan-banghttpswwwuiteduvntra-cuuvan-bang in huong-dan-sinh-vien
2025-10-30 14:41:35,604 [INFO] Saved HTML [daa/quydinh_huongdan/huong-dan-sinh-vien/01-dia-chi-tra-cuu-httpswwwuiteduvntra-cuuvan-banghttpswwwuiteduvntra-cuuvan-bang]: daa.uit.edu.vn_thongbao_huong-dan-tra-cuu-va-xac-minh-van-bang-tot-nghiep-dai-hoc?page=3660.html
2025-10-30 14:41:35,610 [INFO] Saved Markdown [daa/quydinh_huongdan/huong-dan-sinh-vien/01-dia-chi-tra-cuu-httpswwwuiteduvntra-cuuvan-banghttpswwwuiteduvntra-cuuvan-bang]: daa.uit.edu.vn_thongbao_huong-dan-tra-cuu-va-xac-minh-van-bang-tot-nghiep-dai-hoc?page=3660.md
2025-10-30 14:41:35,622 [INFO] Detected numbered document: 01-dia-chi-tra-cuu-httpswwwuiteduvntra-cuuvan-banghttpswwwuiteduvntra-cuuvan-bang in huong-dan-sinh-vien
2025-10-30 14:41:35,630 [INFO] Saved HTML [daa/quydinh_huongdan/huong-dan-sinh-vien/01-dia-chi-tra-cuu-httpswwwuiteduvntra-cuuvan-banghttpswwwuiteduvntra-cuuvan-bang]: daa.uit.edu.vn_thongbao_huong-dan-tra-cuu-va-xac-minh-van-bang-tot-nghiep-dai-hoc?page=194.html
2025-10-30 14:41:35,634 [INFO] Saved Markdown [daa/quydinh_huongdan/huong-dan-sinh-vien/01-dia-chi-tra-cuu-httpswwwuiteduvntra-cuuvan-banghttpswwwuiteduvntra-cuuvan-bang]: daa.uit.edu.vn_thongbao_huong-dan-tra-cuu-va-xac-minh-van-bang-tot-nghiep-dai-hoc?page=194.md
2025-10-30 14:41:35,641 [INFO] Detected numbered document: 01-dia-chi-tra-cuu-httpswwwuiteduvntra-cuuvan-banghttpswwwuiteduvntra-cuuvan-bang in huong-dan-sinh-vien
2025-10-30 14:41:35,648 [INFO] Saved HTML [daa/quydinh_huongdan/huong-dan-sinh-vien/01-dia-chi-tra-cuu-httpswwwuiteduvntra-cuuvan-banghttpswwwuiteduvntra-cuuvan-bang]: daa.uit.edu.vn_thongbao_huong-dan-tra-cuu-va-xac-minh-van-bang-tot-nghiep-dai-hoc?page=3657.html
2025-10-30 14:41:35,653 [INFO] Saved Markdown [daa/quydinh_huongdan/huong-dan-sinh-vien/01-dia-chi-tra-cuu-httpswwwuiteduvntra-cuuvan-banghttpswwwuiteduvntra-cuuvan-bang]: daa.uit.edu.vn_thongbao_huong-dan-tra-cuu-va-xac-minh-van-bang-tot-nghiep-dai-hoc?page=3657.md
2025-10-30 14:41:35,665 [INFO] Detected numbered document: 01-dia-chi-tra-cuu-httpswwwuiteduvntra-cuuvan-banghttpswwwuiteduvntra-cuuvan-bang in huong-dan-sinh-vien
2025-10-30 14:41:35,674 [INFO] Saved HTML [daa/quydinh_huongdan/huong-dan-sinh-vien/01-dia-chi-tra-cuu-httpswwwuiteduvntra-cuuvan-banghttpswwwuiteduvntra-cuuvan-bang]: daa.uit.edu.vn_thongbao_huong-dan-tra-cuu-va-xac-minh-van-bang-tot-nghiep-dai-hoc?page=3659.html
2025-10-30 14:41:35,680 [INFO] Saved Markdown [daa/quydinh_huongdan/huong-dan-sinh-vien/01-dia-chi-tra-cuu-httpswwwuiteduvntra-cuuvan-banghttpswwwuiteduvntra-cuuvan-bang]: daa.uit.edu.vn_thongbao_huong-dan-tra-cuu-va-xac-minh-van-bang-tot-nghiep-dai-hoc?page=3659.md
2025-10-30 14:41:35,691 [INFO] Detected numbered document: 01-dia-chi-tra-cuu-httpswwwuiteduvntra-cuuvan-banghttpswwwuiteduvntra-cuuvan-bang in huong-dan-sinh-vien
2025-10-30 14:41:35,699 [INFO] Saved HTML [daa/quydinh_huongdan/huong-dan-sinh-vien/01-dia-chi-tra-cuu-httpswwwuiteduvntra-cuuvan-banghttpswwwuiteduvntra-cuuvan-bang]: daa.uit.edu.vn_thongbao_huong-dan-tra-cuu-va-xac-minh-van-bang-tot-nghiep-dai-hoc?page=196.html
2025-10-30 14:41:35,705 [INFO] Saved Markdown [daa/quydinh_huongdan/huong-dan-sinh-vien/01-dia-chi-tra-cuu-httpswwwuiteduvntra-cuuvan-banghttpswwwuiteduvntra-cuuvan-bang]: daa.uit.edu.vn_thongbao_huong-dan-tra-cuu-va-xac-minh-van-bang-tot-nghiep-dai-hoc?page=196.md
2025-10-30 14:41:35,715 [INFO] Detected numbered document: 01-dia-chi-tra-cuu-httpswwwuiteduvntra-cuuvan-banghttpswwwuiteduvntra-cuuvan-bang in huong-dan-sinh-vien
2025-10-30 14:41:35,724 [INFO] Saved HTML [daa/quydinh_huongdan/huong-dan-sinh-vien/01-dia-chi-tra-cuu-httpswwwuiteduvntra-cuuvan-banghttpswwwuiteduvntra-cuuvan-bang]: daa.uit.edu.vn_thongbao_huong-dan-tra-cuu-va-xac-minh-van-bang-tot-nghiep-dai-hoc?page=195.html
2025-10-30 14:41:35,730 [INFO] Saved Markdown [daa/quydinh_huongdan/huong-dan-sinh-vien/01-dia-chi-tra-cuu-httpswwwuiteduvntra-cuuvan-banghttpswwwuiteduvntra-cuuvan-bang]: daa.uit.edu.vn_thongbao_huong-dan-tra-cuu-va-xac-minh-van-bang-tot-nghiep-dai-hoc?page=195.md
2025-10-30 14:41:35,741 [INFO] Detected numbered document: 01-dia-chi-tra-cuu-httpswwwuiteduvntra-cuuvan-banghttpswwwuiteduvntra-cuuvan-bang in huong-dan-sinh-vien
2025-10-30 14:41:35,748 [INFO] Saved HTML [daa/quydinh_huongdan/huong-dan-sinh-vien/01-dia-chi-tra-cuu-httpswwwuiteduvntra-cuuvan-banghttpswwwuiteduvntra-cuuvan-bang]: daa.uit.edu.vn_thongbao_huong-dan-tra-cuu-va-xac-minh-van-bang-tot-nghiep-dai-hoc?page=197.html
2025-10-30 14:41:35,753 [INFO] Saved Markdown [daa/quydinh_huongdan/huong-dan-sinh-vien/01-dia-chi-tra-cuu-httpswwwuiteduvntra-cuuvan-banghttpswwwuiteduvntra-cuuvan-bang]: daa.uit.edu.vn_thongbao_huong-dan-tra-cuu-va-xac-minh-van-bang-tot-nghiep-dai-hoc?page=197.md
2025-10-30 14:41:35,762 [INFO] Detected numbered document: 01-dia-chi-tra-cuu-httpswwwuiteduvntra-cuuvan-banghttpswwwuiteduvntra-cuuvan-bang in huong-dan-sinh-vien
2025-10-30 14:41:35,771 [INFO] Saved HTML [daa/quydinh_huongdan/huong-dan-sinh-vien/01-dia-chi-tra-cuu-httpswwwuiteduvntra-cuuvan-banghttpswwwuiteduvntra-cuuvan-bang]: daa.uit.edu.vn_thongbao_huong-dan-tra-cuu-va-xac-minh-van-bang-tot-nghiep-dai-hoc?page=198.html
2025-10-30 14:41:35,776 [INFO] Saved Markdown [daa/quydinh_huongdan/huong-dan-sinh-vien/01-dia-chi-tra-cuu-httpswwwuiteduvntra-cuuvan-banghttpswwwuiteduvntra-cuuvan-bang]: daa.uit.edu.vn_thongbao_huong-dan-tra-cuu-va-xac-minh-van-bang-tot-nghiep-dai-hoc?page=198.md
2025-10-30 14:41:35,787 [INFO] Detected numbered document: 01-dia-chi-tra-cuu-httpswwwuiteduvntra-cuuvan-banghttpswwwuiteduvntra-cuuvan-bang in huong-dan-sinh-vien
2025-10-30 14:41:35,795 [INFO] Saved HTML [daa/quydinh_huongdan/huong-dan-sinh-vien/01-dia-chi-tra-cuu-httpswwwuiteduvntra-cuuvan-banghttpswwwuiteduvntra-cuuvan-bang]: daa.uit.edu.vn_thongbao_huong-dan-tra-cuu-va-xac-minh-van-bang-tot-nghiep-dai-hoc?page=3658.html
2025-10-30 14:41:35,801 [INFO] Saved Markdown [daa/quydinh_huongdan/huong-dan-sinh-vien/01-dia-chi-tra-cuu-httpswwwuiteduvntra-cuuvan-banghttpswwwuiteduvntra-cuuvan-bang]: daa.uit.edu.vn_thongbao_huong-dan-tra-cuu-va-xac-minh-van-bang-tot-nghiep-dai-hoc?page=3658.md
2025-10-30 14:41:35,811 [INFO] Detected numbered document: 01-dia-chi-tra-cuu-httpswwwuiteduvntra-cuuvan-banghttpswwwuiteduvntra-cuuvan-bang in huong-dan-sinh-vien
2025-10-30 14:41:35,819 [INFO] Saved HTML [daa/quydinh_huongdan/huong-dan-sinh-vien/01-dia-chi-tra-cuu-httpswwwuiteduvntra-cuuvan-banghttpswwwuiteduvntra-cuuvan-bang]: daa.uit.edu.vn_thongbao_huong-dan-tra-cuu-va-xac-minh-van-bang-tot-nghiep-dai-hoc?page=3654.html
2025-10-30 14:41:35,824 [INFO] Saved Markdown [daa/quydinh_huongdan/huong-dan-sinh-vien/01-dia-chi-tra-cuu-httpswwwuiteduvntra-cuuvan-banghttpswwwuiteduvntra-cuuvan-bang]: daa.uit.edu.vn_thongbao_huong-dan-tra-cuu-va-xac-minh-van-bang-tot-nghiep-dai-hoc?page=3654.md
2025-10-30 14:41:35,833 [INFO] Detected numbered document: 01-dia-chi-tra-cuu-httpswwwuiteduvntra-cuuvan-banghttpswwwuiteduvntra-cuuvan-bang in huong-dan-sinh-vien
2025-10-30 14:41:35,842 [INFO] Saved HTML [daa/quydinh_huongdan/huong-dan-sinh-vien/01-dia-chi-tra-cuu-httpswwwuiteduvntra-cuuvan-banghttpswwwuiteduvntra-cuuvan-bang]: daa.uit.edu.vn_thongbao_huong-dan-tra-cuu-va-xac-minh-van-bang-tot-nghiep-dai-hoc?page=3653.html
2025-10-30 14:41:35,848 [INFO] Saved Markdown [daa/quydinh_huongdan/huong-dan-sinh-vien/01-dia-chi-tra-cuu-httpswwwuiteduvntra-cuuvan-banghttpswwwuiteduvntra-cuuvan-bang]: daa.uit.edu.vn_thongbao_huong-dan-tra-cuu-va-xac-minh-van-bang-tot-nghiep-dai-hoc?page=3653.md
2025-10-30 14:41:35,855 [INFO] Detected numbered document: 01-dia-chi-tra-cuu-httpswwwuiteduvntra-cuuvan-banghttpswwwuiteduvntra-cuuvan-bang in huong-dan-sinh-vien
2025-10-30 14:41:35,863 [INFO] Saved HTML [daa/quydinh_huongdan/huong-dan-sinh-vien/01-dia-chi-tra-cuu-httpswwwuiteduvntra-cuuvan-banghttpswwwuiteduvntra-cuuvan-bang]: daa.uit.edu.vn_thongbao_huong-dan-tra-cuu-va-xac-minh-van-bang-tot-nghiep-dai-hoc?page=3656.html
2025-10-30 14:41:35,868 [INFO] Saved Markdown [daa/quydinh_huongdan/huong-dan-sinh-vien/01-dia-chi-tra-cuu-httpswwwuiteduvntra-cuuvan-banghttpswwwuiteduvntra-cuuvan-bang]: daa.uit.edu.vn_thongbao_huong-dan-tra-cuu-va-xac-minh-van-bang-tot-nghiep-dai-hoc?page=3656.md
2025-10-30 14:41:35,878 [INFO] Detected numbered document: 01-dia-chi-tra-cuu-httpswwwuiteduvntra-cuuvan-banghttpswwwuiteduvntra-cuuvan-bang in huong-dan-sinh-vien
2025-10-30 14:41:35,886 [INFO] Saved HTML [daa/quydinh_huongdan/huong-dan-sinh-vien/01-dia-chi-tra-cuu-httpswwwuiteduvntra-cuuvan-banghttpswwwuiteduvntra-cuuvan-bang]: daa.uit.edu.vn_thongbao_huong-dan-tra-cuu-va-xac-minh-van-bang-tot-nghiep-dai-hoc?page=202.html
2025-10-30 14:41:35,891 [INFO] Saved Markdown [daa/quydinh_huongdan/huong-dan-sinh-vien/01-dia-chi-tra-cuu-httpswwwuiteduvntra-cuuvan-banghttpswwwuiteduvntra-cuuvan-bang]: daa.uit.edu.vn_thongbao_huong-dan-tra-cuu-va-xac-minh-van-bang-tot-nghiep-dai-hoc?page=202.md
2025-10-30 14:41:35,903 [INFO] Detected numbered document: 01-dia-chi-tra-cuu-httpswwwuiteduvntra-cuuvan-banghttpswwwuiteduvntra-cuuvan-bang in huong-dan-sinh-vien
2025-10-30 14:41:35,912 [INFO] Saved HTML [daa/quydinh_huongdan/huong-dan-sinh-vien/01-dia-chi-tra-cuu-httpswwwuiteduvntra-cuuvan-banghttpswwwuiteduvntra-cuuvan-bang]: daa.uit.edu.vn_thongbao_huong-dan-tra-cuu-va-xac-minh-van-bang-tot-nghiep-dai-hoc?page=3655.html
2025-10-30 14:41:35,915 [INFO] Saved Markdown [daa/quydinh_huongdan/huong-dan-sinh-vien/01-dia-chi-tra-cuu-httpswwwuiteduvntra-cuuvan-banghttpswwwuiteduvntra-cuuvan-bang]: daa.uit.edu.vn_thongbao_huong-dan-tra-cuu-va-xac-minh-van-bang-tot-nghiep-dai-hoc?page=3655.md
2025-10-30 14:41:35,927 [INFO] Detected numbered document: 01-dia-chi-tra-cuu-httpswwwuiteduvntra-cuuvan-banghttpswwwuiteduvntra-cuuvan-bang in huong-dan-sinh-vien
2025-10-30 14:41:35,934 [INFO] Saved HTML [daa/quydinh_huongdan/huong-dan-sinh-vien/01-dia-chi-tra-cuu-httpswwwuiteduvntra-cuuvan-banghttpswwwuiteduvntra-cuuvan-bang]: daa.uit.edu.vn_thongbao_huong-dan-tra-cuu-va-xac-minh-van-bang-tot-nghiep-dai-hoc?page=201.html
2025-10-30 14:41:35,939 [INFO] Saved Markdown [daa/quydinh_huongdan/huong-dan-sinh-vien/01-dia-chi-tra-cuu-httpswwwuiteduvntra-cuuvan-banghttpswwwuiteduvntra-cuuvan-bang]: daa.uit.edu.vn_thongbao_huong-dan-tra-cuu-va-xac-minh-van-bang-tot-nghiep-dai-hoc?page=201.md
2025-10-30 14:41:35,951 [INFO] Detected numbered document: 01-dia-chi-tra-cuu-httpswwwuiteduvntra-cuuvan-banghttpswwwuiteduvntra-cuuvan-bang in huong-dan-sinh-vien
2025-10-30 14:41:35,959 [INFO] Saved HTML [daa/quydinh_huongdan/huong-dan-sinh-vien/01-dia-chi-tra-cuu-httpswwwuiteduvntra-cuuvan-banghttpswwwuiteduvntra-cuuvan-bang]: daa.uit.edu.vn_thongbao_huong-dan-tra-cuu-va-xac-minh-van-bang-tot-nghiep-dai-hoc?page=200.html
2025-10-30 14:41:35,964 [INFO] Saved Markdown [daa/quydinh_huongdan/huong-dan-sinh-vien/01-dia-chi-tra-cuu-httpswwwuiteduvntra-cuuvan-banghttpswwwuiteduvntra-cuuvan-bang]: daa.uit.edu.vn_thongbao_huong-dan-tra-cuu-va-xac-minh-van-bang-tot-nghiep-dai-hoc?page=200.md
2025-10-30 14:41:35,971 [INFO] Detected numbered document: 01-dia-chi-tra-cuu-httpswwwuiteduvntra-cuuvan-banghttpswwwuiteduvntra-cuuvan-bang in huong-dan-sinh-vien
2025-10-30 14:41:35,979 [INFO] Saved HTML [daa/quydinh_huongdan/huong-dan-sinh-vien/01-dia-chi-tra-cuu-httpswwwuiteduvntra-cuuvan-banghttpswwwuiteduvntra-cuuvan-bang]: daa.uit.edu.vn_thongbao_huong-dan-tra-cuu-va-xac-minh-van-bang-tot-nghiep-dai-hoc?page=199.html
2025-10-30 14:41:35,985 [INFO] Saved Markdown [daa/quydinh_huongdan/huong-dan-sinh-vien/01-dia-chi-tra-cuu-httpswwwuiteduvntra-cuuvan-banghttpswwwuiteduvntra-cuuvan-bang]: daa.uit.edu.vn_thongbao_huong-dan-tra-cuu-va-xac-minh-van-bang-tot-nghiep-dai-hoc?page=199.md
2025-10-30 14:41:35,995 [INFO] Detected numbered document: 01-dia-chi-tra-cuu-httpswwwuiteduvntra-cuuvan-banghttpswwwuiteduvntra-cuuvan-bang in huong-dan-sinh-vien
2025-10-30 14:41:36,003 [INFO] Saved HTML [daa/quydinh_huongdan/huong-dan-sinh-vien/01-dia-chi-tra-cuu-httpswwwuiteduvntra-cuuvan-banghttpswwwuiteduvntra-cuuvan-bang]: daa.uit.edu.vn_thongbao_huong-dan-tra-cuu-va-xac-minh-van-bang-tot-nghiep-dai-hoc?page=3652.html
2025-10-30 14:41:36,008 [INFO] Saved Markdown [daa/quydinh_huongdan/huong-dan-sinh-vien/01-dia-chi-tra-cuu-httpswwwuiteduvntra-cuuvan-banghttpswwwuiteduvntra-cuuvan-bang]: daa.uit.edu.vn_thongbao_huong-dan-tra-cuu-va-xac-minh-van-bang-tot-nghiep-dai-hoc?page=3652.md
2025-10-30 14:41:36,018 [INFO] Detected numbered document: 01-dia-chi-tra-cuu-httpswwwuiteduvntra-cuuvan-banghttpswwwuiteduvntra-cuuvan-bang in huong-dan-sinh-vien
2025-10-30 14:41:36,028 [INFO] Saved HTML [daa/quydinh_huongdan/huong-dan-sinh-vien/01-dia-chi-tra-cuu-httpswwwuiteduvntra-cuuvan-banghttpswwwuiteduvntra-cuuvan-bang]: daa.uit.edu.vn_thongbao_huong-dan-tra-cuu-va-xac-minh-van-bang-tot-nghiep-dai-hoc?page=3651.html
2025-10-30 14:41:36,034 [INFO] Saved Markdown [daa/quydinh_huongdan/huong-dan-sinh-vien/01-dia-chi-tra-cuu-httpswwwuiteduvntra-cuuvan-banghttpswwwuiteduvntra-cuuvan-bang]: daa.uit.edu.vn_thongbao_huong-dan-tra-cuu-va-xac-minh-van-bang-tot-nghiep-dai-hoc?page=3651.md
2025-10-30 14:41:36,043 [INFO] Detected numbered document: 01-dia-chi-tra-cuu-httpswwwuiteduvntra-cuuvan-banghttpswwwuiteduvntra-cuuvan-bang in huong-dan-sinh-vien
2025-10-30 14:41:36,051 [INFO] Saved HTML [daa/quydinh_huongdan/huong-dan-sinh-vien/01-dia-chi-tra-cuu-httpswwwuiteduvntra-cuuvan-banghttpswwwuiteduvntra-cuuvan-bang]: daa.uit.edu.vn_thongbao_huong-dan-tra-cuu-va-xac-minh-van-bang-tot-nghiep-dai-hoc?page=203.html
2025-10-30 14:41:36,056 [INFO] Saved Markdown [daa/quydinh_huongdan/huong-dan-sinh-vien/01-dia-chi-tra-cuu-httpswwwuiteduvntra-cuuvan-banghttpswwwuiteduvntra-cuuvan-bang]: daa.uit.edu.vn_thongbao_huong-dan-tra-cuu-va-xac-minh-van-bang-tot-nghiep-dai-hoc?page=203.md
2025-10-30 14:41:36,071 [INFO] Detected numbered document: 01-dia-chi-tra-cuu-httpswwwuiteduvntra-cuuvan-banghttpswwwuiteduvntra-cuuvan-bang in huong-dan-sinh-vien
2025-10-30 14:41:36,081 [INFO] Saved HTML [daa/quydinh_huongdan/huong-dan-sinh-vien/01-dia-chi-tra-cuu-httpswwwuiteduvntra-cuuvan-banghttpswwwuiteduvntra-cuuvan-bang]: daa.uit.edu.vn_thongbao_huong-dan-tra-cuu-va-xac-minh-van-bang-tot-nghiep-dai-hoc?page=3649.html
2025-10-30 14:41:36,087 [INFO] Saved Markdown [daa/quydinh_huongdan/huong-dan-sinh-vien/01-dia-chi-tra-cuu-httpswwwuiteduvntra-cuuvan-banghttpswwwuiteduvntra-cuuvan-bang]: daa.uit.edu.vn_thongbao_huong-dan-tra-cuu-va-xac-minh-van-bang-tot-nghiep-dai-hoc?page=3649.md
2025-10-30 14:41:36,098 [INFO] Detected numbered document: 01-dia-chi-tra-cuu-httpswwwuiteduvntra-cuuvan-banghttpswwwuiteduvntra-cuuvan-bang in huong-dan-sinh-vien
2025-10-30 14:41:36,107 [INFO] Saved HTML [daa/quydinh_huongdan/huong-dan-sinh-vien/01-dia-chi-tra-cuu-httpswwwuiteduvntra-cuuvan-banghttpswwwuiteduvntra-cuuvan-bang]: daa.uit.edu.vn_thongbao_huong-dan-tra-cuu-va-xac-minh-van-bang-tot-nghiep-dai-hoc?page=3650.html
2025-10-30 14:41:36,113 [INFO] Saved Markdown [daa/quydinh_huongdan/huong-dan-sinh-vien/01-dia-chi-tra-cuu-httpswwwuiteduvntra-cuuvan-banghttpswwwuiteduvntra-cuuvan-bang]: daa.uit.edu.vn_thongbao_huong-dan-tra-cuu-va-xac-minh-van-bang-tot-nghiep-dai-hoc?page=3650.md
2025-10-30 14:41:36,125 [INFO] Detected numbered document: 01-dia-chi-tra-cuu-httpswwwuiteduvntra-cuuvan-banghttpswwwuiteduvntra-cuuvan-bang in huong-dan-sinh-vien
2025-10-30 14:41:36,133 [INFO] Saved HTML [daa/quydinh_huongdan/huong-dan-sinh-vien/01-dia-chi-tra-cuu-httpswwwuiteduvntra-cuuvan-banghttpswwwuiteduvntra-cuuvan-bang]: daa.uit.edu.vn_thongbao_huong-dan-tra-cuu-va-xac-minh-van-bang-tot-nghiep-dai-hoc?page=204.html
2025-10-30 14:41:36,138 [INFO] Saved Markdown [daa/quydinh_huongdan/huong-dan-sinh-vien/01-dia-chi-tra-cuu-httpswwwuiteduvntra-cuuvan-banghttpswwwuiteduvntra-cuuvan-bang]: daa.uit.edu.vn_thongbao_huong-dan-tra-cuu-va-xac-minh-van-bang-tot-nghiep-dai-hoc?page=204.md
2025-10-30 14:41:36,150 [INFO] Detected numbered document: 01-dia-chi-tra-cuu-httpswwwuiteduvntra-cuuvan-banghttpswwwuiteduvntra-cuuvan-bang in huong-dan-sinh-vien
2025-10-30 14:41:36,157 [INFO] Saved HTML [daa/quydinh_huongdan/huong-dan-sinh-vien/01-dia-chi-tra-cuu-httpswwwuiteduvntra-cuuvan-banghttpswwwuiteduvntra-cuuvan-bang]: daa.uit.edu.vn_thongbao_huong-dan-tra-cuu-va-xac-minh-van-bang-tot-nghiep-dai-hoc?page=206.html
2025-10-30 14:41:36,162 [INFO] Saved Markdown [daa/quydinh_huongdan/huong-dan-sinh-vien/01-dia-chi-tra-cuu-httpswwwuiteduvntra-cuuvan-banghttpswwwuiteduvntra-cuuvan-bang]: daa.uit.edu.vn_thongbao_huong-dan-tra-cuu-va-xac-minh-van-bang-tot-nghiep-dai-hoc?page=206.md
2025-10-30 14:41:36,177 [INFO] Detected numbered document: 01-dia-chi-tra-cuu-httpswwwuiteduvntra-cuuvan-banghttpswwwuiteduvntra-cuuvan-bang in huong-dan-sinh-vien
2025-10-30 14:41:36,185 [INFO] Saved HTML [daa/quydinh_huongdan/huong-dan-sinh-vien/01-dia-chi-tra-cuu-httpswwwuiteduvntra-cuuvan-banghttpswwwuiteduvntra-cuuvan-bang]: daa.uit.edu.vn_thongbao_huong-dan-tra-cuu-va-xac-minh-van-bang-tot-nghiep-dai-hoc?page=3647.html
2025-10-30 14:41:36,190 [INFO] Saved Markdown [daa/quydinh_huongdan/huong-dan-sinh-vien/01-dia-chi-tra-cuu-httpswwwuiteduvntra-cuuvan-banghttpswwwuiteduvntra-cuuvan-bang]: daa.uit.edu.vn_thongbao_huong-dan-tra-cuu-va-xac-minh-van-bang-tot-nghiep-dai-hoc?page=3647.md
2025-10-30 14:41:36,203 [INFO] Detected numbered document: 01-dia-chi-tra-cuu-httpswwwuiteduvntra-cuuvan-banghttpswwwuiteduvntra-cuuvan-bang in huong-dan-sinh-vien
2025-10-30 14:41:36,211 [INFO] Saved HTML [daa/quydinh_huongdan/huong-dan-sinh-vien/01-dia-chi-tra-cuu-httpswwwuiteduvntra-cuuvan-banghttpswwwuiteduvntra-cuuvan-bang]: daa.uit.edu.vn_thongbao_huong-dan-tra-cuu-va-xac-minh-van-bang-tot-nghiep-dai-hoc?page=205.html
2025-10-30 14:41:36,217 [INFO] Saved Markdown [daa/quydinh_huongdan/huong-dan-sinh-vien/01-dia-chi-tra-cuu-httpswwwuiteduvntra-cuuvan-banghttpswwwuiteduvntra-cuuvan-bang]: daa.uit.edu.vn_thongbao_huong-dan-tra-cuu-va-xac-minh-van-bang-tot-nghiep-dai-hoc?page=205.md
2025-10-30 14:41:36,228 [INFO] Detected numbered document: 01-dia-chi-tra-cuu-httpswwwuiteduvntra-cuuvan-banghttpswwwuiteduvntra-cuuvan-bang in huong-dan-sinh-vien
2025-10-30 14:41:36,236 [INFO] Saved HTML [daa/quydinh_huongdan/huong-dan-sinh-vien/01-dia-chi-tra-cuu-httpswwwuiteduvntra-cuuvan-banghttpswwwuiteduvntra-cuuvan-bang]: daa.uit.edu.vn_thongbao_huong-dan-tra-cuu-va-xac-minh-van-bang-tot-nghiep-dai-hoc?page=3648.html
2025-10-30 14:41:36,242 [INFO] Saved Markdown [daa/quydinh_huongdan/huong-dan-sinh-vien/01-dia-chi-tra-cuu-httpswwwuiteduvntra-cuuvan-banghttpswwwuiteduvntra-cuuvan-bang]: daa.uit.edu.vn_thongbao_huong-dan-tra-cuu-va-xac-minh-van-bang-tot-nghiep-dai-hoc?page=3648.md
2025-10-30 14:41:36,253 [INFO] Detected numbered document: 01-dia-chi-tra-cuu-httpswwwuiteduvntra-cuuvan-banghttpswwwuiteduvntra-cuuvan-bang in huong-dan-sinh-vien
2025-10-30 14:41:36,260 [INFO] Saved HTML [daa/quydinh_huongdan/huong-dan-sinh-vien/01-dia-chi-tra-cuu-httpswwwuiteduvntra-cuuvan-banghttpswwwuiteduvntra-cuuvan-bang]: daa.uit.edu.vn_thongbao_huong-dan-tra-cuu-va-xac-minh-van-bang-tot-nghiep-dai-hoc?page=207.html
2025-10-30 14:41:36,265 [INFO] Saved Markdown [daa/quydinh_huongdan/huong-dan-sinh-vien/01-dia-chi-tra-cuu-httpswwwuiteduvntra-cuuvan-banghttpswwwuiteduvntra-cuuvan-bang]: daa.uit.edu.vn_thongbao_huong-dan-tra-cuu-va-xac-minh-van-bang-tot-nghiep-dai-hoc?page=207.md
2025-10-30 14:41:36,275 [INFO] Detected numbered document: 01-dia-chi-tra-cuu-httpswwwuiteduvntra-cuuvan-banghttpswwwuiteduvntra-cuuvan-bang in huong-dan-sinh-vien
2025-10-30 14:41:36,285 [INFO] Saved HTML [daa/quydinh_huongdan/huong-dan-sinh-vien/01-dia-chi-tra-cuu-httpswwwuiteduvntra-cuuvan-banghttpswwwuiteduvntra-cuuvan-bang]: daa.uit.edu.vn_thongbao_huong-dan-tra-cuu-va-xac-minh-van-bang-tot-nghiep-dai-hoc?page=3645.html
2025-10-30 14:41:36,290 [INFO] Saved Markdown [daa/quydinh_huongdan/huong-dan-sinh-vien/01-dia-chi-tra-cuu-httpswwwuiteduvntra-cuuvan-banghttpswwwuiteduvntra-cuuvan-bang]: daa.uit.edu.vn_thongbao_huong-dan-tra-cuu-va-xac-minh-van-bang-tot-nghiep-dai-hoc?page=3645.md
2025-10-30 14:41:36,302 [INFO] Detected numbered document: 01-dia-chi-tra-cuu-httpswwwuiteduvntra-cuuvan-banghttpswwwuiteduvntra-cuuvan-bang in huong-dan-sinh-vien
2025-10-30 14:41:36,310 [INFO] Saved HTML [daa/quydinh_huongdan/huong-dan-sinh-vien/01-dia-chi-tra-cuu-httpswwwuiteduvntra-cuuvan-banghttpswwwuiteduvntra-cuuvan-bang]: daa.uit.edu.vn_thongbao_huong-dan-tra-cuu-va-xac-minh-van-bang-tot-nghiep-dai-hoc?page=209.html
2025-10-30 14:41:36,316 [INFO] Saved Markdown [daa/quydinh_huongdan/huong-dan-sinh-vien/01-dia-chi-tra-cuu-httpswwwuiteduvntra-cuuvan-banghttpswwwuiteduvntra-cuuvan-bang]: daa.uit.edu.vn_thongbao_huong-dan-tra-cuu-va-xac-minh-van-bang-tot-nghiep-dai-hoc?page=209.md
2025-10-30 14:41:36,326 [INFO] Detected numbered document: 01-dia-chi-tra-cuu-httpswwwuiteduvntra-cuuvan-banghttpswwwuiteduvntra-cuuvan-bang in huong-dan-sinh-vien
2025-10-30 14:41:36,333 [INFO] Saved HTML [daa/quydinh_huongdan/huong-dan-sinh-vien/01-dia-chi-tra-cuu-httpswwwuiteduvntra-cuuvan-banghttpswwwuiteduvntra-cuuvan-bang]: daa.uit.edu.vn_thongbao_huong-dan-tra-cuu-va-xac-minh-van-bang-tot-nghiep-dai-hoc?page=3646.html
2025-10-30 14:41:36,338 [INFO] Saved Markdown [daa/quydinh_huongdan/huong-dan-sinh-vien/01-dia-chi-tra-cuu-httpswwwuiteduvntra-cuuvan-banghttpswwwuiteduvntra-cuuvan-bang]: daa.uit.edu.vn_thongbao_huong-dan-tra-cuu-va-xac-minh-van-bang-tot-nghiep-dai-hoc?page=3646.md
2025-10-30 14:41:36,349 [INFO] Detected numbered document: 01-dia-chi-tra-cuu-httpswwwuiteduvntra-cuuvan-banghttpswwwuiteduvntra-cuuvan-bang in huong-dan-sinh-vien
2025-10-30 14:41:36,357 [INFO] Saved HTML [daa/quydinh_huongdan/huong-dan-sinh-vien/01-dia-chi-tra-cuu-httpswwwuiteduvntra-cuuvan-banghttpswwwuiteduvntra-cuuvan-bang]: daa.uit.edu.vn_thongbao_huong-dan-tra-cuu-va-xac-minh-van-bang-tot-nghiep-dai-hoc?page=208.html
2025-10-30 14:41:36,362 [INFO] Saved Markdown [daa/quydinh_huongdan/huong-dan-sinh-vien/01-dia-chi-tra-cuu-httpswwwuiteduvntra-cuuvan-banghttpswwwuiteduvntra-cuuvan-bang]: daa.uit.edu.vn_thongbao_huong-dan-tra-cuu-va-xac-minh-van-bang-tot-nghiep-dai-hoc?page=208.md
2025-10-30 14:41:36,373 [INFO] Detected numbered document: 01-dia-chi-tra-cuu-httpswwwuiteduvntra-cuuvan-banghttpswwwuiteduvntra-cuuvan-bang in huong-dan-sinh-vien
2025-10-30 14:41:36,381 [INFO] Saved HTML [daa/quydinh_huongdan/huong-dan-sinh-vien/01-dia-chi-tra-cuu-httpswwwuiteduvntra-cuuvan-banghttpswwwuiteduvntra-cuuvan-bang]: daa.uit.edu.vn_thongbao_huong-dan-tra-cuu-va-xac-minh-van-bang-tot-nghiep-dai-hoc?page=210.html
2025-10-30 14:41:36,386 [INFO] Saved Markdown [daa/quydinh_huongdan/huong-dan-sinh-vien/01-dia-chi-tra-cuu-httpswwwuiteduvntra-cuuvan-banghttpswwwuiteduvntra-cuuvan-bang]: daa.uit.edu.vn_thongbao_huong-dan-tra-cuu-va-xac-minh-van-bang-tot-nghiep-dai-hoc?page=210.md
2025-10-30 14:41:36,393 [INFO] Detected numbered document: 01-dia-chi-tra-cuu-httpswwwuiteduvntra-cuuvan-banghttpswwwuiteduvntra-cuuvan-bang in huong-dan-sinh-vien
2025-10-30 14:41:36,402 [INFO] Saved HTML [daa/quydinh_huongdan/huong-dan-sinh-vien/01-dia-chi-tra-cuu-httpswwwuiteduvntra-cuuvan-banghttpswwwuiteduvntra-cuuvan-bang]: daa.uit.edu.vn_thongbao_huong-dan-tra-cuu-va-xac-minh-van-bang-tot-nghiep-dai-hoc?page=3643.html
2025-10-30 14:41:36,407 [INFO] Saved Markdown [daa/quydinh_huongdan/huong-dan-sinh-vien/01-dia-chi-tra-cuu-httpswwwuiteduvntra-cuuvan-banghttpswwwuiteduvntra-cuuvan-bang]: daa.uit.edu.vn_thongbao_huong-dan-tra-cuu-va-xac-minh-van-bang-tot-nghiep-dai-hoc?page=3643.md
2025-10-30 14:41:36,416 [INFO] Detected numbered document: 01-dia-chi-tra-cuu-httpswwwuiteduvntra-cuuvan-banghttpswwwuiteduvntra-cuuvan-bang in huong-dan-sinh-vien
2025-10-30 14:41:36,425 [INFO] Saved HTML [daa/quydinh_huongdan/huong-dan-sinh-vien/01-dia-chi-tra-cuu-httpswwwuiteduvntra-cuuvan-banghttpswwwuiteduvntra-cuuvan-bang]: daa.uit.edu.vn_thongbao_huong-dan-tra-cuu-va-xac-minh-van-bang-tot-nghiep-dai-hoc?page=3644.html
2025-10-30 14:41:36,430 [INFO] Saved Markdown [daa/quydinh_huongdan/huong-dan-sinh-vien/01-dia-chi-tra-cuu-httpswwwuiteduvntra-cuuvan-banghttpswwwuiteduvntra-cuuvan-bang]: daa.uit.edu.vn_thongbao_huong-dan-tra-cuu-va-xac-minh-van-bang-tot-nghiep-dai-hoc?page=3644.md
2025-10-30 14:41:36,439 [INFO] Detected numbered document: 01-dia-chi-tra-cuu-httpswwwuiteduvntra-cuuvan-banghttpswwwuiteduvntra-cuuvan-bang in huong-dan-sinh-vien
2025-10-30 14:41:36,448 [INFO] Saved HTML [daa/quydinh_huongdan/huong-dan-sinh-vien/01-dia-chi-tra-cuu-httpswwwuiteduvntra-cuuvan-banghttpswwwuiteduvntra-cuuvan-bang]: daa.uit.edu.vn_thongbao_huong-dan-tra-cuu-va-xac-minh-van-bang-tot-nghiep-dai-hoc?page=3641.html
2025-10-30 14:41:36,454 [INFO] Saved Markdown [daa/quydinh_huongdan/huong-dan-sinh-vien/01-dia-chi-tra-cuu-httpswwwuiteduvntra-cuuvan-banghttpswwwuiteduvntra-cuuvan-bang]: daa.uit.edu.vn_thongbao_huong-dan-tra-cuu-va-xac-minh-van-bang-tot-nghiep-dai-hoc?page=3641.md
2025-10-30 14:41:36,467 [INFO] Detected numbered document: 01-dia-chi-tra-cuu-httpswwwuiteduvntra-cuuvan-banghttpswwwuiteduvntra-cuuvan-bang in huong-dan-sinh-vien
2025-10-30 14:41:36,475 [INFO] Saved HTML [daa/quydinh_huongdan/huong-dan-sinh-vien/01-dia-chi-tra-cuu-httpswwwuiteduvntra-cuuvan-banghttpswwwuiteduvntra-cuuvan-bang]: daa.uit.edu.vn_thongbao_huong-dan-tra-cuu-va-xac-minh-van-bang-tot-nghiep-dai-hoc?page=211.html
2025-10-30 14:41:36,482 [INFO] Saved Markdown [daa/quydinh_huongdan/huong-dan-sinh-vien/01-dia-chi-tra-cuu-httpswwwuiteduvntra-cuuvan-banghttpswwwuiteduvntra-cuuvan-bang]: daa.uit.edu.vn_thongbao_huong-dan-tra-cuu-va-xac-minh-van-bang-tot-nghiep-dai-hoc?page=211.md
2025-10-30 14:41:36,488 [INFO] Detected numbered document: 01-dia-chi-tra-cuu-httpswwwuiteduvntra-cuuvan-banghttpswwwuiteduvntra-cuuvan-bang in huong-dan-sinh-vien
2025-10-30 14:41:36,497 [INFO] Saved HTML [daa/quydinh_huongdan/huong-dan-sinh-vien/01-dia-chi-tra-cuu-httpswwwuiteduvntra-cuuvan-banghttpswwwuiteduvntra-cuuvan-bang]: daa.uit.edu.vn_thongbao_huong-dan-tra-cuu-va-xac-minh-van-bang-tot-nghiep-dai-hoc?page=213.html
2025-10-30 14:41:36,502 [INFO] Saved Markdown [daa/quydinh_huongdan/huong-dan-sinh-vien/01-dia-chi-tra-cuu-httpswwwuiteduvntra-cuuvan-banghttpswwwuiteduvntra-cuuvan-bang]: daa.uit.edu.vn_thongbao_huong-dan-tra-cuu-va-xac-minh-van-bang-tot-nghiep-dai-hoc?page=213.md
2025-10-30 14:41:36,514 [INFO] Detected numbered document: 01-dia-chi-tra-cuu-httpswwwuiteduvntra-cuuvan-banghttpswwwuiteduvntra-cuuvan-bang in huong-dan-sinh-vien
2025-10-30 14:41:36,521 [INFO] Saved HTML [daa/quydinh_huongdan/huong-dan-sinh-vien/01-dia-chi-tra-cuu-httpswwwuiteduvntra-cuuvan-banghttpswwwuiteduvntra-cuuvan-bang]: daa.uit.edu.vn_thongbao_huong-dan-tra-cuu-va-xac-minh-van-bang-tot-nghiep-dai-hoc?page=3639.html
2025-10-30 14:41:36,527 [INFO] Saved Markdown [daa/quydinh_huongdan/huong-dan-sinh-vien/01-dia-chi-tra-cuu-httpswwwuiteduvntra-cuuvan-banghttpswwwuiteduvntra-cuuvan-bang]: daa.uit.edu.vn_thongbao_huong-dan-tra-cuu-va-xac-minh-van-bang-tot-nghiep-dai-hoc?page=3639.md
2025-10-30 14:41:36,537 [INFO] Detected numbered document: 01-dia-chi-tra-cuu-httpswwwuiteduvntra-cuuvan-banghttpswwwuiteduvntra-cuuvan-bang in huong-dan-sinh-vien
2025-10-30 14:41:36,546 [INFO] Saved HTML [daa/quydinh_huongdan/huong-dan-sinh-vien/01-dia-chi-tra-cuu-httpswwwuiteduvntra-cuuvan-banghttpswwwuiteduvntra-cuuvan-bang]: daa.uit.edu.vn_thongbao_huong-dan-tra-cuu-va-xac-minh-van-bang-tot-nghiep-dai-hoc?page=212.html
2025-10-30 14:41:36,552 [INFO] Saved Markdown [daa/quydinh_huongdan/huong-dan-sinh-vien/01-dia-chi-tra-cuu-httpswwwuiteduvntra-cuuvan-banghttpswwwuiteduvntra-cuuvan-bang]: daa.uit.edu.vn_thongbao_huong-dan-tra-cuu-va-xac-minh-van-bang-tot-nghiep-dai-hoc?page=212.md
2025-10-30 14:41:36,563 [INFO] Detected numbered document: 01-dia-chi-tra-cuu-httpswwwuiteduvntra-cuuvan-banghttpswwwuiteduvntra-cuuvan-bang in huong-dan-sinh-vien
2025-10-30 14:41:36,572 [INFO] Saved HTML [daa/quydinh_huongdan/huong-dan-sinh-vien/01-dia-chi-tra-cuu-httpswwwuiteduvntra-cuuvan-banghttpswwwuiteduvntra-cuuvan-bang]: daa.uit.edu.vn_thongbao_huong-dan-tra-cuu-va-xac-minh-van-bang-tot-nghiep-dai-hoc?page=214.html
2025-10-30 14:41:36,577 [INFO] Saved Markdown [daa/quydinh_huongdan/huong-dan-sinh-vien/01-dia-chi-tra-cuu-httpswwwuiteduvntra-cuuvan-banghttpswwwuiteduvntra-cuuvan-bang]: daa.uit.edu.vn_thongbao_huong-dan-tra-cuu-va-xac-minh-van-bang-tot-nghiep-dai-hoc?page=214.md
2025-10-30 14:41:36,585 [INFO] Detected numbered document: 01-dia-chi-tra-cuu-httpswwwuiteduvntra-cuuvan-banghttpswwwuiteduvntra-cuuvan-bang in huong-dan-sinh-vien
2025-10-30 14:41:36,593 [INFO] Saved HTML [daa/quydinh_huongdan/huong-dan-sinh-vien/01-dia-chi-tra-cuu-httpswwwuiteduvntra-cuuvan-banghttpswwwuiteduvntra-cuuvan-bang]: daa.uit.edu.vn_thongbao_huong-dan-tra-cuu-va-xac-minh-van-bang-tot-nghiep-dai-hoc?page=3642.html
2025-10-30 14:41:36,597 [INFO] Saved Markdown [daa/quydinh_huongdan/huong-dan-sinh-vien/01-dia-chi-tra-cuu-httpswwwuiteduvntra-cuuvan-banghttpswwwuiteduvntra-cuuvan-bang]: daa.uit.edu.vn_thongbao_huong-dan-tra-cuu-va-xac-minh-van-bang-tot-nghiep-dai-hoc?page=3642.md
2025-10-30 14:41:36,607 [INFO] Detected numbered document: 01-dia-chi-tra-cuu-httpswwwuiteduvntra-cuuvan-banghttpswwwuiteduvntra-cuuvan-bang in huong-dan-sinh-vien
2025-10-30 14:41:36,616 [INFO] Saved HTML [daa/quydinh_huongdan/huong-dan-sinh-vien/01-dia-chi-tra-cuu-httpswwwuiteduvntra-cuuvan-banghttpswwwuiteduvntra-cuuvan-bang]: daa.uit.edu.vn_thongbao_huong-dan-tra-cuu-va-xac-minh-van-bang-tot-nghiep-dai-hoc?page=3638.html
2025-10-30 14:41:36,622 [INFO] Saved Markdown [daa/quydinh_huongdan/huong-dan-sinh-vien/01-dia-chi-tra-cuu-httpswwwuiteduvntra-cuuvan-banghttpswwwuiteduvntra-cuuvan-bang]: daa.uit.edu.vn_thongbao_huong-dan-tra-cuu-va-xac-minh-van-bang-tot-nghiep-dai-hoc?page=3638.md
2025-10-30 14:41:36,630 [INFO] Detected numbered document: 01-dia-chi-tra-cuu-httpswwwuiteduvntra-cuuvan-banghttpswwwuiteduvntra-cuuvan-bang in huong-dan-sinh-vien
2025-10-30 14:41:36,642 [INFO] Saved HTML [daa/quydinh_huongdan/huong-dan-sinh-vien/01-dia-chi-tra-cuu-httpswwwuiteduvntra-cuuvan-banghttpswwwuiteduvntra-cuuvan-bang]: daa.uit.edu.vn_thongbao_huong-dan-tra-cuu-va-xac-minh-van-bang-tot-nghiep-dai-hoc?page=3640.html
2025-10-30 14:41:36,647 [INFO] Saved Markdown [daa/quydinh_huongdan/huong-dan-sinh-vien/01-dia-chi-tra-cuu-httpswwwuiteduvntra-cuuvan-banghttpswwwuiteduvntra-cuuvan-bang]: daa.uit.edu.vn_thongbao_huong-dan-tra-cuu-va-xac-minh-van-bang-tot-nghiep-dai-hoc?page=3640.md
2025-10-30 14:41:36,657 [INFO] Detected numbered document: 01-dia-chi-tra-cuu-httpswwwuiteduvntra-cuuvan-banghttpswwwuiteduvntra-cuuvan-bang in huong-dan-sinh-vien
2025-10-30 14:41:36,665 [INFO] Saved HTML [daa/quydinh_huongdan/huong-dan-sinh-vien/01-dia-chi-tra-cuu-httpswwwuiteduvntra-cuuvan-banghttpswwwuiteduvntra-cuuvan-bang]: daa.uit.edu.vn_thongbao_huong-dan-tra-cuu-va-xac-minh-van-bang-tot-nghiep-dai-hoc?page=3635.html
2025-10-30 14:41:36,671 [INFO] Saved Markdown [daa/quydinh_huongdan/huong-dan-sinh-vien/01-dia-chi-tra-cuu-httpswwwuiteduvntra-cuuvan-banghttpswwwuiteduvntra-cuuvan-bang]: daa.uit.edu.vn_thongbao_huong-dan-tra-cuu-va-xac-minh-van-bang-tot-nghiep-dai-hoc?page=3635.md
2025-10-30 14:41:36,680 [INFO] Detected numbered document: 01-dia-chi-tra-cuu-httpswwwuiteduvntra-cuuvan-banghttpswwwuiteduvntra-cuuvan-bang in huong-dan-sinh-vien
2025-10-30 14:41:36,687 [INFO] Saved HTML [daa/quydinh_huongdan/huong-dan-sinh-vien/01-dia-chi-tra-cuu-httpswwwuiteduvntra-cuuvan-banghttpswwwuiteduvntra-cuuvan-bang]: daa.uit.edu.vn_thongbao_huong-dan-tra-cuu-va-xac-minh-van-bang-tot-nghiep-dai-hoc?page=3637.html
2025-10-30 14:41:36,693 [INFO] Saved Markdown [daa/quydinh_huongdan/huong-dan-sinh-vien/01-dia-chi-tra-cuu-httpswwwuiteduvntra-cuuvan-banghttpswwwuiteduvntra-cuuvan-bang]: daa.uit.edu.vn_thongbao_huong-dan-tra-cuu-va-xac-minh-van-bang-tot-nghiep-dai-hoc?page=3637.md
2025-10-30 14:41:36,705 [INFO] Detected numbered document: 01-dia-chi-tra-cuu-httpswwwuiteduvntra-cuuvan-banghttpswwwuiteduvntra-cuuvan-bang in huong-dan-sinh-vien
2025-10-30 14:41:36,712 [INFO] Saved HTML [daa/quydinh_huongdan/huong-dan-sinh-vien/01-dia-chi-tra-cuu-httpswwwuiteduvntra-cuuvan-banghttpswwwuiteduvntra-cuuvan-bang]: daa.uit.edu.vn_thongbao_huong-dan-tra-cuu-va-xac-minh-van-bang-tot-nghiep-dai-hoc?page=215.html
2025-10-30 14:41:36,717 [INFO] Saved Markdown [daa/quydinh_huongdan/huong-dan-sinh-vien/01-dia-chi-tra-cuu-httpswwwuiteduvntra-cuuvan-banghttpswwwuiteduvntra-cuuvan-bang]: daa.uit.edu.vn_thongbao_huong-dan-tra-cuu-va-xac-minh-van-bang-tot-nghiep-dai-hoc?page=215.md
2025-10-30 14:41:36,724 [INFO] Detected numbered document: 01-dia-chi-tra-cuu-httpswwwuiteduvntra-cuuvan-banghttpswwwuiteduvntra-cuuvan-bang in huong-dan-sinh-vien
2025-10-30 14:41:36,732 [INFO] Saved HTML [daa/quydinh_huongdan/huong-dan-sinh-vien/01-dia-chi-tra-cuu-httpswwwuiteduvntra-cuuvan-banghttpswwwuiteduvntra-cuuvan-bang]: daa.uit.edu.vn_thongbao_huong-dan-tra-cuu-va-xac-minh-van-bang-tot-nghiep-dai-hoc?page=218.html
2025-10-30 14:41:36,738 [INFO] Saved Markdown [daa/quydinh_huongdan/huong-dan-sinh-vien/01-dia-chi-tra-cuu-httpswwwuiteduvntra-cuuvan-banghttpswwwuiteduvntra-cuuvan-bang]: daa.uit.edu.vn_thongbao_huong-dan-tra-cuu-va-xac-minh-van-bang-tot-nghiep-dai-hoc?page=218.md
2025-10-30 14:41:36,748 [INFO] Detected numbered document: 01-dia-chi-tra-cuu-httpswwwuiteduvntra-cuuvan-banghttpswwwuiteduvntra-cuuvan-bang in huong-dan-sinh-vien
2025-10-30 14:41:36,757 [INFO] Saved HTML [daa/quydinh_huongdan/huong-dan-sinh-vien/01-dia-chi-tra-cuu-httpswwwuiteduvntra-cuuvan-banghttpswwwuiteduvntra-cuuvan-bang]: daa.uit.edu.vn_thongbao_huong-dan-tra-cuu-va-xac-minh-van-bang-tot-nghiep-dai-hoc?page=217.html
2025-10-30 14:41:36,763 [INFO] Saved Markdown [daa/quydinh_huongdan/huong-dan-sinh-vien/01-dia-chi-tra-cuu-httpswwwuiteduvntra-cuuvan-banghttpswwwuiteduvntra-cuuvan-bang]: daa.uit.edu.vn_thongbao_huong-dan-tra-cuu-va-xac-minh-van-bang-tot-nghiep-dai-hoc?page=217.md
2025-10-30 14:41:36,770 [INFO] Detected numbered document: 01-dia-chi-tra-cuu-httpswwwuiteduvntra-cuuvan-banghttpswwwuiteduvntra-cuuvan-bang in huong-dan-sinh-vien
2025-10-30 14:41:36,779 [INFO] Saved HTML [daa/quydinh_huongdan/huong-dan-sinh-vien/01-dia-chi-tra-cuu-httpswwwuiteduvntra-cuuvan-banghttpswwwuiteduvntra-cuuvan-bang]: daa.uit.edu.vn_thongbao_huong-dan-tra-cuu-va-xac-minh-van-bang-tot-nghiep-dai-hoc?page=3636.html
2025-10-30 14:41:36,784 [INFO] Saved Markdown [daa/quydinh_huongdan/huong-dan-sinh-vien/01-dia-chi-tra-cuu-httpswwwuiteduvntra-cuuvan-banghttpswwwuiteduvntra-cuuvan-bang]: daa.uit.edu.vn_thongbao_huong-dan-tra-cuu-va-xac-minh-van-bang-tot-nghiep-dai-hoc?page=3636.md
2025-10-30 14:41:36,795 [INFO] Detected numbered document: 01-dia-chi-tra-cuu-httpswwwuiteduvntra-cuuvan-banghttpswwwuiteduvntra-cuuvan-bang in huong-dan-sinh-vien
2025-10-30 14:41:36,802 [INFO] Saved HTML [daa/quydinh_huongdan/huong-dan-sinh-vien/01-dia-chi-tra-cuu-httpswwwuiteduvntra-cuuvan-banghttpswwwuiteduvntra-cuuvan-bang]: daa.uit.edu.vn_thongbao_huong-dan-tra-cuu-va-xac-minh-van-bang-tot-nghiep-dai-hoc?page=216.html
2025-10-30 14:41:36,807 [INFO] Saved Markdown [daa/quydinh_huongdan/huong-dan-sinh-vien/01-dia-chi-tra-cuu-httpswwwuiteduvntra-cuuvan-banghttpswwwuiteduvntra-cuuvan-bang]: daa.uit.edu.vn_thongbao_huong-dan-tra-cuu-va-xac-minh-van-bang-tot-nghiep-dai-hoc?page=216.md
2025-10-30 14:41:36,821 [INFO] Detected numbered document: 01-dia-chi-tra-cuu-httpswwwuiteduvntra-cuuvan-banghttpswwwuiteduvntra-cuuvan-bang in huong-dan-sinh-vien
2025-10-30 14:41:36,829 [INFO] Saved HTML [daa/quydinh_huongdan/huong-dan-sinh-vien/01-dia-chi-tra-cuu-httpswwwuiteduvntra-cuuvan-banghttpswwwuiteduvntra-cuuvan-bang]: daa.uit.edu.vn_thongbao_huong-dan-tra-cuu-va-xac-minh-van-bang-tot-nghiep-dai-hoc?page=3634.html
2025-10-30 14:41:36,834 [INFO] Saved Markdown [daa/quydinh_huongdan/huong-dan-sinh-vien/01-dia-chi-tra-cuu-httpswwwuiteduvntra-cuuvan-banghttpswwwuiteduvntra-cuuvan-bang]: daa.uit.edu.vn_thongbao_huong-dan-tra-cuu-va-xac-minh-van-bang-tot-nghiep-dai-hoc?page=3634.md
2025-10-30 14:41:36,846 [INFO] Detected numbered document: 01-dia-chi-tra-cuu-httpswwwuiteduvntra-cuuvan-banghttpswwwuiteduvntra-cuuvan-bang in huong-dan-sinh-vien
2025-10-30 14:41:36,854 [INFO] Saved HTML [daa/quydinh_huongdan/huong-dan-sinh-vien/01-dia-chi-tra-cuu-httpswwwuiteduvntra-cuuvan-banghttpswwwuiteduvntra-cuuvan-bang]: daa.uit.edu.vn_thongbao_huong-dan-tra-cuu-va-xac-minh-van-bang-tot-nghiep-dai-hoc?page=3632.html
2025-10-30 14:41:36,859 [INFO] Saved Markdown [daa/quydinh_huongdan/huong-dan-sinh-vien/01-dia-chi-tra-cuu-httpswwwuiteduvntra-cuuvan-banghttpswwwuiteduvntra-cuuvan-bang]: daa.uit.edu.vn_thongbao_huong-dan-tra-cuu-va-xac-minh-van-bang-tot-nghiep-dai-hoc?page=3632.md
2025-10-30 14:41:36,867 [INFO] Detected numbered document: 01-dia-chi-tra-cuu-httpswwwuiteduvntra-cuuvan-banghttpswwwuiteduvntra-cuuvan-bang in huong-dan-sinh-vien
2025-10-30 14:41:36,876 [INFO] Saved HTML [daa/quydinh_huongdan/huong-dan-sinh-vien/01-dia-chi-tra-cuu-httpswwwuiteduvntra-cuuvan-banghttpswwwuiteduvntra-cuuvan-bang]: daa.uit.edu.vn_thongbao_huong-dan-tra-cuu-va-xac-minh-van-bang-tot-nghiep-dai-hoc?page=3631.html
2025-10-30 14:41:36,881 [INFO] Saved Markdown [daa/quydinh_huongdan/huong-dan-sinh-vien/01-dia-chi-tra-cuu-httpswwwuiteduvntra-cuuvan-banghttpswwwuiteduvntra-cuuvan-bang]: daa.uit.edu.vn_thongbao_huong-dan-tra-cuu-va-xac-minh-van-bang-tot-nghiep-dai-hoc?page=3631.md
2025-10-30 14:41:36,890 [INFO] Detected numbered document: 01-dia-chi-tra-cuu-httpswwwuiteduvntra-cuuvan-banghttpswwwuiteduvntra-cuuvan-bang in huong-dan-sinh-vien
2025-10-30 14:41:36,898 [INFO] Saved HTML [daa/quydinh_huongdan/huong-dan-sinh-vien/01-dia-chi-tra-cuu-httpswwwuiteduvntra-cuuvan-banghttpswwwuiteduvntra-cuuvan-bang]: daa.uit.edu.vn_thongbao_huong-dan-tra-cuu-va-xac-minh-van-bang-tot-nghiep-dai-hoc?page=3633.html
2025-10-30 14:41:36,904 [INFO] Saved Markdown [daa/quydinh_huongdan/huong-dan-sinh-vien/01-dia-chi-tra-cuu-httpswwwuiteduvntra-cuuvan-banghttpswwwuiteduvntra-cuuvan-bang]: daa.uit.edu.vn_thongbao_huong-dan-tra-cuu-va-xac-minh-van-bang-tot-nghiep-dai-hoc?page=3633.md
2025-10-30 14:41:36,912 [INFO] Detected numbered document: 01-dia-chi-tra-cuu-httpswwwuiteduvntra-cuuvan-banghttpswwwuiteduvntra-cuuvan-bang in huong-dan-sinh-vien
2025-10-30 14:41:36,920 [INFO] Saved HTML [daa/quydinh_huongdan/huong-dan-sinh-vien/01-dia-chi-tra-cuu-httpswwwuiteduvntra-cuuvan-banghttpswwwuiteduvntra-cuuvan-bang]: daa.uit.edu.vn_thongbao_huong-dan-tra-cuu-va-xac-minh-van-bang-tot-nghiep-dai-hoc?page=219.html
2025-10-30 14:41:36,926 [INFO] Saved Markdown [daa/quydinh_huongdan/huong-dan-sinh-vien/01-dia-chi-tra-cuu-httpswwwuiteduvntra-cuuvan-banghttpswwwuiteduvntra-cuuvan-bang]: daa.uit.edu.vn_thongbao_huong-dan-tra-cuu-va-xac-minh-van-bang-tot-nghiep-dai-hoc?page=219.md
2025-10-30 14:41:36,932 [INFO] Detected numbered document: 01-dia-chi-tra-cuu-httpswwwuiteduvntra-cuuvan-banghttpswwwuiteduvntra-cuuvan-bang in huong-dan-sinh-vien
2025-10-30 14:41:36,939 [INFO] Saved HTML [daa/quydinh_huongdan/huong-dan-sinh-vien/01-dia-chi-tra-cuu-httpswwwuiteduvntra-cuuvan-banghttpswwwuiteduvntra-cuuvan-bang]: daa.uit.edu.vn_thongbao_huong-dan-tra-cuu-va-xac-minh-van-bang-tot-nghiep-dai-hoc?page=220.html
2025-10-30 14:41:36,945 [INFO] Saved Markdown [daa/quydinh_huongdan/huong-dan-sinh-vien/01-dia-chi-tra-cuu-httpswwwuiteduvntra-cuuvan-banghttpswwwuiteduvntra-cuuvan-bang]: daa.uit.edu.vn_thongbao_huong-dan-tra-cuu-va-xac-minh-van-bang-tot-nghiep-dai-hoc?page=220.md
2025-10-30 14:41:36,952 [INFO] Detected numbered document: 01-dia-chi-tra-cuu-httpswwwuiteduvntra-cuuvan-banghttpswwwuiteduvntra-cuuvan-bang in huong-dan-sinh-vien
2025-10-30 14:41:36,960 [INFO] Saved HTML [daa/quydinh_huongdan/huong-dan-sinh-vien/01-dia-chi-tra-cuu-httpswwwuiteduvntra-cuuvan-banghttpswwwuiteduvntra-cuuvan-bang]: daa.uit.edu.vn_thongbao_huong-dan-tra-cuu-va-xac-minh-van-bang-tot-nghiep-dai-hoc?page=222.html
2025-10-30 14:41:36,966 [INFO] Saved Markdown [daa/quydinh_huongdan/huong-dan-sinh-vien/01-dia-chi-tra-cuu-httpswwwuiteduvntra-cuuvan-banghttpswwwuiteduvntra-cuuvan-bang]: daa.uit.edu.vn_thongbao_huong-dan-tra-cuu-va-xac-minh-van-bang-tot-nghiep-dai-hoc?page=222.md
2025-10-30 14:41:36,976 [INFO] Detected numbered document: 01-dia-chi-tra-cuu-httpswwwuiteduvntra-cuuvan-banghttpswwwuiteduvntra-cuuvan-bang in huong-dan-sinh-vien
2025-10-30 14:41:36,985 [INFO] Saved HTML [daa/quydinh_huongdan/huong-dan-sinh-vien/01-dia-chi-tra-cuu-httpswwwuiteduvntra-cuuvan-banghttpswwwuiteduvntra-cuuvan-bang]: daa.uit.edu.vn_thongbao_huong-dan-tra-cuu-va-xac-minh-van-bang-tot-nghiep-dai-hoc?page=221.html
2025-10-30 14:41:36,990 [INFO] Saved Markdown [daa/quydinh_huongdan/huong-dan-sinh-vien/01-dia-chi-tra-cuu-httpswwwuiteduvntra-cuuvan-banghttpswwwuiteduvntra-cuuvan-bang]: daa.uit.edu.vn_thongbao_huong-dan-tra-cuu-va-xac-minh-van-bang-tot-nghiep-dai-hoc?page=221.md
2025-10-30 14:41:37,003 [INFO] Detected numbered document: 01-dia-chi-tra-cuu-httpswwwuiteduvntra-cuuvan-banghttpswwwuiteduvntra-cuuvan-bang in huong-dan-sinh-vien
2025-10-30 14:41:37,013 [INFO] Saved HTML [daa/quydinh_huongdan/huong-dan-sinh-vien/01-dia-chi-tra-cuu-httpswwwuiteduvntra-cuuvan-banghttpswwwuiteduvntra-cuuvan-bang]: daa.uit.edu.vn_thongbao_huong-dan-tra-cuu-va-xac-minh-van-bang-tot-nghiep-dai-hoc?page=3628.html
2025-10-30 14:41:37,017 [INFO] Saved Markdown [daa/quydinh_huongdan/huong-dan-sinh-vien/01-dia-chi-tra-cuu-httpswwwuiteduvntra-cuuvan-banghttpswwwuiteduvntra-cuuvan-bang]: daa.uit.edu.vn_thongbao_huong-dan-tra-cuu-va-xac-minh-van-bang-tot-nghiep-dai-hoc?page=3628.md
2025-10-30 14:41:37,026 [INFO] Detected numbered document: 01-dia-chi-tra-cuu-httpswwwuiteduvntra-cuuvan-banghttpswwwuiteduvntra-cuuvan-bang in huong-dan-sinh-vien
2025-10-30 14:41:37,035 [INFO] Saved HTML [daa/quydinh_huongdan/huong-dan-sinh-vien/01-dia-chi-tra-cuu-httpswwwuiteduvntra-cuuvan-banghttpswwwuiteduvntra-cuuvan-bang]: daa.uit.edu.vn_thongbao_huong-dan-tra-cuu-va-xac-minh-van-bang-tot-nghiep-dai-hoc?page=3629.html
2025-10-30 14:41:37,041 [INFO] Saved Markdown [daa/quydinh_huongdan/huong-dan-sinh-vien/01-dia-chi-tra-cuu-httpswwwuiteduvntra-cuuvan-banghttpswwwuiteduvntra-cuuvan-bang]: daa.uit.edu.vn_thongbao_huong-dan-tra-cuu-va-xac-minh-van-bang-tot-nghiep-dai-hoc?page=3629.md
2025-10-30 14:41:37,052 [INFO] Detected numbered document: 01-dia-chi-tra-cuu-httpswwwuiteduvntra-cuuvan-banghttpswwwuiteduvntra-cuuvan-bang in huong-dan-sinh-vien
2025-10-30 14:41:37,062 [INFO] Saved HTML [daa/quydinh_huongdan/huong-dan-sinh-vien/01-dia-chi-tra-cuu-httpswwwuiteduvntra-cuuvan-banghttpswwwuiteduvntra-cuuvan-bang]: daa.uit.edu.vn_thongbao_huong-dan-tra-cuu-va-xac-minh-van-bang-tot-nghiep-dai-hoc?page=3630.html
2025-10-30 14:41:37,068 [INFO] Saved Markdown [daa/quydinh_huongdan/huong-dan-sinh-vien/01-dia-chi-tra-cuu-httpswwwuiteduvntra-cuuvan-banghttpswwwuiteduvntra-cuuvan-bang]: daa.uit.edu.vn_thongbao_huong-dan-tra-cuu-va-xac-minh-van-bang-tot-nghiep-dai-hoc?page=3630.md
2025-10-30 14:41:37,080 [INFO] Detected numbered document: 01-dia-chi-tra-cuu-httpswwwuiteduvntra-cuuvan-banghttpswwwuiteduvntra-cuuvan-bang in huong-dan-sinh-vien
2025-10-30 14:41:37,090 [INFO] Saved HTML [daa/quydinh_huongdan/huong-dan-sinh-vien/01-dia-chi-tra-cuu-httpswwwuiteduvntra-cuuvan-banghttpswwwuiteduvntra-cuuvan-bang]: daa.uit.edu.vn_thongbao_huong-dan-tra-cuu-va-xac-minh-van-bang-tot-nghiep-dai-hoc?page=3627.html
2025-10-30 14:41:37,094 [INFO] Saved Markdown [daa/quydinh_huongdan/huong-dan-sinh-vien/01-dia-chi-tra-cuu-httpswwwuiteduvntra-cuuvan-banghttpswwwuiteduvntra-cuuvan-bang]: daa.uit.edu.vn_thongbao_huong-dan-tra-cuu-va-xac-minh-van-bang-tot-nghiep-dai-hoc?page=3627.md
2025-10-30 14:41:37,104 [INFO] Detected numbered document: 01-dia-chi-tra-cuu-httpswwwuiteduvntra-cuuvan-banghttpswwwuiteduvntra-cuuvan-bang in huong-dan-sinh-vien
2025-10-30 14:41:37,112 [INFO] Saved HTML [daa/quydinh_huongdan/huong-dan-sinh-vien/01-dia-chi-tra-cuu-httpswwwuiteduvntra-cuuvan-banghttpswwwuiteduvntra-cuuvan-bang]: daa.uit.edu.vn_thongbao_huong-dan-tra-cuu-va-xac-minh-van-bang-tot-nghiep-dai-hoc?page=223.html
2025-10-30 14:41:37,117 [INFO] Saved Markdown [daa/quydinh_huongdan/huong-dan-sinh-vien/01-dia-chi-tra-cuu-httpswwwuiteduvntra-cuuvan-banghttpswwwuiteduvntra-cuuvan-bang]: daa.uit.edu.vn_thongbao_huong-dan-tra-cuu-va-xac-minh-van-bang-tot-nghiep-dai-hoc?page=223.md
2025-10-30 14:41:37,127 [INFO] Detected numbered document: 01-dia-chi-tra-cuu-httpswwwuiteduvntra-cuuvan-banghttpswwwuiteduvntra-cuuvan-bang in huong-dan-sinh-vien
2025-10-30 14:41:37,135 [INFO] Saved HTML [daa/quydinh_huongdan/huong-dan-sinh-vien/01-dia-chi-tra-cuu-httpswwwuiteduvntra-cuuvan-banghttpswwwuiteduvntra-cuuvan-bang]: daa.uit.edu.vn_thongbao_huong-dan-tra-cuu-va-xac-minh-van-bang-tot-nghiep-dai-hoc?page=224.html
2025-10-30 14:41:37,142 [INFO] Saved Markdown [daa/quydinh_huongdan/huong-dan-sinh-vien/01-dia-chi-tra-cuu-httpswwwuiteduvntra-cuuvan-banghttpswwwuiteduvntra-cuuvan-bang]: daa.uit.edu.vn_thongbao_huong-dan-tra-cuu-va-xac-minh-van-bang-tot-nghiep-dai-hoc?page=224.md
2025-10-30 14:41:37,152 [INFO] Detected numbered document: 01-dia-chi-tra-cuu-httpswwwuiteduvntra-cuuvan-banghttpswwwuiteduvntra-cuuvan-bang in huong-dan-sinh-vien
2025-10-30 14:41:37,162 [INFO] Saved HTML [daa/quydinh_huongdan/huong-dan-sinh-vien/01-dia-chi-tra-cuu-httpswwwuiteduvntra-cuuvan-banghttpswwwuiteduvntra-cuuvan-bang]: daa.uit.edu.vn_thongbao_huong-dan-tra-cuu-va-xac-minh-van-bang-tot-nghiep-dai-hoc?page=226.html
2025-10-30 14:41:37,167 [INFO] Saved Markdown [daa/quydinh_huongdan/huong-dan-sinh-vien/01-dia-chi-tra-cuu-httpswwwuiteduvntra-cuuvan-banghttpswwwuiteduvntra-cuuvan-bang]: daa.uit.edu.vn_thongbao_huong-dan-tra-cuu-va-xac-minh-van-bang-tot-nghiep-dai-hoc?page=226.md
2025-10-30 14:41:37,176 [INFO] Detected numbered document: 01-dia-chi-tra-cuu-httpswwwuiteduvntra-cuuvan-banghttpswwwuiteduvntra-cuuvan-bang in huong-dan-sinh-vien
2025-10-30 14:41:37,184 [INFO] Saved HTML [daa/quydinh_huongdan/huong-dan-sinh-vien/01-dia-chi-tra-cuu-httpswwwuiteduvntra-cuuvan-banghttpswwwuiteduvntra-cuuvan-bang]: daa.uit.edu.vn_thongbao_huong-dan-tra-cuu-va-xac-minh-van-bang-tot-nghiep-dai-hoc?page=225.html
2025-10-30 14:41:37,188 [INFO] Saved Markdown [daa/quydinh_huongdan/huong-dan-sinh-vien/01-dia-chi-tra-cuu-httpswwwuiteduvntra-cuuvan-banghttpswwwuiteduvntra-cuuvan-bang]: daa.uit.edu.vn_thongbao_huong-dan-tra-cuu-va-xac-minh-van-bang-tot-nghiep-dai-hoc?page=225.md
2025-10-30 14:41:37,196 [INFO] Detected numbered document: 01-dia-chi-tra-cuu-httpswwwuiteduvntra-cuuvan-banghttpswwwuiteduvntra-cuuvan-bang in huong-dan-sinh-vien
2025-10-30 14:41:37,205 [INFO] Saved HTML [daa/quydinh_huongdan/huong-dan-sinh-vien/01-dia-chi-tra-cuu-httpswwwuiteduvntra-cuuvan-banghttpswwwuiteduvntra-cuuvan-bang]: daa.uit.edu.vn_thongbao_huong-dan-tra-cuu-va-xac-minh-van-bang-tot-nghiep-dai-hoc?page=3625.html
2025-10-30 14:41:37,210 [INFO] Saved Markdown [daa/quydinh_huongdan/huong-dan-sinh-vien/01-dia-chi-tra-cuu-httpswwwuiteduvntra-cuuvan-banghttpswwwuiteduvntra-cuuvan-bang]: daa.uit.edu.vn_thongbao_huong-dan-tra-cuu-va-xac-minh-van-bang-tot-nghiep-dai-hoc?page=3625.md
2025-10-30 14:41:37,222 [INFO] Detected numbered document: 01-dia-chi-tra-cuu-httpswwwuiteduvntra-cuuvan-banghttpswwwuiteduvntra-cuuvan-bang in huong-dan-sinh-vien
2025-10-30 14:41:37,229 [INFO] Saved HTML [daa/quydinh_huongdan/huong-dan-sinh-vien/01-dia-chi-tra-cuu-httpswwwuiteduvntra-cuuvan-banghttpswwwuiteduvntra-cuuvan-bang]: daa.uit.edu.vn_thongbao_huong-dan-tra-cuu-va-xac-minh-van-bang-tot-nghiep-dai-hoc?page=3623.html
2025-10-30 14:41:37,234 [INFO] Saved Markdown [daa/quydinh_huongdan/huong-dan-sinh-vien/01-dia-chi-tra-cuu-httpswwwuiteduvntra-cuuvan-banghttpswwwuiteduvntra-cuuvan-bang]: daa.uit.edu.vn_thongbao_huong-dan-tra-cuu-va-xac-minh-van-bang-tot-nghiep-dai-hoc?page=3623.md
2025-10-30 14:41:37,247 [INFO] Detected numbered document: 01-dia-chi-tra-cuu-httpswwwuiteduvntra-cuuvan-banghttpswwwuiteduvntra-cuuvan-bang in huong-dan-sinh-vien
2025-10-30 14:41:37,254 [INFO] Saved HTML [daa/quydinh_huongdan/huong-dan-sinh-vien/01-dia-chi-tra-cuu-httpswwwuiteduvntra-cuuvan-banghttpswwwuiteduvntra-cuuvan-bang]: daa.uit.edu.vn_thongbao_huong-dan-tra-cuu-va-xac-minh-van-bang-tot-nghiep-dai-hoc?page=3624.html
2025-10-30 14:41:37,260 [INFO] Saved Markdown [daa/quydinh_huongdan/huong-dan-sinh-vien/01-dia-chi-tra-cuu-httpswwwuiteduvntra-cuuvan-banghttpswwwuiteduvntra-cuuvan-bang]: daa.uit.edu.vn_thongbao_huong-dan-tra-cuu-va-xac-minh-van-bang-tot-nghiep-dai-hoc?page=3624.md
2025-10-30 14:41:37,272 [INFO] Detected numbered document: 01-dia-chi-tra-cuu-httpswwwuiteduvntra-cuuvan-banghttpswwwuiteduvntra-cuuvan-bang in huong-dan-sinh-vien
2025-10-30 14:41:37,281 [INFO] Saved HTML [daa/quydinh_huongdan/huong-dan-sinh-vien/01-dia-chi-tra-cuu-httpswwwuiteduvntra-cuuvan-banghttpswwwuiteduvntra-cuuvan-bang]: daa.uit.edu.vn_thongbao_huong-dan-tra-cuu-va-xac-minh-van-bang-tot-nghiep-dai-hoc?page=227.html
2025-10-30 14:41:37,285 [INFO] Saved Markdown [daa/quydinh_huongdan/huong-dan-sinh-vien/01-dia-chi-tra-cuu-httpswwwuiteduvntra-cuuvan-banghttpswwwuiteduvntra-cuuvan-bang]: daa.uit.edu.vn_thongbao_huong-dan-tra-cuu-va-xac-minh-van-bang-tot-nghiep-dai-hoc?page=227.md
2025-10-30 14:41:37,298 [INFO] Detected numbered document: 01-dia-chi-tra-cuu-httpswwwuiteduvntra-cuuvan-banghttpswwwuiteduvntra-cuuvan-bang in huong-dan-sinh-vien
2025-10-30 14:41:37,305 [INFO] Saved HTML [daa/quydinh_huongdan/huong-dan-sinh-vien/01-dia-chi-tra-cuu-httpswwwuiteduvntra-cuuvan-banghttpswwwuiteduvntra-cuuvan-bang]: daa.uit.edu.vn_thongbao_huong-dan-tra-cuu-va-xac-minh-van-bang-tot-nghiep-dai-hoc?page=3626.html
2025-10-30 14:41:37,310 [INFO] Saved Markdown [daa/quydinh_huongdan/huong-dan-sinh-vien/01-dia-chi-tra-cuu-httpswwwuiteduvntra-cuuvan-banghttpswwwuiteduvntra-cuuvan-bang]: daa.uit.edu.vn_thongbao_huong-dan-tra-cuu-va-xac-minh-van-bang-tot-nghiep-dai-hoc?page=3626.md
2025-10-30 14:41:37,322 [INFO] Detected numbered document: 01-dia-chi-tra-cuu-httpswwwuiteduvntra-cuuvan-banghttpswwwuiteduvntra-cuuvan-bang in huong-dan-sinh-vien
2025-10-30 14:41:37,330 [INFO] Saved HTML [daa/quydinh_huongdan/huong-dan-sinh-vien/01-dia-chi-tra-cuu-httpswwwuiteduvntra-cuuvan-banghttpswwwuiteduvntra-cuuvan-bang]: daa.uit.edu.vn_thongbao_huong-dan-tra-cuu-va-xac-minh-van-bang-tot-nghiep-dai-hoc?page=3622.html
2025-10-30 14:41:37,335 [INFO] Saved Markdown [daa/quydinh_huongdan/huong-dan-sinh-vien/01-dia-chi-tra-cuu-httpswwwuiteduvntra-cuuvan-banghttpswwwuiteduvntra-cuuvan-bang]: daa.uit.edu.vn_thongbao_huong-dan-tra-cuu-va-xac-minh-van-bang-tot-nghiep-dai-hoc?page=3622.md
2025-10-30 14:41:37,345 [INFO] Detected numbered document: 01-dia-chi-tra-cuu-httpswwwuiteduvntra-cuuvan-banghttpswwwuiteduvntra-cuuvan-bang in huong-dan-sinh-vien
2025-10-30 14:41:37,353 [INFO] Saved HTML [daa/quydinh_huongdan/huong-dan-sinh-vien/01-dia-chi-tra-cuu-httpswwwuiteduvntra-cuuvan-banghttpswwwuiteduvntra-cuuvan-bang]: daa.uit.edu.vn_thongbao_huong-dan-tra-cuu-va-xac-minh-van-bang-tot-nghiep-dai-hoc?page=229.html
2025-10-30 14:41:37,358 [INFO] Saved Markdown [daa/quydinh_huongdan/huong-dan-sinh-vien/01-dia-chi-tra-cuu-httpswwwuiteduvntra-cuuvan-banghttpswwwuiteduvntra-cuuvan-bang]: daa.uit.edu.vn_thongbao_huong-dan-tra-cuu-va-xac-minh-van-bang-tot-nghiep-dai-hoc?page=229.md
2025-10-30 14:41:37,368 [INFO] Detected numbered document: 01-dia-chi-tra-cuu-httpswwwuiteduvntra-cuuvan-banghttpswwwuiteduvntra-cuuvan-bang in huong-dan-sinh-vien
2025-10-30 14:41:37,377 [INFO] Saved HTML [daa/quydinh_huongdan/huong-dan-sinh-vien/01-dia-chi-tra-cuu-httpswwwuiteduvntra-cuuvan-banghttpswwwuiteduvntra-cuuvan-bang]: daa.uit.edu.vn_thongbao_huong-dan-tra-cuu-va-xac-minh-van-bang-tot-nghiep-dai-hoc?page=228.html
2025-10-30 14:41:37,382 [INFO] Saved Markdown [daa/quydinh_huongdan/huong-dan-sinh-vien/01-dia-chi-tra-cuu-httpswwwuiteduvntra-cuuvan-banghttpswwwuiteduvntra-cuuvan-bang]: daa.uit.edu.vn_thongbao_huong-dan-tra-cuu-va-xac-minh-van-bang-tot-nghiep-dai-hoc?page=228.md
2025-10-30 14:41:37,391 [INFO] Detected numbered document: 01-dia-chi-tra-cuu-httpswwwuiteduvntra-cuuvan-banghttpswwwuiteduvntra-cuuvan-bang in huong-dan-sinh-vien
2025-10-30 14:41:37,399 [INFO] Saved HTML [daa/quydinh_huongdan/huong-dan-sinh-vien/01-dia-chi-tra-cuu-httpswwwuiteduvntra-cuuvan-banghttpswwwuiteduvntra-cuuvan-bang]: daa.uit.edu.vn_thongbao_huong-dan-tra-cuu-va-xac-minh-van-bang-tot-nghiep-dai-hoc?page=3621.html
2025-10-30 14:41:37,403 [INFO] Saved Markdown [daa/quydinh_huongdan/huong-dan-sinh-vien/01-dia-chi-tra-cuu-httpswwwuiteduvntra-cuuvan-banghttpswwwuiteduvntra-cuuvan-bang]: daa.uit.edu.vn_thongbao_huong-dan-tra-cuu-va-xac-minh-van-bang-tot-nghiep-dai-hoc?page=3621.md
2025-10-30 14:41:37,415 [INFO] Detected numbered document: 01-dia-chi-tra-cuu-httpswwwuiteduvntra-cuuvan-banghttpswwwuiteduvntra-cuuvan-bang in huong-dan-sinh-vien
2025-10-30 14:41:37,424 [INFO] Saved HTML [daa/quydinh_huongdan/huong-dan-sinh-vien/01-dia-chi-tra-cuu-httpswwwuiteduvntra-cuuvan-banghttpswwwuiteduvntra-cuuvan-bang]: daa.uit.edu.vn_thongbao_huong-dan-tra-cuu-va-xac-minh-van-bang-tot-nghiep-dai-hoc?page=230.html
2025-10-30 14:41:37,429 [INFO] Saved Markdown [daa/quydinh_huongdan/huong-dan-sinh-vien/01-dia-chi-tra-cuu-httpswwwuiteduvntra-cuuvan-banghttpswwwuiteduvntra-cuuvan-bang]: daa.uit.edu.vn_thongbao_huong-dan-tra-cuu-va-xac-minh-van-bang-tot-nghiep-dai-hoc?page=230.md
2025-10-30 14:41:37,440 [INFO] Detected numbered document: 01-dia-chi-tra-cuu-httpswwwuiteduvntra-cuuvan-banghttpswwwuiteduvntra-cuuvan-bang in huong-dan-sinh-vien
2025-10-30 14:41:37,448 [INFO] Saved HTML [daa/quydinh_huongdan/huong-dan-sinh-vien/01-dia-chi-tra-cuu-httpswwwuiteduvntra-cuuvan-banghttpswwwuiteduvntra-cuuvan-bang]: daa.uit.edu.vn_thongbao_huong-dan-tra-cuu-va-xac-minh-van-bang-tot-nghiep-dai-hoc?page=3618.html
2025-10-30 14:41:37,453 [INFO] Saved Markdown [daa/quydinh_huongdan/huong-dan-sinh-vien/01-dia-chi-tra-cuu-httpswwwuiteduvntra-cuuvan-banghttpswwwuiteduvntra-cuuvan-bang]: daa.uit.edu.vn_thongbao_huong-dan-tra-cuu-va-xac-minh-van-bang-tot-nghiep-dai-hoc?page=3618.md
2025-10-30 14:41:37,465 [INFO] Detected numbered document: 01-dia-chi-tra-cuu-httpswwwuiteduvntra-cuuvan-banghttpswwwuiteduvntra-cuuvan-bang in huong-dan-sinh-vien
2025-10-30 14:41:37,472 [INFO] Saved HTML [daa/quydinh_huongdan/huong-dan-sinh-vien/01-dia-chi-tra-cuu-httpswwwuiteduvntra-cuuvan-banghttpswwwuiteduvntra-cuuvan-bang]: daa.uit.edu.vn_thongbao_huong-dan-tra-cuu-va-xac-minh-van-bang-tot-nghiep-dai-hoc?page=231.html
2025-10-30 14:41:37,477 [INFO] Saved Markdown [daa/quydinh_huongdan/huong-dan-sinh-vien/01-dia-chi-tra-cuu-httpswwwuiteduvntra-cuuvan-banghttpswwwuiteduvntra-cuuvan-bang]: daa.uit.edu.vn_thongbao_huong-dan-tra-cuu-va-xac-minh-van-bang-tot-nghiep-dai-hoc?page=231.md
2025-10-30 14:41:37,487 [INFO] Detected numbered document: 01-dia-chi-tra-cuu-httpswwwuiteduvntra-cuuvan-banghttpswwwuiteduvntra-cuuvan-bang in huong-dan-sinh-vien
2025-10-30 14:41:37,496 [INFO] Saved HTML [daa/quydinh_huongdan/huong-dan-sinh-vien/01-dia-chi-tra-cuu-httpswwwuiteduvntra-cuuvan-banghttpswwwuiteduvntra-cuuvan-bang]: daa.uit.edu.vn_thongbao_huong-dan-tra-cuu-va-xac-minh-van-bang-tot-nghiep-dai-hoc?page=3619.html
2025-10-30 14:41:37,502 [INFO] Saved Markdown [daa/quydinh_huongdan/huong-dan-sinh-vien/01-dia-chi-tra-cuu-httpswwwuiteduvntra-cuuvan-banghttpswwwuiteduvntra-cuuvan-bang]: daa.uit.edu.vn_thongbao_huong-dan-tra-cuu-va-xac-minh-van-bang-tot-nghiep-dai-hoc?page=3619.md
2025-10-30 14:41:37,513 [INFO] Detected numbered document: 01-dia-chi-tra-cuu-httpswwwuiteduvntra-cuuvan-banghttpswwwuiteduvntra-cuuvan-bang in huong-dan-sinh-vien
2025-10-30 14:41:37,522 [INFO] Saved HTML [daa/quydinh_huongdan/huong-dan-sinh-vien/01-dia-chi-tra-cuu-httpswwwuiteduvntra-cuuvan-banghttpswwwuiteduvntra-cuuvan-bang]: daa.uit.edu.vn_thongbao_huong-dan-tra-cuu-va-xac-minh-van-bang-tot-nghiep-dai-hoc?page=232.html
2025-10-30 14:41:37,527 [INFO] Saved Markdown [daa/quydinh_huongdan/huong-dan-sinh-vien/01-dia-chi-tra-cuu-httpswwwuiteduvntra-cuuvan-banghttpswwwuiteduvntra-cuuvan-bang]: daa.uit.edu.vn_thongbao_huong-dan-tra-cuu-va-xac-minh-van-bang-tot-nghiep-dai-hoc?page=232.md
2025-10-30 14:41:37,539 [INFO] Detected numbered document: 01-dia-chi-tra-cuu-httpswwwuiteduvntra-cuuvan-banghttpswwwuiteduvntra-cuuvan-bang in huong-dan-sinh-vien
2025-10-30 14:41:37,548 [INFO] Saved HTML [daa/quydinh_huongdan/huong-dan-sinh-vien/01-dia-chi-tra-cuu-httpswwwuiteduvntra-cuuvan-banghttpswwwuiteduvntra-cuuvan-bang]: daa.uit.edu.vn_thongbao_huong-dan-tra-cuu-va-xac-minh-van-bang-tot-nghiep-dai-hoc?page=3620.html
2025-10-30 14:41:37,553 [INFO] Saved Markdown [daa/quydinh_huongdan/huong-dan-sinh-vien/01-dia-chi-tra-cuu-httpswwwuiteduvntra-cuuvan-banghttpswwwuiteduvntra-cuuvan-bang]: daa.uit.edu.vn_thongbao_huong-dan-tra-cuu-va-xac-minh-van-bang-tot-nghiep-dai-hoc?page=3620.md
2025-10-30 14:41:37,562 [INFO] Detected numbered document: 01-dia-chi-tra-cuu-httpswwwuiteduvntra-cuuvan-banghttpswwwuiteduvntra-cuuvan-bang in huong-dan-sinh-vien
2025-10-30 14:41:37,570 [INFO] Saved HTML [daa/quydinh_huongdan/huong-dan-sinh-vien/01-dia-chi-tra-cuu-httpswwwuiteduvntra-cuuvan-banghttpswwwuiteduvntra-cuuvan-bang]: daa.uit.edu.vn_thongbao_huong-dan-tra-cuu-va-xac-minh-van-bang-tot-nghiep-dai-hoc?page=3614.html
2025-10-30 14:41:37,575 [INFO] Saved Markdown [daa/quydinh_huongdan/huong-dan-sinh-vien/01-dia-chi-tra-cuu-httpswwwuiteduvntra-cuuvan-banghttpswwwuiteduvntra-cuuvan-bang]: daa.uit.edu.vn_thongbao_huong-dan-tra-cuu-va-xac-minh-van-bang-tot-nghiep-dai-hoc?page=3614.md
2025-10-30 14:41:37,587 [INFO] Detected numbered document: 01-dia-chi-tra-cuu-httpswwwuiteduvntra-cuuvan-banghttpswwwuiteduvntra-cuuvan-bang in huong-dan-sinh-vien
2025-10-30 14:41:37,594 [INFO] Saved HTML [daa/quydinh_huongdan/huong-dan-sinh-vien/01-dia-chi-tra-cuu-httpswwwuiteduvntra-cuuvan-banghttpswwwuiteduvntra-cuuvan-bang]: daa.uit.edu.vn_thongbao_huong-dan-tra-cuu-va-xac-minh-van-bang-tot-nghiep-dai-hoc?page=234.html
2025-10-30 14:41:37,601 [INFO] Saved Markdown [daa/quydinh_huongdan/huong-dan-sinh-vien/01-dia-chi-tra-cuu-httpswwwuiteduvntra-cuuvan-banghttpswwwuiteduvntra-cuuvan-bang]: daa.uit.edu.vn_thongbao_huong-dan-tra-cuu-va-xac-minh-van-bang-tot-nghiep-dai-hoc?page=234.md
2025-10-30 14:41:37,612 [INFO] Detected numbered document: 01-dia-chi-tra-cuu-httpswwwuiteduvntra-cuuvan-banghttpswwwuiteduvntra-cuuvan-bang in huong-dan-sinh-vien
2025-10-30 14:41:37,623 [INFO] Saved HTML [daa/quydinh_huongdan/huong-dan-sinh-vien/01-dia-chi-tra-cuu-httpswwwuiteduvntra-cuuvan-banghttpswwwuiteduvntra-cuuvan-bang]: daa.uit.edu.vn_thongbao_huong-dan-tra-cuu-va-xac-minh-van-bang-tot-nghiep-dai-hoc?page=3615.html
2025-10-30 14:41:37,629 [INFO] Saved Markdown [daa/quydinh_huongdan/huong-dan-sinh-vien/01-dia-chi-tra-cuu-httpswwwuiteduvntra-cuuvan-banghttpswwwuiteduvntra-cuuvan-bang]: daa.uit.edu.vn_thongbao_huong-dan-tra-cuu-va-xac-minh-van-bang-tot-nghiep-dai-hoc?page=3615.md
2025-10-30 14:41:37,639 [INFO] Detected numbered document: 01-dia-chi-tra-cuu-httpswwwuiteduvntra-cuuvan-banghttpswwwuiteduvntra-cuuvan-bang in huong-dan-sinh-vien
2025-10-30 14:41:37,652 [INFO] Saved HTML [daa/quydinh_huongdan/huong-dan-sinh-vien/01-dia-chi-tra-cuu-httpswwwuiteduvntra-cuuvan-banghttpswwwuiteduvntra-cuuvan-bang]: daa.uit.edu.vn_thongbao_huong-dan-tra-cuu-va-xac-minh-van-bang-tot-nghiep-dai-hoc?page=3617.html
2025-10-30 14:41:37,659 [INFO] Saved Markdown [daa/quydinh_huongdan/huong-dan-sinh-vien/01-dia-chi-tra-cuu-httpswwwuiteduvntra-cuuvan-banghttpswwwuiteduvntra-cuuvan-bang]: daa.uit.edu.vn_thongbao_huong-dan-tra-cuu-va-xac-minh-van-bang-tot-nghiep-dai-hoc?page=3617.md
2025-10-30 14:41:37,664 [INFO] Detected numbered document: 01-dia-chi-tra-cuu-httpswwwuiteduvntra-cuuvan-banghttpswwwuiteduvntra-cuuvan-bang in huong-dan-sinh-vien
2025-10-30 14:41:37,674 [INFO] Saved HTML [daa/quydinh_huongdan/huong-dan-sinh-vien/01-dia-chi-tra-cuu-httpswwwuiteduvntra-cuuvan-banghttpswwwuiteduvntra-cuuvan-bang]: daa.uit.edu.vn_thongbao_huong-dan-tra-cuu-va-xac-minh-van-bang-tot-nghiep-dai-hoc?page=233.html
2025-10-30 14:41:37,682 [INFO] Saved Markdown [daa/quydinh_huongdan/huong-dan-sinh-vien/01-dia-chi-tra-cuu-httpswwwuiteduvntra-cuuvan-banghttpswwwuiteduvntra-cuuvan-bang]: daa.uit.edu.vn_thongbao_huong-dan-tra-cuu-va-xac-minh-van-bang-tot-nghiep-dai-hoc?page=233.md
2025-10-30 14:41:37,691 [INFO] Detected numbered document: 01-dia-chi-tra-cuu-httpswwwuiteduvntra-cuuvan-banghttpswwwuiteduvntra-cuuvan-bang in huong-dan-sinh-vien
2025-10-30 14:41:37,702 [INFO] Saved HTML [daa/quydinh_huongdan/huong-dan-sinh-vien/01-dia-chi-tra-cuu-httpswwwuiteduvntra-cuuvan-banghttpswwwuiteduvntra-cuuvan-bang]: daa.uit.edu.vn_thongbao_huong-dan-tra-cuu-va-xac-minh-van-bang-tot-nghiep-dai-hoc?page=235.html
2025-10-30 14:41:37,708 [INFO] Saved Markdown [daa/quydinh_huongdan/huong-dan-sinh-vien/01-dia-chi-tra-cuu-httpswwwuiteduvntra-cuuvan-banghttpswwwuiteduvntra-cuuvan-bang]: daa.uit.edu.vn_thongbao_huong-dan-tra-cuu-va-xac-minh-van-bang-tot-nghiep-dai-hoc?page=235.md
2025-10-30 14:41:37,718 [INFO] Detected numbered document: 01-dia-chi-tra-cuu-httpswwwuiteduvntra-cuuvan-banghttpswwwuiteduvntra-cuuvan-bang in huong-dan-sinh-vien
2025-10-30 14:41:37,726 [INFO] Saved HTML [daa/quydinh_huongdan/huong-dan-sinh-vien/01-dia-chi-tra-cuu-httpswwwuiteduvntra-cuuvan-banghttpswwwuiteduvntra-cuuvan-bang]: daa.uit.edu.vn_thongbao_huong-dan-tra-cuu-va-xac-minh-van-bang-tot-nghiep-dai-hoc?page=236.html
2025-10-30 14:41:37,730 [INFO] Saved Markdown [daa/quydinh_huongdan/huong-dan-sinh-vien/01-dia-chi-tra-cuu-httpswwwuiteduvntra-cuuvan-banghttpswwwuiteduvntra-cuuvan-bang]: daa.uit.edu.vn_thongbao_huong-dan-tra-cuu-va-xac-minh-van-bang-tot-nghiep-dai-hoc?page=236.md
2025-10-30 14:41:37,740 [INFO] Detected numbered document: 01-dia-chi-tra-cuu-httpswwwuiteduvntra-cuuvan-banghttpswwwuiteduvntra-cuuvan-bang in huong-dan-sinh-vien
2025-10-30 14:41:37,748 [INFO] Saved HTML [daa/quydinh_huongdan/huong-dan-sinh-vien/01-dia-chi-tra-cuu-httpswwwuiteduvntra-cuuvan-banghttpswwwuiteduvntra-cuuvan-bang]: daa.uit.edu.vn_thongbao_huong-dan-tra-cuu-va-xac-minh-van-bang-tot-nghiep-dai-hoc?page=3613.html
2025-10-30 14:41:37,752 [INFO] Saved Markdown [daa/quydinh_huongdan/huong-dan-sinh-vien/01-dia-chi-tra-cuu-httpswwwuiteduvntra-cuuvan-banghttpswwwuiteduvntra-cuuvan-bang]: daa.uit.edu.vn_thongbao_huong-dan-tra-cuu-va-xac-minh-van-bang-tot-nghiep-dai-hoc?page=3613.md
2025-10-30 14:41:37,766 [INFO] Detected numbered document: 01-dia-chi-tra-cuu-httpswwwuiteduvntra-cuuvan-banghttpswwwuiteduvntra-cuuvan-bang in huong-dan-sinh-vien
2025-10-30 14:41:37,774 [INFO] Saved HTML [daa/quydinh_huongdan/huong-dan-sinh-vien/01-dia-chi-tra-cuu-httpswwwuiteduvntra-cuuvan-banghttpswwwuiteduvntra-cuuvan-bang]: daa.uit.edu.vn_thongbao_huong-dan-tra-cuu-va-xac-minh-van-bang-tot-nghiep-dai-hoc?page=3610.html
2025-10-30 14:41:37,778 [INFO] Saved Markdown [daa/quydinh_huongdan/huong-dan-sinh-vien/01-dia-chi-tra-cuu-httpswwwuiteduvntra-cuuvan-banghttpswwwuiteduvntra-cuuvan-bang]: daa.uit.edu.vn_thongbao_huong-dan-tra-cuu-va-xac-minh-van-bang-tot-nghiep-dai-hoc?page=3610.md
2025-10-30 14:41:37,792 [INFO] Detected numbered document: 01-dia-chi-tra-cuu-httpswwwuiteduvntra-cuuvan-banghttpswwwuiteduvntra-cuuvan-bang in huong-dan-sinh-vien
2025-10-30 14:41:37,801 [INFO] Saved HTML [daa/quydinh_huongdan/huong-dan-sinh-vien/01-dia-chi-tra-cuu-httpswwwuiteduvntra-cuuvan-banghttpswwwuiteduvntra-cuuvan-bang]: daa.uit.edu.vn_thongbao_huong-dan-tra-cuu-va-xac-minh-van-bang-tot-nghiep-dai-hoc?page=3616.html
2025-10-30 14:41:37,806 [INFO] Saved Markdown [daa/quydinh_huongdan/huong-dan-sinh-vien/01-dia-chi-tra-cuu-httpswwwuiteduvntra-cuuvan-banghttpswwwuiteduvntra-cuuvan-bang]: daa.uit.edu.vn_thongbao_huong-dan-tra-cuu-va-xac-minh-van-bang-tot-nghiep-dai-hoc?page=3616.md
2025-10-30 14:41:37,816 [INFO] Detected numbered document: 01-dia-chi-tra-cuu-httpswwwuiteduvntra-cuuvan-banghttpswwwuiteduvntra-cuuvan-bang in huong-dan-sinh-vien
2025-10-30 14:41:37,825 [INFO] Saved HTML [daa/quydinh_huongdan/huong-dan-sinh-vien/01-dia-chi-tra-cuu-httpswwwuiteduvntra-cuuvan-banghttpswwwuiteduvntra-cuuvan-bang]: daa.uit.edu.vn_thongbao_huong-dan-tra-cuu-va-xac-minh-van-bang-tot-nghiep-dai-hoc?page=238.html
2025-10-30 14:41:37,830 [INFO] Saved Markdown [daa/quydinh_huongdan/huong-dan-sinh-vien/01-dia-chi-tra-cuu-httpswwwuiteduvntra-cuuvan-banghttpswwwuiteduvntra-cuuvan-bang]: daa.uit.edu.vn_thongbao_huong-dan-tra-cuu-va-xac-minh-van-bang-tot-nghiep-dai-hoc?page=238.md
2025-10-30 14:41:37,841 [INFO] Detected numbered document: 01-dia-chi-tra-cuu-httpswwwuiteduvntra-cuuvan-banghttpswwwuiteduvntra-cuuvan-bang in huong-dan-sinh-vien
2025-10-30 14:41:37,850 [INFO] Saved HTML [daa/quydinh_huongdan/huong-dan-sinh-vien/01-dia-chi-tra-cuu-httpswwwuiteduvntra-cuuvan-banghttpswwwuiteduvntra-cuuvan-bang]: daa.uit.edu.vn_thongbao_huong-dan-tra-cuu-va-xac-minh-van-bang-tot-nghiep-dai-hoc?page=239.html
2025-10-30 14:41:37,856 [INFO] Saved Markdown [daa/quydinh_huongdan/huong-dan-sinh-vien/01-dia-chi-tra-cuu-httpswwwuiteduvntra-cuuvan-banghttpswwwuiteduvntra-cuuvan-bang]: daa.uit.edu.vn_thongbao_huong-dan-tra-cuu-va-xac-minh-van-bang-tot-nghiep-dai-hoc?page=239.md
2025-10-30 14:41:37,860 [INFO] Detected numbered document: 01-dia-chi-tra-cuu-httpswwwuiteduvntra-cuuvan-banghttpswwwuiteduvntra-cuuvan-bang in huong-dan-sinh-vien
2025-10-30 14:41:37,867 [INFO] Saved HTML [daa/quydinh_huongdan/huong-dan-sinh-vien/01-dia-chi-tra-cuu-httpswwwuiteduvntra-cuuvan-banghttpswwwuiteduvntra-cuuvan-bang]: daa.uit.edu.vn_thongbao_huong-dan-tra-cuu-va-xac-minh-van-bang-tot-nghiep-dai-hoc?page=3612.html
2025-10-30 14:41:37,873 [INFO] Saved Markdown [daa/quydinh_huongdan/huong-dan-sinh-vien/01-dia-chi-tra-cuu-httpswwwuiteduvntra-cuuvan-banghttpswwwuiteduvntra-cuuvan-bang]: daa.uit.edu.vn_thongbao_huong-dan-tra-cuu-va-xac-minh-van-bang-tot-nghiep-dai-hoc?page=3612.md
2025-10-30 14:41:37,884 [INFO] Detected numbered document: 01-dia-chi-tra-cuu-httpswwwuiteduvntra-cuuvan-banghttpswwwuiteduvntra-cuuvan-bang in huong-dan-sinh-vien
2025-10-30 14:41:37,892 [INFO] Saved HTML [daa/quydinh_huongdan/huong-dan-sinh-vien/01-dia-chi-tra-cuu-httpswwwuiteduvntra-cuuvan-banghttpswwwuiteduvntra-cuuvan-bang]: daa.uit.edu.vn_thongbao_huong-dan-tra-cuu-va-xac-minh-van-bang-tot-nghiep-dai-hoc?page=237.html
2025-10-30 14:41:37,898 [INFO] Saved Markdown [daa/quydinh_huongdan/huong-dan-sinh-vien/01-dia-chi-tra-cuu-httpswwwuiteduvntra-cuuvan-banghttpswwwuiteduvntra-cuuvan-bang]: daa.uit.edu.vn_thongbao_huong-dan-tra-cuu-va-xac-minh-van-bang-tot-nghiep-dai-hoc?page=237.md
2025-10-30 14:41:37,904 [INFO] Detected numbered document: 01-dia-chi-tra-cuu-httpswwwuiteduvntra-cuuvan-banghttpswwwuiteduvntra-cuuvan-bang in huong-dan-sinh-vien
2025-10-30 14:41:37,911 [INFO] Saved HTML [daa/quydinh_huongdan/huong-dan-sinh-vien/01-dia-chi-tra-cuu-httpswwwuiteduvntra-cuuvan-banghttpswwwuiteduvntra-cuuvan-bang]: daa.uit.edu.vn_thongbao_huong-dan-tra-cuu-va-xac-minh-van-bang-tot-nghiep-dai-hoc?page=3611.html
2025-10-30 14:41:37,916 [INFO] Saved Markdown [daa/quydinh_huongdan/huong-dan-sinh-vien/01-dia-chi-tra-cuu-httpswwwuiteduvntra-cuuvan-banghttpswwwuiteduvntra-cuuvan-bang]: daa.uit.edu.vn_thongbao_huong-dan-tra-cuu-va-xac-minh-van-bang-tot-nghiep-dai-hoc?page=3611.md
2025-10-30 14:41:37,925 [INFO] Detected numbered document: 01-dia-chi-tra-cuu-httpswwwuiteduvntra-cuuvan-banghttpswwwuiteduvntra-cuuvan-bang in huong-dan-sinh-vien
2025-10-30 14:41:37,933 [INFO] Saved HTML [daa/quydinh_huongdan/huong-dan-sinh-vien/01-dia-chi-tra-cuu-httpswwwuiteduvntra-cuuvan-banghttpswwwuiteduvntra-cuuvan-bang]: daa.uit.edu.vn_thongbao_huong-dan-tra-cuu-va-xac-minh-van-bang-tot-nghiep-dai-hoc?page=3606.html
2025-10-30 14:41:37,938 [INFO] Saved Markdown [daa/quydinh_huongdan/huong-dan-sinh-vien/01-dia-chi-tra-cuu-httpswwwuiteduvntra-cuuvan-banghttpswwwuiteduvntra-cuuvan-bang]: daa.uit.edu.vn_thongbao_huong-dan-tra-cuu-va-xac-minh-van-bang-tot-nghiep-dai-hoc?page=3606.md
2025-10-30 14:41:37,946 [INFO] Detected numbered document: 01-dia-chi-tra-cuu-httpswwwuiteduvntra-cuuvan-banghttpswwwuiteduvntra-cuuvan-bang in huong-dan-sinh-vien
2025-10-30 14:41:37,954 [INFO] Saved HTML [daa/quydinh_huongdan/huong-dan-sinh-vien/01-dia-chi-tra-cuu-httpswwwuiteduvntra-cuuvan-banghttpswwwuiteduvntra-cuuvan-bang]: daa.uit.edu.vn_thongbao_huong-dan-tra-cuu-va-xac-minh-van-bang-tot-nghiep-dai-hoc?page=3609.html
2025-10-30 14:41:37,959 [INFO] Saved Markdown [daa/quydinh_huongdan/huong-dan-sinh-vien/01-dia-chi-tra-cuu-httpswwwuiteduvntra-cuuvan-banghttpswwwuiteduvntra-cuuvan-bang]: daa.uit.edu.vn_thongbao_huong-dan-tra-cuu-va-xac-minh-van-bang-tot-nghiep-dai-hoc?page=3609.md
2025-10-30 14:41:37,971 [INFO] Detected numbered document: 01-dia-chi-tra-cuu-httpswwwuiteduvntra-cuuvan-banghttpswwwuiteduvntra-cuuvan-bang in huong-dan-sinh-vien
2025-10-30 14:41:37,978 [INFO] Saved HTML [daa/quydinh_huongdan/huong-dan-sinh-vien/01-dia-chi-tra-cuu-httpswwwuiteduvntra-cuuvan-banghttpswwwuiteduvntra-cuuvan-bang]: daa.uit.edu.vn_thongbao_huong-dan-tra-cuu-va-xac-minh-van-bang-tot-nghiep-dai-hoc?page=3608.html
2025-10-30 14:41:37,984 [INFO] Saved Markdown [daa/quydinh_huongdan/huong-dan-sinh-vien/01-dia-chi-tra-cuu-httpswwwuiteduvntra-cuuvan-banghttpswwwuiteduvntra-cuuvan-bang]: daa.uit.edu.vn_thongbao_huong-dan-tra-cuu-va-xac-minh-van-bang-tot-nghiep-dai-hoc?page=3608.md
2025-10-30 14:41:37,997 [INFO] Detected numbered document: 01-dia-chi-tra-cuu-httpswwwuiteduvntra-cuuvan-banghttpswwwuiteduvntra-cuuvan-bang in huong-dan-sinh-vien
2025-10-30 14:41:38,005 [INFO] Saved HTML [daa/quydinh_huongdan/huong-dan-sinh-vien/01-dia-chi-tra-cuu-httpswwwuiteduvntra-cuuvan-banghttpswwwuiteduvntra-cuuvan-bang]: daa.uit.edu.vn_thongbao_huong-dan-tra-cuu-va-xac-minh-van-bang-tot-nghiep-dai-hoc?page=3607.html
2025-10-30 14:41:38,010 [INFO] Saved Markdown [daa/quydinh_huongdan/huong-dan-sinh-vien/01-dia-chi-tra-cuu-httpswwwuiteduvntra-cuuvan-banghttpswwwuiteduvntra-cuuvan-bang]: daa.uit.edu.vn_thongbao_huong-dan-tra-cuu-va-xac-minh-van-bang-tot-nghiep-dai-hoc?page=3607.md
2025-10-30 14:41:38,021 [INFO] Detected numbered document: 01-dia-chi-tra-cuu-httpswwwuiteduvntra-cuuvan-banghttpswwwuiteduvntra-cuuvan-bang in huong-dan-sinh-vien
2025-10-30 14:41:38,029 [INFO] Saved HTML [daa/quydinh_huongdan/huong-dan-sinh-vien/01-dia-chi-tra-cuu-httpswwwuiteduvntra-cuuvan-banghttpswwwuiteduvntra-cuuvan-bang]: daa.uit.edu.vn_thongbao_huong-dan-tra-cuu-va-xac-minh-van-bang-tot-nghiep-dai-hoc?page=240.html
2025-10-30 14:41:38,033 [INFO] Saved Markdown [daa/quydinh_huongdan/huong-dan-sinh-vien/01-dia-chi-tra-cuu-httpswwwuiteduvntra-cuuvan-banghttpswwwuiteduvntra-cuuvan-bang]: daa.uit.edu.vn_thongbao_huong-dan-tra-cuu-va-xac-minh-van-bang-tot-nghiep-dai-hoc?page=240.md
2025-10-30 14:41:38,047 [INFO] Detected numbered document: 01-dia-chi-tra-cuu-httpswwwuiteduvntra-cuuvan-banghttpswwwuiteduvntra-cuuvan-bang in huong-dan-sinh-vien
2025-10-30 14:41:38,054 [INFO] Saved HTML [daa/quydinh_huongdan/huong-dan-sinh-vien/01-dia-chi-tra-cuu-httpswwwuiteduvntra-cuuvan-banghttpswwwuiteduvntra-cuuvan-bang]: daa.uit.edu.vn_thongbao_huong-dan-tra-cuu-va-xac-minh-van-bang-tot-nghiep-dai-hoc?page=241.html
2025-10-30 14:41:38,059 [INFO] Saved Markdown [daa/quydinh_huongdan/huong-dan-sinh-vien/01-dia-chi-tra-cuu-httpswwwuiteduvntra-cuuvan-banghttpswwwuiteduvntra-cuuvan-bang]: daa.uit.edu.vn_thongbao_huong-dan-tra-cuu-va-xac-minh-van-bang-tot-nghiep-dai-hoc?page=241.md
2025-10-30 14:41:38,061 [INFO] Saved 500/500 pages, skipped 0 (cached) from https://daa.uit.edu.vn/thongbao/huong-dan-tra-cuu-va-xac-minh-van-bang-tot-nghiep-dai-hoc
2025-10-30 14:41:38,063 [INFO] Starting crawl for: https://daa.uit.edu.vn/content/huong-dan-sinh-vien-dai-hoc-he-chinh-quy-thuc-hien-cac-quy-dinh-ve-chuan-qua-trinh-va-chuan (attempt 1/3)
2025-10-30 14:41:38,070 [INFO] Progress: 14/43 seeds completed
2025-10-30 14:42:23,270 [INFO] Crawled 1 pages from https://daa.uit.edu.vn/content/huong-dan-sinh-vien-dai-hoc-he-chinh-quy-thuc-hien-cac-quy-dinh-ve-chuan-qua-trinh-va-chuan
2025-10-30 14:42:23,285 [INFO] Saved HTML [daa/quydinh_huongdan/huong-dan-chuan-qua-trinh]: daa.uit.edu.vn_content_huong-dan-sinh-vien-dai-hoc-he-chinh-quy-thuc-hien-cac-quy-dinh-ve-chuan-qua-trinh-va-chuan.html
2025-10-30 14:42:23,470 [INFO] Downloaded [daa/quydinh_huongdan/huong-dan-chuan-qua-trinh]: 147-qd-dhcntt-dtdh_31-07-2013_quyet_dinh_ve_viec_ban_hanh_chuan_dau_ra_tieng_anh_cho_sv_he_cq_2006-2014_0_0.pdf (0.16 MB)
2025-10-30 14:42:23,752 [WARNING] Failed to download https://daa.uit.edu.vn/sites/daa/files/202309/147-qd-dhcntt-dtdh_31-07-2013_quyet_dinh_ve_viec_ban_hanh_chuan_dau_ra_tieng_anh_cho_sv_he_cq_2006-2014_0.pdf: 404 Client Error: Not Found for url: https://daa.uit.edu.vn/sites/daa/files/202309/147-qd-dhcntt-dtdh_31-07-2013_quyet_dinh_ve_viec_ban_hanh_chuan_dau_ra_tieng_anh_cho_sv_he_cq_2006-2014_0.pdf
2025-10-30 14:42:24,001 [INFO] Downloaded [daa/quydinh_huongdan/huong-dan-chuan-qua-trinh]: 141-qd-dhcntt16-3-2018quy_dinh_dao_tao_ngoai_ngu_doi_voi_he_dh_chinh_quy_cua_truong_dhcntt_ap_dung_tu_khoa_2017_0.pdf (0.21 MB)
2025-10-30 14:42:24,231 [INFO] Downloaded [daa/quydinh_huongdan/huong-dan-chuan-qua-trinh]: 108-qd-dhcntt15-3-2019_sua_doi_bo_sung_quy_dinh_dao_tao_ngoai_ngu_doi_voi_he_dh_chinh_quy_qui_dinh_141_0.pdf (0.35 MB)
2025-10-30 14:42:25,346 [INFO] Downloaded [daa/quydinh_huongdan/huong-dan-chuan-qua-trinh]: 828_qd-dhcntt_04-10-2022_quy_dinh_dao_tao_ngoai_ngu_doi_voi_he_chinh_qui_khoa_2022_0_0.pdf (3.27 MB)
2025-10-30 14:42:25,672 [INFO] Downloaded [daa/quydinh_huongdan/huong-dan-chuan-qua-trinh]: 364-qd-dhcntt_22-04-2024_sua_doi_quy_dinh_dao_tao_ngoai_ngu.pdf (0.64 MB)
2025-10-30 14:42:25,900 [INFO] Downloaded [daa/quydinh_huongdan/huong-dan-chuan-qua-trinh]: 125-qd-dhcntt-dtdh_18-09-2015_quyet_dinh_ban_hanh_qui_dinh_tam_thoi_day_va_hoc_tieng_anh_khoa_2015_0.pdf (0.40 MB)
2025-10-30 14:42:26,113 [INFO] Downloaded [daa/quydinh_huongdan/huong-dan-chuan-qua-trinh]: 03-tb-dhcntt_17-1-2017.pdf (0.23 MB)
2025-10-30 14:42:26,357 [INFO] Downloaded [daa/quydinh_huongdan/huong-dan-chuan-qua-trinh]: 547-qd-dhcntt_30-8-2019_qui_dinh_dao_tao_ngoai_ngu_doi_voi_he_chinh_qui_khoa_2019_0_0.pdf (0.21 MB)
2025-10-30 14:42:26,632 [INFO] Downloaded [daa/quydinh_huongdan/huong-dan-chuan-qua-trinh]: 128-qd-dhcntt-dtdh_30-8-2016_ban_hanh_qd_day_va_hoc_nn_doi_voi_he_dai_hoc_cq_cua_truong_dhcntt_khoa_2016.pdf (0.45 MB)
2025-10-30 14:42:26,841 [INFO] Downloaded [daa/quydinh_huongdan/huong-dan-chuan-qua-trinh]: 560-qd-dhcntt_5-6-2024_sua_doi_quy_dinh_dao_tao_ngoai_ngu_doi_voi_he_dai_hoc_chinh_quy.pdf (0.23 MB)
2025-10-30 14:42:26,851 [INFO] Saved Markdown [daa/quydinh_huongdan/huong-dan-chuan-qua-trinh]: daa.uit.edu.vn_content_huong-dan-sinh-vien-dai-hoc-he-chinh-quy-thuc-hien-cac-quy-dinh-ve-chuan-qua-trinh-va-chuan.md
2025-10-30 14:42:26,864 [INFO] Saved 1/1 pages, skipped 0 (cached) from https://daa.uit.edu.vn/content/huong-dan-sinh-vien-dai-hoc-he-chinh-quy-thuc-hien-cac-quy-dinh-ve-chuan-qua-trinh-va-chuan
2025-10-30 14:42:26,864 [INFO] Starting crawl for: https://daa.uit.edu.vn/thongbao/huong-dan-trien-khai-day-va-hoc-qua-mang-trong-thoi-gian-phong-chong-dich-covid-19 (attempt 1/3)
2025-10-30 14:42:26,866 [INFO] Progress: 15/43 seeds completed
2025-10-30 14:42:26,870 [INFO] Statistics saved to /data/crawl_stats.json
2025-10-30 14:51:23,235 [INFO] Crawled 500 pages from https://daa.uit.edu.vn/thongbao/huong-dan-trien-khai-day-va-hoc-qua-mang-trong-thoi-gian-phong-chong-dich-covid-19
2025-10-30 14:51:23,250 [INFO] Saved HTML [daa/quydinh_huongdan/huong-dan-day-va-hoc-online]: daa.uit.edu.vn_thongbao_huong-dan-trien-khai-day-va-hoc-qua-mang-trong-thoi-gian-phong-chong-dich-covid-19.html
2025-10-30 14:51:23,255 [INFO] Saved Markdown [daa/quydinh_huongdan/huong-dan-day-va-hoc-online]: daa.uit.edu.vn_thongbao_huong-dan-trien-khai-day-va-hoc-qua-mang-trong-thoi-gian-phong-chong-dich-covid-19.md
2025-10-30 14:51:23,291 [INFO] Saved HTML [daa/quydinh_huongdan/huong-dan-day-va-hoc-online]: daa.uit.edu.vn_thongbao_huong-dan-trien-khai-day-va-hoc-qua-mang-trong-thoi-gian-phong-chong-dich-covid-19?page=1.html
2025-10-30 14:51:23,297 [INFO] Saved Markdown [daa/quydinh_huongdan/huong-dan-day-va-hoc-online]: daa.uit.edu.vn_thongbao_huong-dan-trien-khai-day-va-hoc-qua-mang-trong-thoi-gian-phong-chong-dich-covid-19?page=1.md
2025-10-30 14:51:23,317 [INFO] Saved HTML [daa/quydinh_huongdan/huong-dan-day-va-hoc-online]: daa.uit.edu.vn_thongbao_huong-dan-trien-khai-day-va-hoc-qua-mang-trong-thoi-gian-phong-chong-dich-covid-19?page=2.html
2025-10-30 14:51:23,321 [INFO] Saved Markdown [daa/quydinh_huongdan/huong-dan-day-va-hoc-online]: daa.uit.edu.vn_thongbao_huong-dan-trien-khai-day-va-hoc-qua-mang-trong-thoi-gian-phong-chong-dich-covid-19?page=2.md
2025-10-30 14:51:23,342 [INFO] Saved HTML [daa/quydinh_huongdan/huong-dan-day-va-hoc-online]: daa.uit.edu.vn_thongbao_huong-dan-trien-khai-day-va-hoc-qua-mang-trong-thoi-gian-phong-chong-dich-covid-19?page=3.html
2025-10-30 14:51:23,347 [INFO] Saved Markdown [daa/quydinh_huongdan/huong-dan-day-va-hoc-online]: daa.uit.edu.vn_thongbao_huong-dan-trien-khai-day-va-hoc-qua-mang-trong-thoi-gian-phong-chong-dich-covid-19?page=3.md
2025-10-30 14:51:23,365 [INFO] Saved HTML [daa/quydinh_huongdan/huong-dan-day-va-hoc-online]: daa.uit.edu.vn_thongbao_huong-dan-trien-khai-day-va-hoc-qua-mang-trong-thoi-gian-phong-chong-dich-covid-19?page=4.html
2025-10-30 14:51:23,370 [INFO] Saved Markdown [daa/quydinh_huongdan/huong-dan-day-va-hoc-online]: daa.uit.edu.vn_thongbao_huong-dan-trien-khai-day-va-hoc-qua-mang-trong-thoi-gian-phong-chong-dich-covid-19?page=4.md
2025-10-30 14:51:23,390 [INFO] Saved HTML [daa/quydinh_huongdan/huong-dan-day-va-hoc-online]: daa.uit.edu.vn_thongbao_huong-dan-trien-khai-day-va-hoc-qua-mang-trong-thoi-gian-phong-chong-dich-covid-19?page=5.html
2025-10-30 14:51:23,394 [INFO] Saved Markdown [daa/quydinh_huongdan/huong-dan-day-va-hoc-online]: daa.uit.edu.vn_thongbao_huong-dan-trien-khai-day-va-hoc-qua-mang-trong-thoi-gian-phong-chong-dich-covid-19?page=5.md
2025-10-30 14:51:23,414 [INFO] Saved HTML [daa/quydinh_huongdan/huong-dan-day-va-hoc-online]: daa.uit.edu.vn_thongbao_huong-dan-trien-khai-day-va-hoc-qua-mang-trong-thoi-gian-phong-chong-dich-covid-19?page=6.html
2025-10-30 14:51:23,420 [INFO] Saved Markdown [daa/quydinh_huongdan/huong-dan-day-va-hoc-online]: daa.uit.edu.vn_thongbao_huong-dan-trien-khai-day-va-hoc-qua-mang-trong-thoi-gian-phong-chong-dich-covid-19?page=6.md
2025-10-30 14:51:23,438 [INFO] Saved HTML [daa/quydinh_huongdan/huong-dan-day-va-hoc-online]: daa.uit.edu.vn_thongbao_huong-dan-trien-khai-day-va-hoc-qua-mang-trong-thoi-gian-phong-chong-dich-covid-19?page=7.html
2025-10-30 14:51:23,443 [INFO] Saved Markdown [daa/quydinh_huongdan/huong-dan-day-va-hoc-online]: daa.uit.edu.vn_thongbao_huong-dan-trien-khai-day-va-hoc-qua-mang-trong-thoi-gian-phong-chong-dich-covid-19?page=7.md
2025-10-30 14:51:23,466 [INFO] Saved HTML [daa/quydinh_huongdan/huong-dan-day-va-hoc-online]: daa.uit.edu.vn_thongbao_huong-dan-trien-khai-day-va-hoc-qua-mang-trong-thoi-gian-phong-chong-dich-covid-19?page=8.html
2025-10-30 14:51:23,470 [INFO] Saved Markdown [daa/quydinh_huongdan/huong-dan-day-va-hoc-online]: daa.uit.edu.vn_thongbao_huong-dan-trien-khai-day-va-hoc-qua-mang-trong-thoi-gian-phong-chong-dich-covid-19?page=8.md
2025-10-30 14:51:23,490 [INFO] Saved HTML [daa/quydinh_huongdan/huong-dan-day-va-hoc-online]: daa.uit.edu.vn_thongbao_huong-dan-trien-khai-day-va-hoc-qua-mang-trong-thoi-gian-phong-chong-dich-covid-19?page=3855.html
2025-10-30 14:51:23,496 [INFO] Saved Markdown [daa/quydinh_huongdan/huong-dan-day-va-hoc-online]: daa.uit.edu.vn_thongbao_huong-dan-trien-khai-day-va-hoc-qua-mang-trong-thoi-gian-phong-chong-dich-covid-19?page=3855.md
2025-10-30 14:51:23,515 [INFO] Saved HTML [daa/quydinh_huongdan/huong-dan-day-va-hoc-online]: daa.uit.edu.vn_thongbao_huong-dan-trien-khai-day-va-hoc-qua-mang-trong-thoi-gian-phong-chong-dich-covid-19?page=9.html
2025-10-30 14:51:23,520 [INFO] Saved Markdown [daa/quydinh_huongdan/huong-dan-day-va-hoc-online]: daa.uit.edu.vn_thongbao_huong-dan-trien-khai-day-va-hoc-qua-mang-trong-thoi-gian-phong-chong-dich-covid-19?page=9.md
2025-10-30 14:51:23,540 [INFO] Saved HTML [daa/quydinh_huongdan/huong-dan-day-va-hoc-online]: daa.uit.edu.vn_thongbao_huong-dan-trien-khai-day-va-hoc-qua-mang-trong-thoi-gian-phong-chong-dich-covid-19?page=10.html
2025-10-30 14:51:23,544 [INFO] Saved Markdown [daa/quydinh_huongdan/huong-dan-day-va-hoc-online]: daa.uit.edu.vn_thongbao_huong-dan-trien-khai-day-va-hoc-qua-mang-trong-thoi-gian-phong-chong-dich-covid-19?page=10.md
2025-10-30 14:51:23,562 [INFO] Saved HTML [daa/quydinh_huongdan/huong-dan-day-va-hoc-online]: daa.uit.edu.vn_thongbao_huong-dan-trien-khai-day-va-hoc-qua-mang-trong-thoi-gian-phong-chong-dich-covid-19?page=11.html
2025-10-30 14:51:23,566 [INFO] Saved Markdown [daa/quydinh_huongdan/huong-dan-day-va-hoc-online]: daa.uit.edu.vn_thongbao_huong-dan-trien-khai-day-va-hoc-qua-mang-trong-thoi-gian-phong-chong-dich-covid-19?page=11.md
2025-10-30 14:51:23,585 [INFO] Saved HTML [daa/quydinh_huongdan/huong-dan-day-va-hoc-online]: daa.uit.edu.vn_thongbao_huong-dan-trien-khai-day-va-hoc-qua-mang-trong-thoi-gian-phong-chong-dich-covid-19?page=12.html
2025-10-30 14:51:23,589 [INFO] Saved Markdown [daa/quydinh_huongdan/huong-dan-day-va-hoc-online]: daa.uit.edu.vn_thongbao_huong-dan-trien-khai-day-va-hoc-qua-mang-trong-thoi-gian-phong-chong-dich-covid-19?page=12.md
2025-10-30 14:51:23,608 [INFO] Saved HTML [daa/quydinh_huongdan/huong-dan-day-va-hoc-online]: daa.uit.edu.vn_thongbao_huong-dan-trien-khai-day-va-hoc-qua-mang-trong-thoi-gian-phong-chong-dich-covid-19?page=3847.html
2025-10-30 14:51:23,613 [INFO] Saved Markdown [daa/quydinh_huongdan/huong-dan-day-va-hoc-online]: daa.uit.edu.vn_thongbao_huong-dan-trien-khai-day-va-hoc-qua-mang-trong-thoi-gian-phong-chong-dich-covid-19?page=3847.md
2025-10-30 14:51:23,633 [INFO] Saved HTML [daa/quydinh_huongdan/huong-dan-day-va-hoc-online]: daa.uit.edu.vn_thongbao_huong-dan-trien-khai-day-va-hoc-qua-mang-trong-thoi-gian-phong-chong-dich-covid-19?page=3854.html
2025-10-30 14:51:23,639 [INFO] Saved Markdown [daa/quydinh_huongdan/huong-dan-day-va-hoc-online]: daa.uit.edu.vn_thongbao_huong-dan-trien-khai-day-va-hoc-qua-mang-trong-thoi-gian-phong-chong-dich-covid-19?page=3854.md
2025-10-30 14:51:23,658 [INFO] Saved HTML [daa/quydinh_huongdan/huong-dan-day-va-hoc-online]: daa.uit.edu.vn_thongbao_huong-dan-trien-khai-day-va-hoc-qua-mang-trong-thoi-gian-phong-chong-dich-covid-19?page=3848.html
2025-10-30 14:51:23,663 [INFO] Saved Markdown [daa/quydinh_huongdan/huong-dan-day-va-hoc-online]: daa.uit.edu.vn_thongbao_huong-dan-trien-khai-day-va-hoc-qua-mang-trong-thoi-gian-phong-chong-dich-covid-19?page=3848.md
2025-10-30 14:51:23,683 [INFO] Saved HTML [daa/quydinh_huongdan/huong-dan-day-va-hoc-online]: daa.uit.edu.vn_thongbao_huong-dan-trien-khai-day-va-hoc-qua-mang-trong-thoi-gian-phong-chong-dich-covid-19?page=3849.html
2025-10-30 14:51:23,689 [INFO] Saved Markdown [daa/quydinh_huongdan/huong-dan-day-va-hoc-online]: daa.uit.edu.vn_thongbao_huong-dan-trien-khai-day-va-hoc-qua-mang-trong-thoi-gian-phong-chong-dich-covid-19?page=3849.md
2025-10-30 14:51:23,709 [INFO] Saved HTML [daa/quydinh_huongdan/huong-dan-day-va-hoc-online]: daa.uit.edu.vn_thongbao_huong-dan-trien-khai-day-va-hoc-qua-mang-trong-thoi-gian-phong-chong-dich-covid-19?page=3853.html
2025-10-30 14:51:23,714 [INFO] Saved Markdown [daa/quydinh_huongdan/huong-dan-day-va-hoc-online]: daa.uit.edu.vn_thongbao_huong-dan-trien-khai-day-va-hoc-qua-mang-trong-thoi-gian-phong-chong-dich-covid-19?page=3853.md
2025-10-30 14:51:23,734 [INFO] Saved HTML [daa/quydinh_huongdan/huong-dan-day-va-hoc-online]: daa.uit.edu.vn_thongbao_huong-dan-trien-khai-day-va-hoc-qua-mang-trong-thoi-gian-phong-chong-dich-covid-19?page=3852.html
2025-10-30 14:51:23,740 [INFO] Saved Markdown [daa/quydinh_huongdan/huong-dan-day-va-hoc-online]: daa.uit.edu.vn_thongbao_huong-dan-trien-khai-day-va-hoc-qua-mang-trong-thoi-gian-phong-chong-dich-covid-19?page=3852.md
2025-10-30 14:51:23,761 [INFO] Saved HTML [daa/quydinh_huongdan/huong-dan-day-va-hoc-online]: daa.uit.edu.vn_thongbao_huong-dan-trien-khai-day-va-hoc-qua-mang-trong-thoi-gian-phong-chong-dich-covid-19?page=3850.html
2025-10-30 14:51:23,766 [INFO] Saved Markdown [daa/quydinh_huongdan/huong-dan-day-va-hoc-online]: daa.uit.edu.vn_thongbao_huong-dan-trien-khai-day-va-hoc-qua-mang-trong-thoi-gian-phong-chong-dich-covid-19?page=3850.md
2025-10-30 14:51:23,785 [INFO] Saved HTML [daa/quydinh_huongdan/huong-dan-day-va-hoc-online]: daa.uit.edu.vn_thongbao_huong-dan-trien-khai-day-va-hoc-qua-mang-trong-thoi-gian-phong-chong-dich-covid-19?page=3851.html
2025-10-30 14:51:23,790 [INFO] Saved Markdown [daa/quydinh_huongdan/huong-dan-day-va-hoc-online]: daa.uit.edu.vn_thongbao_huong-dan-trien-khai-day-va-hoc-qua-mang-trong-thoi-gian-phong-chong-dich-covid-19?page=3851.md
2025-10-30 14:51:23,812 [INFO] Saved HTML [daa/quydinh_huongdan/huong-dan-day-va-hoc-online]: daa.uit.edu.vn_thongbao_huong-dan-trien-khai-day-va-hoc-qua-mang-trong-thoi-gian-phong-chong-dich-covid-19?page=3844.html
2025-10-30 14:51:23,817 [INFO] Saved Markdown [daa/quydinh_huongdan/huong-dan-day-va-hoc-online]: daa.uit.edu.vn_thongbao_huong-dan-trien-khai-day-va-hoc-qua-mang-trong-thoi-gian-phong-chong-dich-covid-19?page=3844.md
2025-10-30 14:51:23,835 [INFO] Saved HTML [daa/quydinh_huongdan/huong-dan-day-va-hoc-online]: daa.uit.edu.vn_thongbao_huong-dan-trien-khai-day-va-hoc-qua-mang-trong-thoi-gian-phong-chong-dich-covid-19?page=3843.html
2025-10-30 14:51:23,840 [INFO] Saved Markdown [daa/quydinh_huongdan/huong-dan-day-va-hoc-online]: daa.uit.edu.vn_thongbao_huong-dan-trien-khai-day-va-hoc-qua-mang-trong-thoi-gian-phong-chong-dich-covid-19?page=3843.md
2025-10-30 14:51:23,864 [INFO] Saved HTML [daa/quydinh_huongdan/huong-dan-day-va-hoc-online]: daa.uit.edu.vn_thongbao_huong-dan-trien-khai-day-va-hoc-qua-mang-trong-thoi-gian-phong-chong-dich-covid-19?page=3846.html
2025-10-30 14:51:23,869 [INFO] Saved Markdown [daa/quydinh_huongdan/huong-dan-day-va-hoc-online]: daa.uit.edu.vn_thongbao_huong-dan-trien-khai-day-va-hoc-qua-mang-trong-thoi-gian-phong-chong-dich-covid-19?page=3846.md
2025-10-30 14:51:23,888 [INFO] Saved HTML [daa/quydinh_huongdan/huong-dan-day-va-hoc-online]: daa.uit.edu.vn_thongbao_huong-dan-trien-khai-day-va-hoc-qua-mang-trong-thoi-gian-phong-chong-dich-covid-19?page=13.html
2025-10-30 14:51:23,893 [INFO] Saved Markdown [daa/quydinh_huongdan/huong-dan-day-va-hoc-online]: daa.uit.edu.vn_thongbao_huong-dan-trien-khai-day-va-hoc-qua-mang-trong-thoi-gian-phong-chong-dich-covid-19?page=13.md
2025-10-30 14:51:23,913 [INFO] Saved HTML [daa/quydinh_huongdan/huong-dan-day-va-hoc-online]: daa.uit.edu.vn_thongbao_huong-dan-trien-khai-day-va-hoc-qua-mang-trong-thoi-gian-phong-chong-dich-covid-19?page=3841.html
2025-10-30 14:51:23,919 [INFO] Saved Markdown [daa/quydinh_huongdan/huong-dan-day-va-hoc-online]: daa.uit.edu.vn_thongbao_huong-dan-trien-khai-day-va-hoc-qua-mang-trong-thoi-gian-phong-chong-dich-covid-19?page=3841.md
2025-10-30 14:51:23,938 [INFO] Saved HTML [daa/quydinh_huongdan/huong-dan-day-va-hoc-online]: daa.uit.edu.vn_thongbao_huong-dan-trien-khai-day-va-hoc-qua-mang-trong-thoi-gian-phong-chong-dich-covid-19?page=3842.html
2025-10-30 14:51:23,942 [INFO] Saved Markdown [daa/quydinh_huongdan/huong-dan-day-va-hoc-online]: daa.uit.edu.vn_thongbao_huong-dan-trien-khai-day-va-hoc-qua-mang-trong-thoi-gian-phong-chong-dich-covid-19?page=3842.md
2025-10-30 14:51:23,964 [INFO] Saved HTML [daa/quydinh_huongdan/huong-dan-day-va-hoc-online]: daa.uit.edu.vn_thongbao_huong-dan-trien-khai-day-va-hoc-qua-mang-trong-thoi-gian-phong-chong-dich-covid-19?page=14.html
2025-10-30 14:51:23,969 [INFO] Saved Markdown [daa/quydinh_huongdan/huong-dan-day-va-hoc-online]: daa.uit.edu.vn_thongbao_huong-dan-trien-khai-day-va-hoc-qua-mang-trong-thoi-gian-phong-chong-dich-covid-19?page=14.md
2025-10-30 14:51:23,988 [INFO] Saved HTML [daa/quydinh_huongdan/huong-dan-day-va-hoc-online]: daa.uit.edu.vn_thongbao_huong-dan-trien-khai-day-va-hoc-qua-mang-trong-thoi-gian-phong-chong-dich-covid-19?page=3840.html
2025-10-30 14:51:23,993 [INFO] Saved Markdown [daa/quydinh_huongdan/huong-dan-day-va-hoc-online]: daa.uit.edu.vn_thongbao_huong-dan-trien-khai-day-va-hoc-qua-mang-trong-thoi-gian-phong-chong-dich-covid-19?page=3840.md
2025-10-30 14:51:24,014 [INFO] Saved HTML [daa/quydinh_huongdan/huong-dan-day-va-hoc-online]: daa.uit.edu.vn_thongbao_huong-dan-trien-khai-day-va-hoc-qua-mang-trong-thoi-gian-phong-chong-dich-covid-19?page=3845.html
2025-10-30 14:51:24,019 [INFO] Saved Markdown [daa/quydinh_huongdan/huong-dan-day-va-hoc-online]: daa.uit.edu.vn_thongbao_huong-dan-trien-khai-day-va-hoc-qua-mang-trong-thoi-gian-phong-chong-dich-covid-19?page=3845.md
2025-10-30 14:51:24,039 [INFO] Saved HTML [daa/quydinh_huongdan/huong-dan-day-va-hoc-online]: daa.uit.edu.vn_thongbao_huong-dan-trien-khai-day-va-hoc-qua-mang-trong-thoi-gian-phong-chong-dich-covid-19?page=15.html
2025-10-30 14:51:24,044 [INFO] Saved Markdown [daa/quydinh_huongdan/huong-dan-day-va-hoc-online]: daa.uit.edu.vn_thongbao_huong-dan-trien-khai-day-va-hoc-qua-mang-trong-thoi-gian-phong-chong-dich-covid-19?page=15.md
2025-10-30 14:51:24,062 [INFO] Saved HTML [daa/quydinh_huongdan/huong-dan-day-va-hoc-online]: daa.uit.edu.vn_thongbao_huong-dan-trien-khai-day-va-hoc-qua-mang-trong-thoi-gian-phong-chong-dich-covid-19?page=16.html
2025-10-30 14:51:24,067 [INFO] Saved Markdown [daa/quydinh_huongdan/huong-dan-day-va-hoc-online]: daa.uit.edu.vn_thongbao_huong-dan-trien-khai-day-va-hoc-qua-mang-trong-thoi-gian-phong-chong-dich-covid-19?page=16.md
2025-10-30 14:51:24,089 [INFO] Saved HTML [daa/quydinh_huongdan/huong-dan-day-va-hoc-online]: daa.uit.edu.vn_thongbao_huong-dan-trien-khai-day-va-hoc-qua-mang-trong-thoi-gian-phong-chong-dich-covid-19?page=17.html
2025-10-30 14:51:24,095 [INFO] Saved Markdown [daa/quydinh_huongdan/huong-dan-day-va-hoc-online]: daa.uit.edu.vn_thongbao_huong-dan-trien-khai-day-va-hoc-qua-mang-trong-thoi-gian-phong-chong-dich-covid-19?page=17.md
2025-10-30 14:51:24,114 [INFO] Saved HTML [daa/quydinh_huongdan/huong-dan-day-va-hoc-online]: daa.uit.edu.vn_thongbao_huong-dan-trien-khai-day-va-hoc-qua-mang-trong-thoi-gian-phong-chong-dich-covid-19?page=3837.html
2025-10-30 14:51:24,119 [INFO] Saved Markdown [daa/quydinh_huongdan/huong-dan-day-va-hoc-online]: daa.uit.edu.vn_thongbao_huong-dan-trien-khai-day-va-hoc-qua-mang-trong-thoi-gian-phong-chong-dich-covid-19?page=3837.md
2025-10-30 14:51:24,139 [INFO] Saved HTML [daa/quydinh_huongdan/huong-dan-day-va-hoc-online]: daa.uit.edu.vn_thongbao_huong-dan-trien-khai-day-va-hoc-qua-mang-trong-thoi-gian-phong-chong-dich-covid-19?page=3838.html
2025-10-30 14:51:24,144 [INFO] Saved Markdown [daa/quydinh_huongdan/huong-dan-day-va-hoc-online]: daa.uit.edu.vn_thongbao_huong-dan-trien-khai-day-va-hoc-qua-mang-trong-thoi-gian-phong-chong-dich-covid-19?page=3838.md
2025-10-30 14:51:24,169 [INFO] Saved HTML [daa/quydinh_huongdan/huong-dan-day-va-hoc-online]: daa.uit.edu.vn_thongbao_huong-dan-trien-khai-day-va-hoc-qua-mang-trong-thoi-gian-phong-chong-dich-covid-19?page=3839.html
2025-10-30 14:51:24,175 [INFO] Saved Markdown [daa/quydinh_huongdan/huong-dan-day-va-hoc-online]: daa.uit.edu.vn_thongbao_huong-dan-trien-khai-day-va-hoc-qua-mang-trong-thoi-gian-phong-chong-dich-covid-19?page=3839.md
2025-10-30 14:51:24,197 [INFO] Saved HTML [daa/quydinh_huongdan/huong-dan-day-va-hoc-online]: daa.uit.edu.vn_thongbao_huong-dan-trien-khai-day-va-hoc-qua-mang-trong-thoi-gian-phong-chong-dich-covid-19?page=18.html
2025-10-30 14:51:24,203 [INFO] Saved Markdown [daa/quydinh_huongdan/huong-dan-day-va-hoc-online]: daa.uit.edu.vn_thongbao_huong-dan-trien-khai-day-va-hoc-qua-mang-trong-thoi-gian-phong-chong-dich-covid-19?page=18.md
2025-10-30 14:51:24,225 [INFO] Saved HTML [daa/quydinh_huongdan/huong-dan-day-va-hoc-online]: daa.uit.edu.vn_thongbao_huong-dan-trien-khai-day-va-hoc-qua-mang-trong-thoi-gian-phong-chong-dich-covid-19?page=3836.html
2025-10-30 14:51:24,231 [INFO] Saved Markdown [daa/quydinh_huongdan/huong-dan-day-va-hoc-online]: daa.uit.edu.vn_thongbao_huong-dan-trien-khai-day-va-hoc-qua-mang-trong-thoi-gian-phong-chong-dich-covid-19?page=3836.md
2025-10-30 14:51:24,252 [INFO] Saved HTML [daa/quydinh_huongdan/huong-dan-day-va-hoc-online]: daa.uit.edu.vn_thongbao_huong-dan-trien-khai-day-va-hoc-qua-mang-trong-thoi-gian-phong-chong-dich-covid-19?page=3834.html
2025-10-30 14:51:24,257 [INFO] Saved Markdown [daa/quydinh_huongdan/huong-dan-day-va-hoc-online]: daa.uit.edu.vn_thongbao_huong-dan-trien-khai-day-va-hoc-qua-mang-trong-thoi-gian-phong-chong-dich-covid-19?page=3834.md
2025-10-30 14:51:24,278 [INFO] Saved HTML [daa/quydinh_huongdan/huong-dan-day-va-hoc-online]: daa.uit.edu.vn_thongbao_huong-dan-trien-khai-day-va-hoc-qua-mang-trong-thoi-gian-phong-chong-dich-covid-19?page=19.html
2025-10-30 14:51:24,284 [INFO] Saved Markdown [daa/quydinh_huongdan/huong-dan-day-va-hoc-online]: daa.uit.edu.vn_thongbao_huong-dan-trien-khai-day-va-hoc-qua-mang-trong-thoi-gian-phong-chong-dich-covid-19?page=19.md
2025-10-30 14:51:24,303 [INFO] Saved HTML [daa/quydinh_huongdan/huong-dan-day-va-hoc-online]: daa.uit.edu.vn_thongbao_huong-dan-trien-khai-day-va-hoc-qua-mang-trong-thoi-gian-phong-chong-dich-covid-19?page=20.html
2025-10-30 14:51:24,308 [INFO] Saved Markdown [daa/quydinh_huongdan/huong-dan-day-va-hoc-online]: daa.uit.edu.vn_thongbao_huong-dan-trien-khai-day-va-hoc-qua-mang-trong-thoi-gian-phong-chong-dich-covid-19?page=20.md
2025-10-30 14:51:24,330 [INFO] Saved HTML [daa/quydinh_huongdan/huong-dan-day-va-hoc-online]: daa.uit.edu.vn_thongbao_huong-dan-trien-khai-day-va-hoc-qua-mang-trong-thoi-gian-phong-chong-dich-covid-19?page=3835.html
2025-10-30 14:51:24,335 [INFO] Saved Markdown [daa/quydinh_huongdan/huong-dan-day-va-hoc-online]: daa.uit.edu.vn_thongbao_huong-dan-trien-khai-day-va-hoc-qua-mang-trong-thoi-gian-phong-chong-dich-covid-19?page=3835.md
2025-10-30 14:51:24,358 [INFO] Saved HTML [daa/quydinh_huongdan/huong-dan-day-va-hoc-online]: daa.uit.edu.vn_thongbao_huong-dan-trien-khai-day-va-hoc-qua-mang-trong-thoi-gian-phong-chong-dich-covid-19?page=3833.html
2025-10-30 14:51:24,363 [INFO] Saved Markdown [daa/quydinh_huongdan/huong-dan-day-va-hoc-online]: daa.uit.edu.vn_thongbao_huong-dan-trien-khai-day-va-hoc-qua-mang-trong-thoi-gian-phong-chong-dich-covid-19?page=3833.md
2025-10-30 14:51:24,384 [INFO] Saved HTML [daa/quydinh_huongdan/huong-dan-day-va-hoc-online]: daa.uit.edu.vn_thongbao_huong-dan-trien-khai-day-va-hoc-qua-mang-trong-thoi-gian-phong-chong-dich-covid-19?page=3832.html
2025-10-30 14:51:24,389 [INFO] Saved Markdown [daa/quydinh_huongdan/huong-dan-day-va-hoc-online]: daa.uit.edu.vn_thongbao_huong-dan-trien-khai-day-va-hoc-qua-mang-trong-thoi-gian-phong-chong-dich-covid-19?page=3832.md
2025-10-30 14:51:24,410 [INFO] Saved HTML [daa/quydinh_huongdan/huong-dan-day-va-hoc-online]: daa.uit.edu.vn_thongbao_huong-dan-trien-khai-day-va-hoc-qua-mang-trong-thoi-gian-phong-chong-dich-covid-19?page=22.html
2025-10-30 14:51:24,416 [INFO] Saved Markdown [daa/quydinh_huongdan/huong-dan-day-va-hoc-online]: daa.uit.edu.vn_thongbao_huong-dan-trien-khai-day-va-hoc-qua-mang-trong-thoi-gian-phong-chong-dich-covid-19?page=22.md
2025-10-30 14:51:24,436 [INFO] Saved HTML [daa/quydinh_huongdan/huong-dan-day-va-hoc-online]: daa.uit.edu.vn_thongbao_huong-dan-trien-khai-day-va-hoc-qua-mang-trong-thoi-gian-phong-chong-dich-covid-19?page=21.html
2025-10-30 14:51:24,441 [INFO] Saved Markdown [daa/quydinh_huongdan/huong-dan-day-va-hoc-online]: daa.uit.edu.vn_thongbao_huong-dan-trien-khai-day-va-hoc-qua-mang-trong-thoi-gian-phong-chong-dich-covid-19?page=21.md
2025-10-30 14:51:24,463 [INFO] Saved HTML [daa/quydinh_huongdan/huong-dan-day-va-hoc-online]: daa.uit.edu.vn_thongbao_huong-dan-trien-khai-day-va-hoc-qua-mang-trong-thoi-gian-phong-chong-dich-covid-19?page=24.html
2025-10-30 14:51:24,468 [INFO] Saved Markdown [daa/quydinh_huongdan/huong-dan-day-va-hoc-online]: daa.uit.edu.vn_thongbao_huong-dan-trien-khai-day-va-hoc-qua-mang-trong-thoi-gian-phong-chong-dich-covid-19?page=24.md
2025-10-30 14:51:24,488 [INFO] Saved HTML [daa/quydinh_huongdan/huong-dan-day-va-hoc-online]: daa.uit.edu.vn_thongbao_huong-dan-trien-khai-day-va-hoc-qua-mang-trong-thoi-gian-phong-chong-dich-covid-19?page=3830.html
2025-10-30 14:51:24,494 [INFO] Saved Markdown [daa/quydinh_huongdan/huong-dan-day-va-hoc-online]: daa.uit.edu.vn_thongbao_huong-dan-trien-khai-day-va-hoc-qua-mang-trong-thoi-gian-phong-chong-dich-covid-19?page=3830.md
2025-10-30 14:51:24,512 [INFO] Saved HTML [daa/quydinh_huongdan/huong-dan-day-va-hoc-online]: daa.uit.edu.vn_thongbao_huong-dan-trien-khai-day-va-hoc-qua-mang-trong-thoi-gian-phong-chong-dich-covid-19?page=3829.html
2025-10-30 14:51:24,518 [INFO] Saved Markdown [daa/quydinh_huongdan/huong-dan-day-va-hoc-online]: daa.uit.edu.vn_thongbao_huong-dan-trien-khai-day-va-hoc-qua-mang-trong-thoi-gian-phong-chong-dich-covid-19?page=3829.md
2025-10-30 14:51:24,540 [INFO] Saved HTML [daa/quydinh_huongdan/huong-dan-day-va-hoc-online]: daa.uit.edu.vn_thongbao_huong-dan-trien-khai-day-va-hoc-qua-mang-trong-thoi-gian-phong-chong-dich-covid-19?page=23.html
2025-10-30 14:51:24,545 [INFO] Saved Markdown [daa/quydinh_huongdan/huong-dan-day-va-hoc-online]: daa.uit.edu.vn_thongbao_huong-dan-trien-khai-day-va-hoc-qua-mang-trong-thoi-gian-phong-chong-dich-covid-19?page=23.md
2025-10-30 14:51:24,566 [INFO] Saved HTML [daa/quydinh_huongdan/huong-dan-day-va-hoc-online]: daa.uit.edu.vn_thongbao_huong-dan-trien-khai-day-va-hoc-qua-mang-trong-thoi-gian-phong-chong-dich-covid-19?page=3831.html
2025-10-30 14:51:24,572 [INFO] Saved Markdown [daa/quydinh_huongdan/huong-dan-day-va-hoc-online]: daa.uit.edu.vn_thongbao_huong-dan-trien-khai-day-va-hoc-qua-mang-trong-thoi-gian-phong-chong-dich-covid-19?page=3831.md
2025-10-30 14:51:24,592 [INFO] Saved HTML [daa/quydinh_huongdan/huong-dan-day-va-hoc-online]: daa.uit.edu.vn_thongbao_huong-dan-trien-khai-day-va-hoc-qua-mang-trong-thoi-gian-phong-chong-dich-covid-19?page=3825.html
2025-10-30 14:51:24,598 [INFO] Saved Markdown [daa/quydinh_huongdan/huong-dan-day-va-hoc-online]: daa.uit.edu.vn_thongbao_huong-dan-trien-khai-day-va-hoc-qua-mang-trong-thoi-gian-phong-chong-dich-covid-19?page=3825.md
2025-10-30 14:51:24,616 [INFO] Saved HTML [daa/quydinh_huongdan/huong-dan-day-va-hoc-online]: daa.uit.edu.vn_thongbao_huong-dan-trien-khai-day-va-hoc-qua-mang-trong-thoi-gian-phong-chong-dich-covid-19?page=3826.html
2025-10-30 14:51:24,621 [INFO] Saved Markdown [daa/quydinh_huongdan/huong-dan-day-va-hoc-online]: daa.uit.edu.vn_thongbao_huong-dan-trien-khai-day-va-hoc-qua-mang-trong-thoi-gian-phong-chong-dich-covid-19?page=3826.md
2025-10-30 14:51:24,642 [INFO] Saved HTML [daa/quydinh_huongdan/huong-dan-day-va-hoc-online]: daa.uit.edu.vn_thongbao_huong-dan-trien-khai-day-va-hoc-qua-mang-trong-thoi-gian-phong-chong-dich-covid-19?page=3828.html
2025-10-30 14:51:24,648 [INFO] Saved Markdown [daa/quydinh_huongdan/huong-dan-day-va-hoc-online]: daa.uit.edu.vn_thongbao_huong-dan-trien-khai-day-va-hoc-qua-mang-trong-thoi-gian-phong-chong-dich-covid-19?page=3828.md
2025-10-30 14:51:24,669 [INFO] Saved HTML [daa/quydinh_huongdan/huong-dan-day-va-hoc-online]: daa.uit.edu.vn_thongbao_huong-dan-trien-khai-day-va-hoc-qua-mang-trong-thoi-gian-phong-chong-dich-covid-19?page=25.html
2025-10-30 14:51:24,674 [INFO] Saved Markdown [daa/quydinh_huongdan/huong-dan-day-va-hoc-online]: daa.uit.edu.vn_thongbao_huong-dan-trien-khai-day-va-hoc-qua-mang-trong-thoi-gian-phong-chong-dich-covid-19?page=25.md
2025-10-30 14:51:24,694 [INFO] Saved HTML [daa/quydinh_huongdan/huong-dan-day-va-hoc-online]: daa.uit.edu.vn_thongbao_huong-dan-trien-khai-day-va-hoc-qua-mang-trong-thoi-gian-phong-chong-dich-covid-19?page=26.html
2025-10-30 14:51:24,700 [INFO] Saved Markdown [daa/quydinh_huongdan/huong-dan-day-va-hoc-online]: daa.uit.edu.vn_thongbao_huong-dan-trien-khai-day-va-hoc-qua-mang-trong-thoi-gian-phong-chong-dich-covid-19?page=26.md
2025-10-30 14:51:24,719 [INFO] Saved HTML [daa/quydinh_huongdan/huong-dan-day-va-hoc-online]: daa.uit.edu.vn_thongbao_huong-dan-trien-khai-day-va-hoc-qua-mang-trong-thoi-gian-phong-chong-dich-covid-19?page=3827.html
2025-10-30 14:51:24,724 [INFO] Saved Markdown [daa/quydinh_huongdan/huong-dan-day-va-hoc-online]: daa.uit.edu.vn_thongbao_huong-dan-trien-khai-day-va-hoc-qua-mang-trong-thoi-gian-phong-chong-dich-covid-19?page=3827.md
2025-10-30 14:51:24,745 [INFO] Saved HTML [daa/quydinh_huongdan/huong-dan-day-va-hoc-online]: daa.uit.edu.vn_thongbao_huong-dan-trien-khai-day-va-hoc-qua-mang-trong-thoi-gian-phong-chong-dich-covid-19?page=27.html
2025-10-30 14:51:24,751 [INFO] Saved Markdown [daa/quydinh_huongdan/huong-dan-day-va-hoc-online]: daa.uit.edu.vn_thongbao_huong-dan-trien-khai-day-va-hoc-qua-mang-trong-thoi-gian-phong-chong-dich-covid-19?page=27.md
2025-10-30 14:51:24,771 [INFO] Saved HTML [daa/quydinh_huongdan/huong-dan-day-va-hoc-online]: daa.uit.edu.vn_thongbao_huong-dan-trien-khai-day-va-hoc-qua-mang-trong-thoi-gian-phong-chong-dich-covid-19?page=3824.html
2025-10-30 14:51:24,776 [INFO] Saved Markdown [daa/quydinh_huongdan/huong-dan-day-va-hoc-online]: daa.uit.edu.vn_thongbao_huong-dan-trien-khai-day-va-hoc-qua-mang-trong-thoi-gian-phong-chong-dich-covid-19?page=3824.md
2025-10-30 14:51:24,797 [INFO] Saved HTML [daa/quydinh_huongdan/huong-dan-day-va-hoc-online]: daa.uit.edu.vn_thongbao_huong-dan-trien-khai-day-va-hoc-qua-mang-trong-thoi-gian-phong-chong-dich-covid-19?page=3822.html
2025-10-30 14:51:24,802 [INFO] Saved Markdown [daa/quydinh_huongdan/huong-dan-day-va-hoc-online]: daa.uit.edu.vn_thongbao_huong-dan-trien-khai-day-va-hoc-qua-mang-trong-thoi-gian-phong-chong-dich-covid-19?page=3822.md
2025-10-30 14:51:24,822 [INFO] Saved HTML [daa/quydinh_huongdan/huong-dan-day-va-hoc-online]: daa.uit.edu.vn_thongbao_huong-dan-trien-khai-day-va-hoc-qua-mang-trong-thoi-gian-phong-chong-dich-covid-19?page=3821.html
2025-10-30 14:51:24,827 [INFO] Saved Markdown [daa/quydinh_huongdan/huong-dan-day-va-hoc-online]: daa.uit.edu.vn_thongbao_huong-dan-trien-khai-day-va-hoc-qua-mang-trong-thoi-gian-phong-chong-dich-covid-19?page=3821.md
2025-10-30 14:51:24,850 [INFO] Saved HTML [daa/quydinh_huongdan/huong-dan-day-va-hoc-online]: daa.uit.edu.vn_thongbao_huong-dan-trien-khai-day-va-hoc-qua-mang-trong-thoi-gian-phong-chong-dich-covid-19?page=3823.html
2025-10-30 14:51:24,855 [INFO] Saved Markdown [daa/quydinh_huongdan/huong-dan-day-va-hoc-online]: daa.uit.edu.vn_thongbao_huong-dan-trien-khai-day-va-hoc-qua-mang-trong-thoi-gian-phong-chong-dich-covid-19?page=3823.md
2025-10-30 14:51:24,883 [INFO] Saved HTML [daa/quydinh_huongdan/huong-dan-day-va-hoc-online]: daa.uit.edu.vn_thongbao_huong-dan-trien-khai-day-va-hoc-qua-mang-trong-thoi-gian-phong-chong-dich-covid-19?page=28.html
2025-10-30 14:51:24,892 [INFO] Saved Markdown [daa/quydinh_huongdan/huong-dan-day-va-hoc-online]: daa.uit.edu.vn_thongbao_huong-dan-trien-khai-day-va-hoc-qua-mang-trong-thoi-gian-phong-chong-dich-covid-19?page=28.md
2025-10-30 14:51:24,947 [INFO] Saved HTML [daa/quydinh_huongdan/huong-dan-day-va-hoc-online]: daa.uit.edu.vn_thongbao_huong-dan-trien-khai-day-va-hoc-qua-mang-trong-thoi-gian-phong-chong-dich-covid-19?page=29.html
2025-10-30 14:51:24,955 [INFO] Saved Markdown [daa/quydinh_huongdan/huong-dan-day-va-hoc-online]: daa.uit.edu.vn_thongbao_huong-dan-trien-khai-day-va-hoc-qua-mang-trong-thoi-gian-phong-chong-dich-covid-19?page=29.md
2025-10-30 14:51:24,978 [INFO] Saved HTML [daa/quydinh_huongdan/huong-dan-day-va-hoc-online]: daa.uit.edu.vn_thongbao_huong-dan-trien-khai-day-va-hoc-qua-mang-trong-thoi-gian-phong-chong-dich-covid-19?page=31.html
2025-10-30 14:51:24,984 [INFO] Saved Markdown [daa/quydinh_huongdan/huong-dan-day-va-hoc-online]: daa.uit.edu.vn_thongbao_huong-dan-trien-khai-day-va-hoc-qua-mang-trong-thoi-gian-phong-chong-dich-covid-19?page=31.md
2025-10-30 14:51:25,005 [INFO] Saved HTML [daa/quydinh_huongdan/huong-dan-day-va-hoc-online]: daa.uit.edu.vn_thongbao_huong-dan-trien-khai-day-va-hoc-qua-mang-trong-thoi-gian-phong-chong-dich-covid-19?page=30.html
2025-10-30 14:51:25,010 [INFO] Saved Markdown [daa/quydinh_huongdan/huong-dan-day-va-hoc-online]: daa.uit.edu.vn_thongbao_huong-dan-trien-khai-day-va-hoc-qua-mang-trong-thoi-gian-phong-chong-dich-covid-19?page=30.md
2025-10-30 14:51:25,031 [INFO] Saved HTML [daa/quydinh_huongdan/huong-dan-day-va-hoc-online]: daa.uit.edu.vn_thongbao_huong-dan-trien-khai-day-va-hoc-qua-mang-trong-thoi-gian-phong-chong-dich-covid-19?page=3820.html
2025-10-30 14:51:25,037 [INFO] Saved Markdown [daa/quydinh_huongdan/huong-dan-day-va-hoc-online]: daa.uit.edu.vn_thongbao_huong-dan-trien-khai-day-va-hoc-qua-mang-trong-thoi-gian-phong-chong-dich-covid-19?page=3820.md
2025-10-30 14:51:25,058 [INFO] Saved HTML [daa/quydinh_huongdan/huong-dan-day-va-hoc-online]: daa.uit.edu.vn_thongbao_huong-dan-trien-khai-day-va-hoc-qua-mang-trong-thoi-gian-phong-chong-dich-covid-19?page=3818.html
2025-10-30 14:51:25,063 [INFO] Saved Markdown [daa/quydinh_huongdan/huong-dan-day-va-hoc-online]: daa.uit.edu.vn_thongbao_huong-dan-trien-khai-day-va-hoc-qua-mang-trong-thoi-gian-phong-chong-dich-covid-19?page=3818.md
2025-10-30 14:51:25,090 [INFO] Saved HTML [daa/quydinh_huongdan/huong-dan-day-va-hoc-online]: daa.uit.edu.vn_thongbao_huong-dan-trien-khai-day-va-hoc-qua-mang-trong-thoi-gian-phong-chong-dich-covid-19?page=3819.html
2025-10-30 14:51:25,097 [INFO] Saved Markdown [daa/quydinh_huongdan/huong-dan-day-va-hoc-online]: daa.uit.edu.vn_thongbao_huong-dan-trien-khai-day-va-hoc-qua-mang-trong-thoi-gian-phong-chong-dich-covid-19?page=3819.md
2025-10-30 14:51:25,122 [INFO] Saved HTML [daa/quydinh_huongdan/huong-dan-day-va-hoc-online]: daa.uit.edu.vn_thongbao_huong-dan-trien-khai-day-va-hoc-qua-mang-trong-thoi-gian-phong-chong-dich-covid-19?page=33.html
2025-10-30 14:51:25,127 [INFO] Saved Markdown [daa/quydinh_huongdan/huong-dan-day-va-hoc-online]: daa.uit.edu.vn_thongbao_huong-dan-trien-khai-day-va-hoc-qua-mang-trong-thoi-gian-phong-chong-dich-covid-19?page=33.md
2025-10-30 14:51:25,148 [INFO] Saved HTML [daa/quydinh_huongdan/huong-dan-day-va-hoc-online]: daa.uit.edu.vn_thongbao_huong-dan-trien-khai-day-va-hoc-qua-mang-trong-thoi-gian-phong-chong-dich-covid-19?page=34.html
2025-10-30 14:51:25,154 [INFO] Saved Markdown [daa/quydinh_huongdan/huong-dan-day-va-hoc-online]: daa.uit.edu.vn_thongbao_huong-dan-trien-khai-day-va-hoc-qua-mang-trong-thoi-gian-phong-chong-dich-covid-19?page=34.md
2025-10-30 14:51:25,174 [INFO] Saved HTML [daa/quydinh_huongdan/huong-dan-day-va-hoc-online]: daa.uit.edu.vn_thongbao_huong-dan-trien-khai-day-va-hoc-qua-mang-trong-thoi-gian-phong-chong-dich-covid-19?page=35.html
2025-10-30 14:51:25,180 [INFO] Saved Markdown [daa/quydinh_huongdan/huong-dan-day-va-hoc-online]: daa.uit.edu.vn_thongbao_huong-dan-trien-khai-day-va-hoc-qua-mang-trong-thoi-gian-phong-chong-dich-covid-19?page=35.md
2025-10-30 14:51:25,199 [INFO] Saved HTML [daa/quydinh_huongdan/huong-dan-day-va-hoc-online]: daa.uit.edu.vn_thongbao_huong-dan-trien-khai-day-va-hoc-qua-mang-trong-thoi-gian-phong-chong-dich-covid-19?page=32.html
2025-10-30 14:51:25,204 [INFO] Saved Markdown [daa/quydinh_huongdan/huong-dan-day-va-hoc-online]: daa.uit.edu.vn_thongbao_huong-dan-trien-khai-day-va-hoc-qua-mang-trong-thoi-gian-phong-chong-dich-covid-19?page=32.md
2025-10-30 14:51:25,225 [INFO] Saved HTML [daa/quydinh_huongdan/huong-dan-day-va-hoc-online]: daa.uit.edu.vn_thongbao_huong-dan-trien-khai-day-va-hoc-qua-mang-trong-thoi-gian-phong-chong-dich-covid-19?page=3817.html
2025-10-30 14:51:25,230 [INFO] Saved Markdown [daa/quydinh_huongdan/huong-dan-day-va-hoc-online]: daa.uit.edu.vn_thongbao_huong-dan-trien-khai-day-va-hoc-qua-mang-trong-thoi-gian-phong-chong-dich-covid-19?page=3817.md
2025-10-30 14:51:25,249 [INFO] Saved HTML [daa/quydinh_huongdan/huong-dan-day-va-hoc-online]: daa.uit.edu.vn_thongbao_huong-dan-trien-khai-day-va-hoc-qua-mang-trong-thoi-gian-phong-chong-dich-covid-19?page=3814.html
2025-10-30 14:51:25,253 [INFO] Saved Markdown [daa/quydinh_huongdan/huong-dan-day-va-hoc-online]: daa.uit.edu.vn_thongbao_huong-dan-trien-khai-day-va-hoc-qua-mang-trong-thoi-gian-phong-chong-dich-covid-19?page=3814.md
2025-10-30 14:51:25,273 [INFO] Saved HTML [daa/quydinh_huongdan/huong-dan-day-va-hoc-online]: daa.uit.edu.vn_thongbao_huong-dan-trien-khai-day-va-hoc-qua-mang-trong-thoi-gian-phong-chong-dich-covid-19?page=3816.html
2025-10-30 14:51:25,279 [INFO] Saved Markdown [daa/quydinh_huongdan/huong-dan-day-va-hoc-online]: daa.uit.edu.vn_thongbao_huong-dan-trien-khai-day-va-hoc-qua-mang-trong-thoi-gian-phong-chong-dich-covid-19?page=3816.md
2025-10-30 14:51:25,298 [INFO] Saved HTML [daa/quydinh_huongdan/huong-dan-day-va-hoc-online]: daa.uit.edu.vn_thongbao_huong-dan-trien-khai-day-va-hoc-qua-mang-trong-thoi-gian-phong-chong-dich-covid-19?page=3815.html
2025-10-30 14:51:25,303 [INFO] Saved Markdown [daa/quydinh_huongdan/huong-dan-day-va-hoc-online]: daa.uit.edu.vn_thongbao_huong-dan-trien-khai-day-va-hoc-qua-mang-trong-thoi-gian-phong-chong-dich-covid-19?page=3815.md
2025-10-30 14:51:25,322 [INFO] Saved HTML [daa/quydinh_huongdan/huong-dan-day-va-hoc-online]: daa.uit.edu.vn_thongbao_huong-dan-trien-khai-day-va-hoc-qua-mang-trong-thoi-gian-phong-chong-dich-covid-19?page=36.html
2025-10-30 14:51:25,326 [INFO] Saved Markdown [daa/quydinh_huongdan/huong-dan-day-va-hoc-online]: daa.uit.edu.vn_thongbao_huong-dan-trien-khai-day-va-hoc-qua-mang-trong-thoi-gian-phong-chong-dich-covid-19?page=36.md
2025-10-30 14:51:25,346 [INFO] Saved HTML [daa/quydinh_huongdan/huong-dan-day-va-hoc-online]: daa.uit.edu.vn_thongbao_huong-dan-trien-khai-day-va-hoc-qua-mang-trong-thoi-gian-phong-chong-dich-covid-19?page=37.html
2025-10-30 14:51:25,352 [INFO] Saved Markdown [daa/quydinh_huongdan/huong-dan-day-va-hoc-online]: daa.uit.edu.vn_thongbao_huong-dan-trien-khai-day-va-hoc-qua-mang-trong-thoi-gian-phong-chong-dich-covid-19?page=37.md
2025-10-30 14:51:25,373 [INFO] Saved HTML [daa/quydinh_huongdan/huong-dan-day-va-hoc-online]: daa.uit.edu.vn_thongbao_huong-dan-trien-khai-day-va-hoc-qua-mang-trong-thoi-gian-phong-chong-dich-covid-19?page=38.html
2025-10-30 14:51:25,379 [INFO] Saved Markdown [daa/quydinh_huongdan/huong-dan-day-va-hoc-online]: daa.uit.edu.vn_thongbao_huong-dan-trien-khai-day-va-hoc-qua-mang-trong-thoi-gian-phong-chong-dich-covid-19?page=38.md
2025-10-30 14:51:25,398 [INFO] Saved HTML [daa/quydinh_huongdan/huong-dan-day-va-hoc-online]: daa.uit.edu.vn_thongbao_huong-dan-trien-khai-day-va-hoc-qua-mang-trong-thoi-gian-phong-chong-dich-covid-19?page=39.html
2025-10-30 14:51:25,404 [INFO] Saved Markdown [daa/quydinh_huongdan/huong-dan-day-va-hoc-online]: daa.uit.edu.vn_thongbao_huong-dan-trien-khai-day-va-hoc-qua-mang-trong-thoi-gian-phong-chong-dich-covid-19?page=39.md
2025-10-30 14:51:25,425 [INFO] Saved HTML [daa/quydinh_huongdan/huong-dan-day-va-hoc-online]: daa.uit.edu.vn_thongbao_huong-dan-trien-khai-day-va-hoc-qua-mang-trong-thoi-gian-phong-chong-dich-covid-19?page=3813.html
2025-10-30 14:51:25,430 [INFO] Saved Markdown [daa/quydinh_huongdan/huong-dan-day-va-hoc-online]: daa.uit.edu.vn_thongbao_huong-dan-trien-khai-day-va-hoc-qua-mang-trong-thoi-gian-phong-chong-dich-covid-19?page=3813.md
2025-10-30 14:51:25,449 [INFO] Saved HTML [daa/quydinh_huongdan/huong-dan-day-va-hoc-online]: daa.uit.edu.vn_thongbao_huong-dan-trien-khai-day-va-hoc-qua-mang-trong-thoi-gian-phong-chong-dich-covid-19?page=43.html
2025-10-30 14:51:25,454 [INFO] Saved Markdown [daa/quydinh_huongdan/huong-dan-day-va-hoc-online]: daa.uit.edu.vn_thongbao_huong-dan-trien-khai-day-va-hoc-qua-mang-trong-thoi-gian-phong-chong-dich-covid-19?page=43.md
2025-10-30 14:51:25,474 [INFO] Saved HTML [daa/quydinh_huongdan/huong-dan-day-va-hoc-online]: daa.uit.edu.vn_thongbao_huong-dan-trien-khai-day-va-hoc-qua-mang-trong-thoi-gian-phong-chong-dich-covid-19?page=42.html
2025-10-30 14:51:25,481 [INFO] Saved Markdown [daa/quydinh_huongdan/huong-dan-day-va-hoc-online]: daa.uit.edu.vn_thongbao_huong-dan-trien-khai-day-va-hoc-qua-mang-trong-thoi-gian-phong-chong-dich-covid-19?page=42.md
2025-10-30 14:51:25,501 [INFO] Saved HTML [daa/quydinh_huongdan/huong-dan-day-va-hoc-online]: daa.uit.edu.vn_thongbao_huong-dan-trien-khai-day-va-hoc-qua-mang-trong-thoi-gian-phong-chong-dich-covid-19?page=3812.html
2025-10-30 14:51:25,507 [INFO] Saved Markdown [daa/quydinh_huongdan/huong-dan-day-va-hoc-online]: daa.uit.edu.vn_thongbao_huong-dan-trien-khai-day-va-hoc-qua-mang-trong-thoi-gian-phong-chong-dich-covid-19?page=3812.md
2025-10-30 14:51:25,524 [INFO] Saved HTML [daa/quydinh_huongdan/huong-dan-day-va-hoc-online]: daa.uit.edu.vn_thongbao_huong-dan-trien-khai-day-va-hoc-qua-mang-trong-thoi-gian-phong-chong-dich-covid-19?page=40.html
2025-10-30 14:51:25,530 [INFO] Saved Markdown [daa/quydinh_huongdan/huong-dan-day-va-hoc-online]: daa.uit.edu.vn_thongbao_huong-dan-trien-khai-day-va-hoc-qua-mang-trong-thoi-gian-phong-chong-dich-covid-19?page=40.md
2025-10-30 14:51:25,549 [INFO] Saved HTML [daa/quydinh_huongdan/huong-dan-day-va-hoc-online]: daa.uit.edu.vn_thongbao_huong-dan-trien-khai-day-va-hoc-qua-mang-trong-thoi-gian-phong-chong-dich-covid-19?page=41.html
2025-10-30 14:51:25,555 [INFO] Saved Markdown [daa/quydinh_huongdan/huong-dan-day-va-hoc-online]: daa.uit.edu.vn_thongbao_huong-dan-trien-khai-day-va-hoc-qua-mang-trong-thoi-gian-phong-chong-dich-covid-19?page=41.md
2025-10-30 14:51:25,574 [INFO] Saved HTML [daa/quydinh_huongdan/huong-dan-day-va-hoc-online]: daa.uit.edu.vn_thongbao_huong-dan-trien-khai-day-va-hoc-qua-mang-trong-thoi-gian-phong-chong-dich-covid-19?page=3811.html
2025-10-30 14:51:25,579 [INFO] Saved Markdown [daa/quydinh_huongdan/huong-dan-day-va-hoc-online]: daa.uit.edu.vn_thongbao_huong-dan-trien-khai-day-va-hoc-qua-mang-trong-thoi-gian-phong-chong-dich-covid-19?page=3811.md
2025-10-30 14:51:25,599 [INFO] Saved HTML [daa/quydinh_huongdan/huong-dan-day-va-hoc-online]: daa.uit.edu.vn_thongbao_huong-dan-trien-khai-day-va-hoc-qua-mang-trong-thoi-gian-phong-chong-dich-covid-19?page=3809.html
2025-10-30 14:51:25,605 [INFO] Saved Markdown [daa/quydinh_huongdan/huong-dan-day-va-hoc-online]: daa.uit.edu.vn_thongbao_huong-dan-trien-khai-day-va-hoc-qua-mang-trong-thoi-gian-phong-chong-dich-covid-19?page=3809.md
2025-10-30 14:51:25,625 [INFO] Saved HTML [daa/quydinh_huongdan/huong-dan-day-va-hoc-online]: daa.uit.edu.vn_thongbao_huong-dan-trien-khai-day-va-hoc-qua-mang-trong-thoi-gian-phong-chong-dich-covid-19?page=3810.html
2025-10-30 14:51:25,631 [INFO] Saved Markdown [daa/quydinh_huongdan/huong-dan-day-va-hoc-online]: daa.uit.edu.vn_thongbao_huong-dan-trien-khai-day-va-hoc-qua-mang-trong-thoi-gian-phong-chong-dich-covid-19?page=3810.md
2025-10-30 14:51:25,650 [INFO] Saved HTML [daa/quydinh_huongdan/huong-dan-day-va-hoc-online]: daa.uit.edu.vn_thongbao_huong-dan-trien-khai-day-va-hoc-qua-mang-trong-thoi-gian-phong-chong-dich-covid-19?page=44.html
2025-10-30 14:51:25,655 [INFO] Saved Markdown [daa/quydinh_huongdan/huong-dan-day-va-hoc-online]: daa.uit.edu.vn_thongbao_huong-dan-trien-khai-day-va-hoc-qua-mang-trong-thoi-gian-phong-chong-dich-covid-19?page=44.md
2025-10-30 14:51:25,677 [INFO] Saved HTML [daa/quydinh_huongdan/huong-dan-day-va-hoc-online]: daa.uit.edu.vn_thongbao_huong-dan-trien-khai-day-va-hoc-qua-mang-trong-thoi-gian-phong-chong-dich-covid-19?page=45.html
2025-10-30 14:51:25,682 [INFO] Saved Markdown [daa/quydinh_huongdan/huong-dan-day-va-hoc-online]: daa.uit.edu.vn_thongbao_huong-dan-trien-khai-day-va-hoc-qua-mang-trong-thoi-gian-phong-chong-dich-covid-19?page=45.md
2025-10-30 14:51:25,702 [INFO] Saved HTML [daa/quydinh_huongdan/huong-dan-day-va-hoc-online]: daa.uit.edu.vn_thongbao_huong-dan-trien-khai-day-va-hoc-qua-mang-trong-thoi-gian-phong-chong-dich-covid-19?page=46.html
2025-10-30 14:51:25,708 [INFO] Saved Markdown [daa/quydinh_huongdan/huong-dan-day-va-hoc-online]: daa.uit.edu.vn_thongbao_huong-dan-trien-khai-day-va-hoc-qua-mang-trong-thoi-gian-phong-chong-dich-covid-19?page=46.md
2025-10-30 14:51:25,728 [INFO] Saved HTML [daa/quydinh_huongdan/huong-dan-day-va-hoc-online]: daa.uit.edu.vn_thongbao_huong-dan-trien-khai-day-va-hoc-qua-mang-trong-thoi-gian-phong-chong-dich-covid-19?page=3807.html
2025-10-30 14:51:25,733 [INFO] Saved Markdown [daa/quydinh_huongdan/huong-dan-day-va-hoc-online]: daa.uit.edu.vn_thongbao_huong-dan-trien-khai-day-va-hoc-qua-mang-trong-thoi-gian-phong-chong-dich-covid-19?page=3807.md
2025-10-30 14:51:25,754 [INFO] Saved HTML [daa/quydinh_huongdan/huong-dan-day-va-hoc-online]: daa.uit.edu.vn_thongbao_huong-dan-trien-khai-day-va-hoc-qua-mang-trong-thoi-gian-phong-chong-dich-covid-19?page=3808.html
2025-10-30 14:51:25,760 [INFO] Saved Markdown [daa/quydinh_huongdan/huong-dan-day-va-hoc-online]: daa.uit.edu.vn_thongbao_huong-dan-trien-khai-day-va-hoc-qua-mang-trong-thoi-gian-phong-chong-dich-covid-19?page=3808.md
2025-10-30 14:51:25,780 [INFO] Saved HTML [daa/quydinh_huongdan/huong-dan-day-va-hoc-online]: daa.uit.edu.vn_thongbao_huong-dan-trien-khai-day-va-hoc-qua-mang-trong-thoi-gian-phong-chong-dich-covid-19?page=3805.html
2025-10-30 14:51:25,785 [INFO] Saved Markdown [daa/quydinh_huongdan/huong-dan-day-va-hoc-online]: daa.uit.edu.vn_thongbao_huong-dan-trien-khai-day-va-hoc-qua-mang-trong-thoi-gian-phong-chong-dich-covid-19?page=3805.md
2025-10-30 14:51:25,806 [INFO] Saved HTML [daa/quydinh_huongdan/huong-dan-day-va-hoc-online]: daa.uit.edu.vn_thongbao_huong-dan-trien-khai-day-va-hoc-qua-mang-trong-thoi-gian-phong-chong-dich-covid-19?page=3806.html
2025-10-30 14:51:25,813 [INFO] Saved Markdown [daa/quydinh_huongdan/huong-dan-day-va-hoc-online]: daa.uit.edu.vn_thongbao_huong-dan-trien-khai-day-va-hoc-qua-mang-trong-thoi-gian-phong-chong-dich-covid-19?page=3806.md
2025-10-30 14:51:25,837 [INFO] Saved HTML [daa/quydinh_huongdan/huong-dan-day-va-hoc-online]: daa.uit.edu.vn_thongbao_huong-dan-trien-khai-day-va-hoc-qua-mang-trong-thoi-gian-phong-chong-dich-covid-19?page=49.html
2025-10-30 14:51:25,841 [INFO] Saved Markdown [daa/quydinh_huongdan/huong-dan-day-va-hoc-online]: daa.uit.edu.vn_thongbao_huong-dan-trien-khai-day-va-hoc-qua-mang-trong-thoi-gian-phong-chong-dich-covid-19?page=49.md
2025-10-30 14:51:25,860 [INFO] Saved HTML [daa/quydinh_huongdan/huong-dan-day-va-hoc-online]: daa.uit.edu.vn_thongbao_huong-dan-trien-khai-day-va-hoc-qua-mang-trong-thoi-gian-phong-chong-dich-covid-19?page=48.html
2025-10-30 14:51:25,866 [INFO] Saved Markdown [daa/quydinh_huongdan/huong-dan-day-va-hoc-online]: daa.uit.edu.vn_thongbao_huong-dan-trien-khai-day-va-hoc-qua-mang-trong-thoi-gian-phong-chong-dich-covid-19?page=48.md
2025-10-30 14:51:25,887 [INFO] Saved HTML [daa/quydinh_huongdan/huong-dan-day-va-hoc-online]: daa.uit.edu.vn_thongbao_huong-dan-trien-khai-day-va-hoc-qua-mang-trong-thoi-gian-phong-chong-dich-covid-19?page=47.html
2025-10-30 14:51:25,894 [INFO] Saved Markdown [daa/quydinh_huongdan/huong-dan-day-va-hoc-online]: daa.uit.edu.vn_thongbao_huong-dan-trien-khai-day-va-hoc-qua-mang-trong-thoi-gian-phong-chong-dich-covid-19?page=47.md
2025-10-30 14:51:25,919 [INFO] Saved HTML [daa/quydinh_huongdan/huong-dan-day-va-hoc-online]: daa.uit.edu.vn_thongbao_huong-dan-trien-khai-day-va-hoc-qua-mang-trong-thoi-gian-phong-chong-dich-covid-19?page=50.html
2025-10-30 14:51:25,924 [INFO] Saved Markdown [daa/quydinh_huongdan/huong-dan-day-va-hoc-online]: daa.uit.edu.vn_thongbao_huong-dan-trien-khai-day-va-hoc-qua-mang-trong-thoi-gian-phong-chong-dich-covid-19?page=50.md
2025-10-30 14:51:25,944 [INFO] Saved HTML [daa/quydinh_huongdan/huong-dan-day-va-hoc-online]: daa.uit.edu.vn_thongbao_huong-dan-trien-khai-day-va-hoc-qua-mang-trong-thoi-gian-phong-chong-dich-covid-19?page=3803.html
2025-10-30 14:51:25,949 [INFO] Saved Markdown [daa/quydinh_huongdan/huong-dan-day-va-hoc-online]: daa.uit.edu.vn_thongbao_huong-dan-trien-khai-day-va-hoc-qua-mang-trong-thoi-gian-phong-chong-dich-covid-19?page=3803.md
2025-10-30 14:51:25,970 [INFO] Saved HTML [daa/quydinh_huongdan/huong-dan-day-va-hoc-online]: daa.uit.edu.vn_thongbao_huong-dan-trien-khai-day-va-hoc-qua-mang-trong-thoi-gian-phong-chong-dich-covid-19?page=3804.html
2025-10-30 14:51:25,974 [INFO] Saved Markdown [daa/quydinh_huongdan/huong-dan-day-va-hoc-online]: daa.uit.edu.vn_thongbao_huong-dan-trien-khai-day-va-hoc-qua-mang-trong-thoi-gian-phong-chong-dich-covid-19?page=3804.md
2025-10-30 14:51:25,990 [INFO] Saved HTML [daa/quydinh_huongdan/huong-dan-day-va-hoc-online]: daa.uit.edu.vn_thongbao_huong-dan-trien-khai-day-va-hoc-qua-mang-trong-thoi-gian-phong-chong-dich-covid-19?page=3801.html
2025-10-30 14:51:25,994 [INFO] Saved Markdown [daa/quydinh_huongdan/huong-dan-day-va-hoc-online]: daa.uit.edu.vn_thongbao_huong-dan-trien-khai-day-va-hoc-qua-mang-trong-thoi-gian-phong-chong-dich-covid-19?page=3801.md
2025-10-30 14:51:26,015 [INFO] Saved HTML [daa/quydinh_huongdan/huong-dan-day-va-hoc-online]: daa.uit.edu.vn_thongbao_huong-dan-trien-khai-day-va-hoc-qua-mang-trong-thoi-gian-phong-chong-dich-covid-19?page=3802.html
2025-10-30 14:51:26,022 [INFO] Saved Markdown [daa/quydinh_huongdan/huong-dan-day-va-hoc-online]: daa.uit.edu.vn_thongbao_huong-dan-trien-khai-day-va-hoc-qua-mang-trong-thoi-gian-phong-chong-dich-covid-19?page=3802.md
2025-10-30 14:51:26,040 [INFO] Saved HTML [daa/quydinh_huongdan/huong-dan-day-va-hoc-online]: daa.uit.edu.vn_thongbao_huong-dan-trien-khai-day-va-hoc-qua-mang-trong-thoi-gian-phong-chong-dich-covid-19?page=51.html
2025-10-30 14:51:26,044 [INFO] Saved Markdown [daa/quydinh_huongdan/huong-dan-day-va-hoc-online]: daa.uit.edu.vn_thongbao_huong-dan-trien-khai-day-va-hoc-qua-mang-trong-thoi-gian-phong-chong-dich-covid-19?page=51.md
2025-10-30 14:51:26,062 [INFO] Saved HTML [daa/quydinh_huongdan/huong-dan-day-va-hoc-online]: daa.uit.edu.vn_thongbao_huong-dan-trien-khai-day-va-hoc-qua-mang-trong-thoi-gian-phong-chong-dich-covid-19?page=52.html
2025-10-30 14:51:26,067 [INFO] Saved Markdown [daa/quydinh_huongdan/huong-dan-day-va-hoc-online]: daa.uit.edu.vn_thongbao_huong-dan-trien-khai-day-va-hoc-qua-mang-trong-thoi-gian-phong-chong-dich-covid-19?page=52.md
2025-10-30 14:51:26,088 [INFO] Saved HTML [daa/quydinh_huongdan/huong-dan-day-va-hoc-online]: daa.uit.edu.vn_thongbao_huong-dan-trien-khai-day-va-hoc-qua-mang-trong-thoi-gian-phong-chong-dich-covid-19?page=53.html
2025-10-30 14:51:26,094 [INFO] Saved Markdown [daa/quydinh_huongdan/huong-dan-day-va-hoc-online]: daa.uit.edu.vn_thongbao_huong-dan-trien-khai-day-va-hoc-qua-mang-trong-thoi-gian-phong-chong-dich-covid-19?page=53.md
2025-10-30 14:51:26,115 [INFO] Saved HTML [daa/quydinh_huongdan/huong-dan-day-va-hoc-online]: daa.uit.edu.vn_thongbao_huong-dan-trien-khai-day-va-hoc-qua-mang-trong-thoi-gian-phong-chong-dich-covid-19?page=54.html
2025-10-30 14:51:26,122 [INFO] Saved Markdown [daa/quydinh_huongdan/huong-dan-day-va-hoc-online]: daa.uit.edu.vn_thongbao_huong-dan-trien-khai-day-va-hoc-qua-mang-trong-thoi-gian-phong-chong-dich-covid-19?page=54.md
2025-10-30 14:51:26,148 [INFO] Saved HTML [daa/quydinh_huongdan/huong-dan-day-va-hoc-online]: daa.uit.edu.vn_thongbao_huong-dan-trien-khai-day-va-hoc-qua-mang-trong-thoi-gian-phong-chong-dich-covid-19?page=3799.html
2025-10-30 14:51:26,153 [INFO] Saved Markdown [daa/quydinh_huongdan/huong-dan-day-va-hoc-online]: daa.uit.edu.vn_thongbao_huong-dan-trien-khai-day-va-hoc-qua-mang-trong-thoi-gian-phong-chong-dich-covid-19?page=3799.md
2025-10-30 14:51:26,174 [INFO] Saved HTML [daa/quydinh_huongdan/huong-dan-day-va-hoc-online]: daa.uit.edu.vn_thongbao_huong-dan-trien-khai-day-va-hoc-qua-mang-trong-thoi-gian-phong-chong-dich-covid-19?page=3800.html
2025-10-30 14:51:26,180 [INFO] Saved Markdown [daa/quydinh_huongdan/huong-dan-day-va-hoc-online]: daa.uit.edu.vn_thongbao_huong-dan-trien-khai-day-va-hoc-qua-mang-trong-thoi-gian-phong-chong-dich-covid-19?page=3800.md
2025-10-30 14:51:26,201 [INFO] Saved HTML [daa/quydinh_huongdan/huong-dan-day-va-hoc-online]: daa.uit.edu.vn_thongbao_huong-dan-trien-khai-day-va-hoc-qua-mang-trong-thoi-gian-phong-chong-dich-covid-19?page=3795.html
2025-10-30 14:51:26,206 [INFO] Saved Markdown [daa/quydinh_huongdan/huong-dan-day-va-hoc-online]: daa.uit.edu.vn_thongbao_huong-dan-trien-khai-day-va-hoc-qua-mang-trong-thoi-gian-phong-chong-dich-covid-19?page=3795.md
2025-10-30 14:51:26,225 [INFO] Saved HTML [daa/quydinh_huongdan/huong-dan-day-va-hoc-online]: daa.uit.edu.vn_thongbao_huong-dan-trien-khai-day-va-hoc-qua-mang-trong-thoi-gian-phong-chong-dich-covid-19?page=55.html
2025-10-30 14:51:26,230 [INFO] Saved Markdown [daa/quydinh_huongdan/huong-dan-day-va-hoc-online]: daa.uit.edu.vn_thongbao_huong-dan-trien-khai-day-va-hoc-qua-mang-trong-thoi-gian-phong-chong-dich-covid-19?page=55.md
2025-10-30 14:51:26,254 [INFO] Saved HTML [daa/quydinh_huongdan/huong-dan-day-va-hoc-online]: daa.uit.edu.vn_thongbao_huong-dan-trien-khai-day-va-hoc-qua-mang-trong-thoi-gian-phong-chong-dich-covid-19?page=57.html
2025-10-30 14:51:26,261 [INFO] Saved Markdown [daa/quydinh_huongdan/huong-dan-day-va-hoc-online]: daa.uit.edu.vn_thongbao_huong-dan-trien-khai-day-va-hoc-qua-mang-trong-thoi-gian-phong-chong-dich-covid-19?page=57.md
2025-10-30 14:51:26,283 [INFO] Saved HTML [daa/quydinh_huongdan/huong-dan-day-va-hoc-online]: daa.uit.edu.vn_thongbao_huong-dan-trien-khai-day-va-hoc-qua-mang-trong-thoi-gian-phong-chong-dich-covid-19?page=3798.html
2025-10-30 14:51:26,289 [INFO] Saved Markdown [daa/quydinh_huongdan/huong-dan-day-va-hoc-online]: daa.uit.edu.vn_thongbao_huong-dan-trien-khai-day-va-hoc-qua-mang-trong-thoi-gian-phong-chong-dich-covid-19?page=3798.md
2025-10-30 14:51:26,310 [INFO] Saved HTML [daa/quydinh_huongdan/huong-dan-day-va-hoc-online]: daa.uit.edu.vn_thongbao_huong-dan-trien-khai-day-va-hoc-qua-mang-trong-thoi-gian-phong-chong-dich-covid-19?page=56.html
2025-10-30 14:51:26,315 [INFO] Saved Markdown [daa/quydinh_huongdan/huong-dan-day-va-hoc-online]: daa.uit.edu.vn_thongbao_huong-dan-trien-khai-day-va-hoc-qua-mang-trong-thoi-gian-phong-chong-dich-covid-19?page=56.md
2025-10-30 14:51:26,332 [INFO] Saved HTML [daa/quydinh_huongdan/huong-dan-day-va-hoc-online]: daa.uit.edu.vn_thongbao_huong-dan-trien-khai-day-va-hoc-qua-mang-trong-thoi-gian-phong-chong-dich-covid-19?page=3797.html
2025-10-30 14:51:26,338 [INFO] Saved Markdown [daa/quydinh_huongdan/huong-dan-day-va-hoc-online]: daa.uit.edu.vn_thongbao_huong-dan-trien-khai-day-va-hoc-qua-mang-trong-thoi-gian-phong-chong-dich-covid-19?page=3797.md
2025-10-30 14:51:26,357 [INFO] Saved HTML [daa/quydinh_huongdan/huong-dan-day-va-hoc-online]: daa.uit.edu.vn_thongbao_huong-dan-trien-khai-day-va-hoc-qua-mang-trong-thoi-gian-phong-chong-dich-covid-19?page=3794.html
2025-10-30 14:51:26,362 [INFO] Saved Markdown [daa/quydinh_huongdan/huong-dan-day-va-hoc-online]: daa.uit.edu.vn_thongbao_huong-dan-trien-khai-day-va-hoc-qua-mang-trong-thoi-gian-phong-chong-dich-covid-19?page=3794.md
2025-10-30 14:51:26,383 [INFO] Saved HTML [daa/quydinh_huongdan/huong-dan-day-va-hoc-online]: daa.uit.edu.vn_thongbao_huong-dan-trien-khai-day-va-hoc-qua-mang-trong-thoi-gian-phong-chong-dich-covid-19?page=3791.html
2025-10-30 14:51:26,388 [INFO] Saved Markdown [daa/quydinh_huongdan/huong-dan-day-va-hoc-online]: daa.uit.edu.vn_thongbao_huong-dan-trien-khai-day-va-hoc-qua-mang-trong-thoi-gian-phong-chong-dich-covid-19?page=3791.md
2025-10-30 14:51:26,406 [INFO] Saved HTML [daa/quydinh_huongdan/huong-dan-day-va-hoc-online]: daa.uit.edu.vn_thongbao_huong-dan-trien-khai-day-va-hoc-qua-mang-trong-thoi-gian-phong-chong-dich-covid-19?page=58.html
2025-10-30 14:51:26,413 [INFO] Saved Markdown [daa/quydinh_huongdan/huong-dan-day-va-hoc-online]: daa.uit.edu.vn_thongbao_huong-dan-trien-khai-day-va-hoc-qua-mang-trong-thoi-gian-phong-chong-dich-covid-19?page=58.md
2025-10-30 14:51:26,435 [INFO] Saved HTML [daa/quydinh_huongdan/huong-dan-day-va-hoc-online]: daa.uit.edu.vn_thongbao_huong-dan-trien-khai-day-va-hoc-qua-mang-trong-thoi-gian-phong-chong-dich-covid-19?page=3796.html
2025-10-30 14:51:26,443 [INFO] Saved Markdown [daa/quydinh_huongdan/huong-dan-day-va-hoc-online]: daa.uit.edu.vn_thongbao_huong-dan-trien-khai-day-va-hoc-qua-mang-trong-thoi-gian-phong-chong-dich-covid-19?page=3796.md
2025-10-30 14:51:26,463 [INFO] Saved HTML [daa/quydinh_huongdan/huong-dan-day-va-hoc-online]: daa.uit.edu.vn_thongbao_huong-dan-trien-khai-day-va-hoc-qua-mang-trong-thoi-gian-phong-chong-dich-covid-19?page=60.html
2025-10-30 14:51:26,469 [INFO] Saved Markdown [daa/quydinh_huongdan/huong-dan-day-va-hoc-online]: daa.uit.edu.vn_thongbao_huong-dan-trien-khai-day-va-hoc-qua-mang-trong-thoi-gian-phong-chong-dich-covid-19?page=60.md
2025-10-30 14:51:26,489 [INFO] Saved HTML [daa/quydinh_huongdan/huong-dan-day-va-hoc-online]: daa.uit.edu.vn_thongbao_huong-dan-trien-khai-day-va-hoc-qua-mang-trong-thoi-gian-phong-chong-dich-covid-19?page=3793.html
2025-10-30 14:51:26,494 [INFO] Saved Markdown [daa/quydinh_huongdan/huong-dan-day-va-hoc-online]: daa.uit.edu.vn_thongbao_huong-dan-trien-khai-day-va-hoc-qua-mang-trong-thoi-gian-phong-chong-dich-covid-19?page=3793.md
2025-10-30 14:51:26,514 [INFO] Saved HTML [daa/quydinh_huongdan/huong-dan-day-va-hoc-online]: daa.uit.edu.vn_thongbao_huong-dan-trien-khai-day-va-hoc-qua-mang-trong-thoi-gian-phong-chong-dich-covid-19?page=3792.html
2025-10-30 14:51:26,520 [INFO] Saved Markdown [daa/quydinh_huongdan/huong-dan-day-va-hoc-online]: daa.uit.edu.vn_thongbao_huong-dan-trien-khai-day-va-hoc-qua-mang-trong-thoi-gian-phong-chong-dich-covid-19?page=3792.md
2025-10-30 14:51:26,541 [INFO] Saved HTML [daa/quydinh_huongdan/huong-dan-day-va-hoc-online]: daa.uit.edu.vn_thongbao_huong-dan-trien-khai-day-va-hoc-qua-mang-trong-thoi-gian-phong-chong-dich-covid-19?page=59.html
2025-10-30 14:51:26,549 [INFO] Saved Markdown [daa/quydinh_huongdan/huong-dan-day-va-hoc-online]: daa.uit.edu.vn_thongbao_huong-dan-trien-khai-day-va-hoc-qua-mang-trong-thoi-gian-phong-chong-dich-covid-19?page=59.md
2025-10-30 14:51:26,569 [INFO] Saved HTML [daa/quydinh_huongdan/huong-dan-day-va-hoc-online]: daa.uit.edu.vn_thongbao_huong-dan-trien-khai-day-va-hoc-qua-mang-trong-thoi-gian-phong-chong-dich-covid-19?page=61.html
2025-10-30 14:51:26,575 [INFO] Saved Markdown [daa/quydinh_huongdan/huong-dan-day-va-hoc-online]: daa.uit.edu.vn_thongbao_huong-dan-trien-khai-day-va-hoc-qua-mang-trong-thoi-gian-phong-chong-dich-covid-19?page=61.md
2025-10-30 14:51:26,595 [INFO] Saved HTML [daa/quydinh_huongdan/huong-dan-day-va-hoc-online]: daa.uit.edu.vn_thongbao_huong-dan-trien-khai-day-va-hoc-qua-mang-trong-thoi-gian-phong-chong-dich-covid-19?page=62.html
2025-10-30 14:51:26,600 [INFO] Saved Markdown [daa/quydinh_huongdan/huong-dan-day-va-hoc-online]: daa.uit.edu.vn_thongbao_huong-dan-trien-khai-day-va-hoc-qua-mang-trong-thoi-gian-phong-chong-dich-covid-19?page=62.md
2025-10-30 14:51:26,621 [INFO] Saved HTML [daa/quydinh_huongdan/huong-dan-day-va-hoc-online]: daa.uit.edu.vn_thongbao_huong-dan-trien-khai-day-va-hoc-qua-mang-trong-thoi-gian-phong-chong-dich-covid-19?page=3790.html
2025-10-30 14:51:26,626 [INFO] Saved Markdown [daa/quydinh_huongdan/huong-dan-day-va-hoc-online]: daa.uit.edu.vn_thongbao_huong-dan-trien-khai-day-va-hoc-qua-mang-trong-thoi-gian-phong-chong-dich-covid-19?page=3790.md
2025-10-30 14:51:26,646 [INFO] Saved HTML [daa/quydinh_huongdan/huong-dan-day-va-hoc-online]: daa.uit.edu.vn_thongbao_huong-dan-trien-khai-day-va-hoc-qua-mang-trong-thoi-gian-phong-chong-dich-covid-19?page=3787.html
2025-10-30 14:51:26,651 [INFO] Saved Markdown [daa/quydinh_huongdan/huong-dan-day-va-hoc-online]: daa.uit.edu.vn_thongbao_huong-dan-trien-khai-day-va-hoc-qua-mang-trong-thoi-gian-phong-chong-dich-covid-19?page=3787.md
2025-10-30 14:51:26,671 [INFO] Saved HTML [daa/quydinh_huongdan/huong-dan-day-va-hoc-online]: daa.uit.edu.vn_thongbao_huong-dan-trien-khai-day-va-hoc-qua-mang-trong-thoi-gian-phong-chong-dich-covid-19?page=3788.html
2025-10-30 14:51:26,676 [INFO] Saved Markdown [daa/quydinh_huongdan/huong-dan-day-va-hoc-online]: daa.uit.edu.vn_thongbao_huong-dan-trien-khai-day-va-hoc-qua-mang-trong-thoi-gian-phong-chong-dich-covid-19?page=3788.md
2025-10-30 14:51:26,696 [INFO] Saved HTML [daa/quydinh_huongdan/huong-dan-day-va-hoc-online]: daa.uit.edu.vn_thongbao_huong-dan-trien-khai-day-va-hoc-qua-mang-trong-thoi-gian-phong-chong-dich-covid-19?page=3789.html
2025-10-30 14:51:26,702 [INFO] Saved Markdown [daa/quydinh_huongdan/huong-dan-day-va-hoc-online]: daa.uit.edu.vn_thongbao_huong-dan-trien-khai-day-va-hoc-qua-mang-trong-thoi-gian-phong-chong-dich-covid-19?page=3789.md
2025-10-30 14:51:26,722 [INFO] Saved HTML [daa/quydinh_huongdan/huong-dan-day-va-hoc-online]: daa.uit.edu.vn_thongbao_huong-dan-trien-khai-day-va-hoc-qua-mang-trong-thoi-gian-phong-chong-dich-covid-19?page=64.html
2025-10-30 14:51:26,727 [INFO] Saved Markdown [daa/quydinh_huongdan/huong-dan-day-va-hoc-online]: daa.uit.edu.vn_thongbao_huong-dan-trien-khai-day-va-hoc-qua-mang-trong-thoi-gian-phong-chong-dich-covid-19?page=64.md
2025-10-30 14:51:26,746 [INFO] Saved HTML [daa/quydinh_huongdan/huong-dan-day-va-hoc-online]: daa.uit.edu.vn_thongbao_huong-dan-trien-khai-day-va-hoc-qua-mang-trong-thoi-gian-phong-chong-dich-covid-19?page=63.html
2025-10-30 14:51:26,752 [INFO] Saved Markdown [daa/quydinh_huongdan/huong-dan-day-va-hoc-online]: daa.uit.edu.vn_thongbao_huong-dan-trien-khai-day-va-hoc-qua-mang-trong-thoi-gian-phong-chong-dich-covid-19?page=63.md
2025-10-30 14:51:26,771 [INFO] Saved HTML [daa/quydinh_huongdan/huong-dan-day-va-hoc-online]: daa.uit.edu.vn_thongbao_huong-dan-trien-khai-day-va-hoc-qua-mang-trong-thoi-gian-phong-chong-dich-covid-19?page=66.html
2025-10-30 14:51:26,776 [INFO] Saved Markdown [daa/quydinh_huongdan/huong-dan-day-va-hoc-online]: daa.uit.edu.vn_thongbao_huong-dan-trien-khai-day-va-hoc-qua-mang-trong-thoi-gian-phong-chong-dich-covid-19?page=66.md
2025-10-30 14:51:26,795 [INFO] Saved HTML [daa/quydinh_huongdan/huong-dan-day-va-hoc-online]: daa.uit.edu.vn_thongbao_huong-dan-trien-khai-day-va-hoc-qua-mang-trong-thoi-gian-phong-chong-dich-covid-19?page=65.html
2025-10-30 14:51:26,800 [INFO] Saved Markdown [daa/quydinh_huongdan/huong-dan-day-va-hoc-online]: daa.uit.edu.vn_thongbao_huong-dan-trien-khai-day-va-hoc-qua-mang-trong-thoi-gian-phong-chong-dich-covid-19?page=65.md
2025-10-30 14:51:26,821 [INFO] Saved HTML [daa/quydinh_huongdan/huong-dan-day-va-hoc-online]: daa.uit.edu.vn_thongbao_huong-dan-trien-khai-day-va-hoc-qua-mang-trong-thoi-gian-phong-chong-dich-covid-19?page=3786.html
2025-10-30 14:51:26,826 [INFO] Saved Markdown [daa/quydinh_huongdan/huong-dan-day-va-hoc-online]: daa.uit.edu.vn_thongbao_huong-dan-trien-khai-day-va-hoc-qua-mang-trong-thoi-gian-phong-chong-dich-covid-19?page=3786.md
2025-10-30 14:51:26,847 [INFO] Saved HTML [daa/quydinh_huongdan/huong-dan-day-va-hoc-online]: daa.uit.edu.vn_thongbao_huong-dan-trien-khai-day-va-hoc-qua-mang-trong-thoi-gian-phong-chong-dich-covid-19?page=3783.html
2025-10-30 14:51:26,851 [INFO] Saved Markdown [daa/quydinh_huongdan/huong-dan-day-va-hoc-online]: daa.uit.edu.vn_thongbao_huong-dan-trien-khai-day-va-hoc-qua-mang-trong-thoi-gian-phong-chong-dich-covid-19?page=3783.md
2025-10-30 14:51:26,870 [INFO] Saved HTML [daa/quydinh_huongdan/huong-dan-day-va-hoc-online]: daa.uit.edu.vn_thongbao_huong-dan-trien-khai-day-va-hoc-qua-mang-trong-thoi-gian-phong-chong-dich-covid-19?page=67.html
2025-10-30 14:51:26,876 [INFO] Saved Markdown [daa/quydinh_huongdan/huong-dan-day-va-hoc-online]: daa.uit.edu.vn_thongbao_huong-dan-trien-khai-day-va-hoc-qua-mang-trong-thoi-gian-phong-chong-dich-covid-19?page=67.md
2025-10-30 14:51:26,898 [INFO] Saved HTML [daa/quydinh_huongdan/huong-dan-day-va-hoc-online]: daa.uit.edu.vn_thongbao_huong-dan-trien-khai-day-va-hoc-qua-mang-trong-thoi-gian-phong-chong-dich-covid-19?page=3785.html
2025-10-30 14:51:26,903 [INFO] Saved Markdown [daa/quydinh_huongdan/huong-dan-day-va-hoc-online]: daa.uit.edu.vn_thongbao_huong-dan-trien-khai-day-va-hoc-qua-mang-trong-thoi-gian-phong-chong-dich-covid-19?page=3785.md
2025-10-30 14:51:26,923 [INFO] Saved HTML [daa/quydinh_huongdan/huong-dan-day-va-hoc-online]: daa.uit.edu.vn_thongbao_huong-dan-trien-khai-day-va-hoc-qua-mang-trong-thoi-gian-phong-chong-dich-covid-19?page=3784.html
2025-10-30 14:51:26,929 [INFO] Saved Markdown [daa/quydinh_huongdan/huong-dan-day-va-hoc-online]: daa.uit.edu.vn_thongbao_huong-dan-trien-khai-day-va-hoc-qua-mang-trong-thoi-gian-phong-chong-dich-covid-19?page=3784.md
2025-10-30 14:51:26,952 [INFO] Saved HTML [daa/quydinh_huongdan/huong-dan-day-va-hoc-online]: daa.uit.edu.vn_thongbao_huong-dan-trien-khai-day-va-hoc-qua-mang-trong-thoi-gian-phong-chong-dich-covid-19?page=68.html
2025-10-30 14:51:26,959 [INFO] Saved Markdown [daa/quydinh_huongdan/huong-dan-day-va-hoc-online]: daa.uit.edu.vn_thongbao_huong-dan-trien-khai-day-va-hoc-qua-mang-trong-thoi-gian-phong-chong-dich-covid-19?page=68.md
2025-10-30 14:51:26,981 [INFO] Saved HTML [daa/quydinh_huongdan/huong-dan-day-va-hoc-online]: daa.uit.edu.vn_thongbao_huong-dan-trien-khai-day-va-hoc-qua-mang-trong-thoi-gian-phong-chong-dich-covid-19?page=3779.html
2025-10-30 14:51:26,986 [INFO] Saved Markdown [daa/quydinh_huongdan/huong-dan-day-va-hoc-online]: daa.uit.edu.vn_thongbao_huong-dan-trien-khai-day-va-hoc-qua-mang-trong-thoi-gian-phong-chong-dich-covid-19?page=3779.md
2025-10-30 14:51:27,006 [INFO] Saved HTML [daa/quydinh_huongdan/huong-dan-day-va-hoc-online]: daa.uit.edu.vn_thongbao_huong-dan-trien-khai-day-va-hoc-qua-mang-trong-thoi-gian-phong-chong-dich-covid-19?page=3782.html
2025-10-30 14:51:27,013 [INFO] Saved Markdown [daa/quydinh_huongdan/huong-dan-day-va-hoc-online]: daa.uit.edu.vn_thongbao_huong-dan-trien-khai-day-va-hoc-qua-mang-trong-thoi-gian-phong-chong-dich-covid-19?page=3782.md
2025-10-30 14:51:27,033 [INFO] Saved HTML [daa/quydinh_huongdan/huong-dan-day-va-hoc-online]: daa.uit.edu.vn_thongbao_huong-dan-trien-khai-day-va-hoc-qua-mang-trong-thoi-gian-phong-chong-dich-covid-19?page=3780.html
2025-10-30 14:51:27,039 [INFO] Saved Markdown [daa/quydinh_huongdan/huong-dan-day-va-hoc-online]: daa.uit.edu.vn_thongbao_huong-dan-trien-khai-day-va-hoc-qua-mang-trong-thoi-gian-phong-chong-dich-covid-19?page=3780.md
2025-10-30 14:51:27,059 [INFO] Saved HTML [daa/quydinh_huongdan/huong-dan-day-va-hoc-online]: daa.uit.edu.vn_thongbao_huong-dan-trien-khai-day-va-hoc-qua-mang-trong-thoi-gian-phong-chong-dich-covid-19?page=69.html
2025-10-30 14:51:27,063 [INFO] Saved Markdown [daa/quydinh_huongdan/huong-dan-day-va-hoc-online]: daa.uit.edu.vn_thongbao_huong-dan-trien-khai-day-va-hoc-qua-mang-trong-thoi-gian-phong-chong-dich-covid-19?page=69.md
2025-10-30 14:51:27,086 [INFO] Saved HTML [daa/quydinh_huongdan/huong-dan-day-va-hoc-online]: daa.uit.edu.vn_thongbao_huong-dan-trien-khai-day-va-hoc-qua-mang-trong-thoi-gian-phong-chong-dich-covid-19?page=70.html
2025-10-30 14:51:27,092 [INFO] Saved Markdown [daa/quydinh_huongdan/huong-dan-day-va-hoc-online]: daa.uit.edu.vn_thongbao_huong-dan-trien-khai-day-va-hoc-qua-mang-trong-thoi-gian-phong-chong-dich-covid-19?page=70.md
2025-10-30 14:51:27,112 [INFO] Saved HTML [daa/quydinh_huongdan/huong-dan-day-va-hoc-online]: daa.uit.edu.vn_thongbao_huong-dan-trien-khai-day-va-hoc-qua-mang-trong-thoi-gian-phong-chong-dich-covid-19?page=3781.html
2025-10-30 14:51:27,117 [INFO] Saved Markdown [daa/quydinh_huongdan/huong-dan-day-va-hoc-online]: daa.uit.edu.vn_thongbao_huong-dan-trien-khai-day-va-hoc-qua-mang-trong-thoi-gian-phong-chong-dich-covid-19?page=3781.md
2025-10-30 14:51:27,140 [INFO] Saved HTML [daa/quydinh_huongdan/huong-dan-day-va-hoc-online]: daa.uit.edu.vn_thongbao_huong-dan-trien-khai-day-va-hoc-qua-mang-trong-thoi-gian-phong-chong-dich-covid-19?page=71.html
2025-10-30 14:51:27,146 [INFO] Saved Markdown [daa/quydinh_huongdan/huong-dan-day-va-hoc-online]: daa.uit.edu.vn_thongbao_huong-dan-trien-khai-day-va-hoc-qua-mang-trong-thoi-gian-phong-chong-dich-covid-19?page=71.md
2025-10-30 14:51:27,168 [INFO] Saved HTML [daa/quydinh_huongdan/huong-dan-day-va-hoc-online]: daa.uit.edu.vn_thongbao_huong-dan-trien-khai-day-va-hoc-qua-mang-trong-thoi-gian-phong-chong-dich-covid-19?page=3778.html
2025-10-30 14:51:27,173 [INFO] Saved Markdown [daa/quydinh_huongdan/huong-dan-day-va-hoc-online]: daa.uit.edu.vn_thongbao_huong-dan-trien-khai-day-va-hoc-qua-mang-trong-thoi-gian-phong-chong-dich-covid-19?page=3778.md
2025-10-30 14:51:27,192 [INFO] Saved HTML [daa/quydinh_huongdan/huong-dan-day-va-hoc-online]: daa.uit.edu.vn_thongbao_huong-dan-trien-khai-day-va-hoc-qua-mang-trong-thoi-gian-phong-chong-dich-covid-19?page=72.html
2025-10-30 14:51:27,197 [INFO] Saved Markdown [daa/quydinh_huongdan/huong-dan-day-va-hoc-online]: daa.uit.edu.vn_thongbao_huong-dan-trien-khai-day-va-hoc-qua-mang-trong-thoi-gian-phong-chong-dich-covid-19?page=72.md
2025-10-30 14:51:27,217 [INFO] Saved HTML [daa/quydinh_huongdan/huong-dan-day-va-hoc-online]: daa.uit.edu.vn_thongbao_huong-dan-trien-khai-day-va-hoc-qua-mang-trong-thoi-gian-phong-chong-dich-covid-19?page=3775.html
2025-10-30 14:51:27,222 [INFO] Saved Markdown [daa/quydinh_huongdan/huong-dan-day-va-hoc-online]: daa.uit.edu.vn_thongbao_huong-dan-trien-khai-day-va-hoc-qua-mang-trong-thoi-gian-phong-chong-dich-covid-19?page=3775.md
2025-10-30 14:51:27,241 [INFO] Saved HTML [daa/quydinh_huongdan/huong-dan-day-va-hoc-online]: daa.uit.edu.vn_thongbao_huong-dan-trien-khai-day-va-hoc-qua-mang-trong-thoi-gian-phong-chong-dich-covid-19?page=3776.html
2025-10-30 14:51:27,246 [INFO] Saved Markdown [daa/quydinh_huongdan/huong-dan-day-va-hoc-online]: daa.uit.edu.vn_thongbao_huong-dan-trien-khai-day-va-hoc-qua-mang-trong-thoi-gian-phong-chong-dich-covid-19?page=3776.md
2025-10-30 14:51:27,265 [INFO] Saved HTML [daa/quydinh_huongdan/huong-dan-day-va-hoc-online]: daa.uit.edu.vn_thongbao_huong-dan-trien-khai-day-va-hoc-qua-mang-trong-thoi-gian-phong-chong-dich-covid-19?page=3777.html
2025-10-30 14:51:27,271 [INFO] Saved Markdown [daa/quydinh_huongdan/huong-dan-day-va-hoc-online]: daa.uit.edu.vn_thongbao_huong-dan-trien-khai-day-va-hoc-qua-mang-trong-thoi-gian-phong-chong-dich-covid-19?page=3777.md
2025-10-30 14:51:27,290 [INFO] Saved HTML [daa/quydinh_huongdan/huong-dan-day-va-hoc-online]: daa.uit.edu.vn_thongbao_huong-dan-trien-khai-day-va-hoc-qua-mang-trong-thoi-gian-phong-chong-dich-covid-19?page=74.html
2025-10-30 14:51:27,296 [INFO] Saved Markdown [daa/quydinh_huongdan/huong-dan-day-va-hoc-online]: daa.uit.edu.vn_thongbao_huong-dan-trien-khai-day-va-hoc-qua-mang-trong-thoi-gian-phong-chong-dich-covid-19?page=74.md
2025-10-30 14:51:27,315 [INFO] Saved HTML [daa/quydinh_huongdan/huong-dan-day-va-hoc-online]: daa.uit.edu.vn_thongbao_huong-dan-trien-khai-day-va-hoc-qua-mang-trong-thoi-gian-phong-chong-dich-covid-19?page=3774.html
2025-10-30 14:51:27,321 [INFO] Saved Markdown [daa/quydinh_huongdan/huong-dan-day-va-hoc-online]: daa.uit.edu.vn_thongbao_huong-dan-trien-khai-day-va-hoc-qua-mang-trong-thoi-gian-phong-chong-dich-covid-19?page=3774.md
2025-10-30 14:51:27,341 [INFO] Saved HTML [daa/quydinh_huongdan/huong-dan-day-va-hoc-online]: daa.uit.edu.vn_thongbao_huong-dan-trien-khai-day-va-hoc-qua-mang-trong-thoi-gian-phong-chong-dich-covid-19?page=73.html
2025-10-30 14:51:27,347 [INFO] Saved Markdown [daa/quydinh_huongdan/huong-dan-day-va-hoc-online]: daa.uit.edu.vn_thongbao_huong-dan-trien-khai-day-va-hoc-qua-mang-trong-thoi-gian-phong-chong-dich-covid-19?page=73.md
2025-10-30 14:51:27,366 [INFO] Saved HTML [daa/quydinh_huongdan/huong-dan-day-va-hoc-online]: daa.uit.edu.vn_thongbao_huong-dan-trien-khai-day-va-hoc-qua-mang-trong-thoi-gian-phong-chong-dich-covid-19?page=75.html
2025-10-30 14:51:27,371 [INFO] Saved Markdown [daa/quydinh_huongdan/huong-dan-day-va-hoc-online]: daa.uit.edu.vn_thongbao_huong-dan-trien-khai-day-va-hoc-qua-mang-trong-thoi-gian-phong-chong-dich-covid-19?page=75.md
2025-10-30 14:51:27,392 [INFO] Saved HTML [daa/quydinh_huongdan/huong-dan-day-va-hoc-online]: daa.uit.edu.vn_thongbao_huong-dan-trien-khai-day-va-hoc-qua-mang-trong-thoi-gian-phong-chong-dich-covid-19?page=3771.html
2025-10-30 14:51:27,397 [INFO] Saved Markdown [daa/quydinh_huongdan/huong-dan-day-va-hoc-online]: daa.uit.edu.vn_thongbao_huong-dan-trien-khai-day-va-hoc-qua-mang-trong-thoi-gian-phong-chong-dich-covid-19?page=3771.md
2025-10-30 14:51:27,417 [INFO] Saved HTML [daa/quydinh_huongdan/huong-dan-day-va-hoc-online]: daa.uit.edu.vn_thongbao_huong-dan-trien-khai-day-va-hoc-qua-mang-trong-thoi-gian-phong-chong-dich-covid-19?page=3773.html
2025-10-30 14:51:27,423 [INFO] Saved Markdown [daa/quydinh_huongdan/huong-dan-day-va-hoc-online]: daa.uit.edu.vn_thongbao_huong-dan-trien-khai-day-va-hoc-qua-mang-trong-thoi-gian-phong-chong-dich-covid-19?page=3773.md
2025-10-30 14:51:27,446 [INFO] Saved HTML [daa/quydinh_huongdan/huong-dan-day-va-hoc-online]: daa.uit.edu.vn_thongbao_huong-dan-trien-khai-day-va-hoc-qua-mang-trong-thoi-gian-phong-chong-dich-covid-19?page=3772.html
2025-10-30 14:51:27,451 [INFO] Saved Markdown [daa/quydinh_huongdan/huong-dan-day-va-hoc-online]: daa.uit.edu.vn_thongbao_huong-dan-trien-khai-day-va-hoc-qua-mang-trong-thoi-gian-phong-chong-dich-covid-19?page=3772.md
2025-10-30 14:51:27,472 [INFO] Saved HTML [daa/quydinh_huongdan/huong-dan-day-va-hoc-online]: daa.uit.edu.vn_thongbao_huong-dan-trien-khai-day-va-hoc-qua-mang-trong-thoi-gian-phong-chong-dich-covid-19?page=76.html
2025-10-30 14:51:27,478 [INFO] Saved Markdown [daa/quydinh_huongdan/huong-dan-day-va-hoc-online]: daa.uit.edu.vn_thongbao_huong-dan-trien-khai-day-va-hoc-qua-mang-trong-thoi-gian-phong-chong-dich-covid-19?page=76.md
2025-10-30 14:51:27,499 [INFO] Saved HTML [daa/quydinh_huongdan/huong-dan-day-va-hoc-online]: daa.uit.edu.vn_thongbao_huong-dan-trien-khai-day-va-hoc-qua-mang-trong-thoi-gian-phong-chong-dich-covid-19?page=77.html
2025-10-30 14:51:27,506 [INFO] Saved Markdown [daa/quydinh_huongdan/huong-dan-day-va-hoc-online]: daa.uit.edu.vn_thongbao_huong-dan-trien-khai-day-va-hoc-qua-mang-trong-thoi-gian-phong-chong-dich-covid-19?page=77.md
2025-10-30 14:51:27,527 [INFO] Saved HTML [daa/quydinh_huongdan/huong-dan-day-va-hoc-online]: daa.uit.edu.vn_thongbao_huong-dan-trien-khai-day-va-hoc-qua-mang-trong-thoi-gian-phong-chong-dich-covid-19?page=3770.html
2025-10-30 14:51:27,532 [INFO] Saved Markdown [daa/quydinh_huongdan/huong-dan-day-va-hoc-online]: daa.uit.edu.vn_thongbao_huong-dan-trien-khai-day-va-hoc-qua-mang-trong-thoi-gian-phong-chong-dich-covid-19?page=3770.md
2025-10-30 14:51:27,554 [INFO] Saved HTML [daa/quydinh_huongdan/huong-dan-day-va-hoc-online]: daa.uit.edu.vn_thongbao_huong-dan-trien-khai-day-va-hoc-qua-mang-trong-thoi-gian-phong-chong-dich-covid-19?page=78.html
2025-10-30 14:51:27,561 [INFO] Saved Markdown [daa/quydinh_huongdan/huong-dan-day-va-hoc-online]: daa.uit.edu.vn_thongbao_huong-dan-trien-khai-day-va-hoc-qua-mang-trong-thoi-gian-phong-chong-dich-covid-19?page=78.md
2025-10-30 14:51:27,582 [INFO] Saved HTML [daa/quydinh_huongdan/huong-dan-day-va-hoc-online]: daa.uit.edu.vn_thongbao_huong-dan-trien-khai-day-va-hoc-qua-mang-trong-thoi-gian-phong-chong-dich-covid-19?page=79.html
2025-10-30 14:51:27,588 [INFO] Saved Markdown [daa/quydinh_huongdan/huong-dan-day-va-hoc-online]: daa.uit.edu.vn_thongbao_huong-dan-trien-khai-day-va-hoc-qua-mang-trong-thoi-gian-phong-chong-dich-covid-19?page=79.md
2025-10-30 14:51:27,614 [INFO] Saved HTML [daa/quydinh_huongdan/huong-dan-day-va-hoc-online]: daa.uit.edu.vn_thongbao_huong-dan-trien-khai-day-va-hoc-qua-mang-trong-thoi-gian-phong-chong-dich-covid-19?page=3767.html
2025-10-30 14:51:27,622 [INFO] Saved Markdown [daa/quydinh_huongdan/huong-dan-day-va-hoc-online]: daa.uit.edu.vn_thongbao_huong-dan-trien-khai-day-va-hoc-qua-mang-trong-thoi-gian-phong-chong-dich-covid-19?page=3767.md
2025-10-30 14:51:27,646 [INFO] Saved HTML [daa/quydinh_huongdan/huong-dan-day-va-hoc-online]: daa.uit.edu.vn_thongbao_huong-dan-trien-khai-day-va-hoc-qua-mang-trong-thoi-gian-phong-chong-dich-covid-19?page=3768.html
2025-10-30 14:51:27,653 [INFO] Saved Markdown [daa/quydinh_huongdan/huong-dan-day-va-hoc-online]: daa.uit.edu.vn_thongbao_huong-dan-trien-khai-day-va-hoc-qua-mang-trong-thoi-gian-phong-chong-dich-covid-19?page=3768.md
2025-10-30 14:51:27,675 [INFO] Saved HTML [daa/quydinh_huongdan/huong-dan-day-va-hoc-online]: daa.uit.edu.vn_thongbao_huong-dan-trien-khai-day-va-hoc-qua-mang-trong-thoi-gian-phong-chong-dich-covid-19?page=3766.html
2025-10-30 14:51:27,682 [INFO] Saved Markdown [daa/quydinh_huongdan/huong-dan-day-va-hoc-online]: daa.uit.edu.vn_thongbao_huong-dan-trien-khai-day-va-hoc-qua-mang-trong-thoi-gian-phong-chong-dich-covid-19?page=3766.md
2025-10-30 14:51:27,700 [INFO] Saved HTML [daa/quydinh_huongdan/huong-dan-day-va-hoc-online]: daa.uit.edu.vn_thongbao_huong-dan-trien-khai-day-va-hoc-qua-mang-trong-thoi-gian-phong-chong-dich-covid-19?page=81.html
2025-10-30 14:51:27,705 [INFO] Saved Markdown [daa/quydinh_huongdan/huong-dan-day-va-hoc-online]: daa.uit.edu.vn_thongbao_huong-dan-trien-khai-day-va-hoc-qua-mang-trong-thoi-gian-phong-chong-dich-covid-19?page=81.md
2025-10-30 14:51:27,725 [INFO] Saved HTML [daa/quydinh_huongdan/huong-dan-day-va-hoc-online]: daa.uit.edu.vn_thongbao_huong-dan-trien-khai-day-va-hoc-qua-mang-trong-thoi-gian-phong-chong-dich-covid-19?page=80.html
2025-10-30 14:51:27,731 [INFO] Saved Markdown [daa/quydinh_huongdan/huong-dan-day-va-hoc-online]: daa.uit.edu.vn_thongbao_huong-dan-trien-khai-day-va-hoc-qua-mang-trong-thoi-gian-phong-chong-dich-covid-19?page=80.md
2025-10-30 14:51:27,751 [INFO] Saved HTML [daa/quydinh_huongdan/huong-dan-day-va-hoc-online]: daa.uit.edu.vn_thongbao_huong-dan-trien-khai-day-va-hoc-qua-mang-trong-thoi-gian-phong-chong-dich-covid-19?page=3769.html
2025-10-30 14:51:27,757 [INFO] Saved Markdown [daa/quydinh_huongdan/huong-dan-day-va-hoc-online]: daa.uit.edu.vn_thongbao_huong-dan-trien-khai-day-va-hoc-qua-mang-trong-thoi-gian-phong-chong-dich-covid-19?page=3769.md
2025-10-30 14:51:27,776 [INFO] Saved HTML [daa/quydinh_huongdan/huong-dan-day-va-hoc-online]: daa.uit.edu.vn_thongbao_huong-dan-trien-khai-day-va-hoc-qua-mang-trong-thoi-gian-phong-chong-dich-covid-19?page=3763.html
2025-10-30 14:51:27,782 [INFO] Saved Markdown [daa/quydinh_huongdan/huong-dan-day-va-hoc-online]: daa.uit.edu.vn_thongbao_huong-dan-trien-khai-day-va-hoc-qua-mang-trong-thoi-gian-phong-chong-dich-covid-19?page=3763.md
2025-10-30 14:51:27,801 [INFO] Saved HTML [daa/quydinh_huongdan/huong-dan-day-va-hoc-online]: daa.uit.edu.vn_thongbao_huong-dan-trien-khai-day-va-hoc-qua-mang-trong-thoi-gian-phong-chong-dich-covid-19?page=3764.html
2025-10-30 14:51:27,806 [INFO] Saved Markdown [daa/quydinh_huongdan/huong-dan-day-va-hoc-online]: daa.uit.edu.vn_thongbao_huong-dan-trien-khai-day-va-hoc-qua-mang-trong-thoi-gian-phong-chong-dich-covid-19?page=3764.md
2025-10-30 14:51:27,827 [INFO] Saved HTML [daa/quydinh_huongdan/huong-dan-day-va-hoc-online]: daa.uit.edu.vn_thongbao_huong-dan-trien-khai-day-va-hoc-qua-mang-trong-thoi-gian-phong-chong-dich-covid-19?page=3765.html
2025-10-30 14:51:27,833 [INFO] Saved Markdown [daa/quydinh_huongdan/huong-dan-day-va-hoc-online]: daa.uit.edu.vn_thongbao_huong-dan-trien-khai-day-va-hoc-qua-mang-trong-thoi-gian-phong-chong-dich-covid-19?page=3765.md
2025-10-30 14:51:27,856 [INFO] Saved HTML [daa/quydinh_huongdan/huong-dan-day-va-hoc-online]: daa.uit.edu.vn_thongbao_huong-dan-trien-khai-day-va-hoc-qua-mang-trong-thoi-gian-phong-chong-dich-covid-19?page=82.html
2025-10-30 14:51:27,861 [INFO] Saved Markdown [daa/quydinh_huongdan/huong-dan-day-va-hoc-online]: daa.uit.edu.vn_thongbao_huong-dan-trien-khai-day-va-hoc-qua-mang-trong-thoi-gian-phong-chong-dich-covid-19?page=82.md
2025-10-30 14:51:27,881 [INFO] Saved HTML [daa/quydinh_huongdan/huong-dan-day-va-hoc-online]: daa.uit.edu.vn_thongbao_huong-dan-trien-khai-day-va-hoc-qua-mang-trong-thoi-gian-phong-chong-dich-covid-19?page=83.html
2025-10-30 14:51:27,887 [INFO] Saved Markdown [daa/quydinh_huongdan/huong-dan-day-va-hoc-online]: daa.uit.edu.vn_thongbao_huong-dan-trien-khai-day-va-hoc-qua-mang-trong-thoi-gian-phong-chong-dich-covid-19?page=83.md
2025-10-30 14:51:27,910 [INFO] Saved HTML [daa/quydinh_huongdan/huong-dan-day-va-hoc-online]: daa.uit.edu.vn_thongbao_huong-dan-trien-khai-day-va-hoc-qua-mang-trong-thoi-gian-phong-chong-dich-covid-19?page=3762.html
2025-10-30 14:51:27,916 [INFO] Saved Markdown [daa/quydinh_huongdan/huong-dan-day-va-hoc-online]: daa.uit.edu.vn_thongbao_huong-dan-trien-khai-day-va-hoc-qua-mang-trong-thoi-gian-phong-chong-dich-covid-19?page=3762.md
2025-10-30 14:51:27,936 [INFO] Saved HTML [daa/quydinh_huongdan/huong-dan-day-va-hoc-online]: daa.uit.edu.vn_thongbao_huong-dan-trien-khai-day-va-hoc-qua-mang-trong-thoi-gian-phong-chong-dich-covid-19?page=3759.html
2025-10-30 14:51:27,941 [INFO] Saved Markdown [daa/quydinh_huongdan/huong-dan-day-va-hoc-online]: daa.uit.edu.vn_thongbao_huong-dan-trien-khai-day-va-hoc-qua-mang-trong-thoi-gian-phong-chong-dich-covid-19?page=3759.md
2025-10-30 14:51:27,962 [INFO] Saved HTML [daa/quydinh_huongdan/huong-dan-day-va-hoc-online]: daa.uit.edu.vn_thongbao_huong-dan-trien-khai-day-va-hoc-qua-mang-trong-thoi-gian-phong-chong-dich-covid-19?page=3760.html
2025-10-30 14:51:27,967 [INFO] Saved Markdown [daa/quydinh_huongdan/huong-dan-day-va-hoc-online]: daa.uit.edu.vn_thongbao_huong-dan-trien-khai-day-va-hoc-qua-mang-trong-thoi-gian-phong-chong-dich-covid-19?page=3760.md
2025-10-30 14:51:27,989 [INFO] Saved HTML [daa/quydinh_huongdan/huong-dan-day-va-hoc-online]: daa.uit.edu.vn_thongbao_huong-dan-trien-khai-day-va-hoc-qua-mang-trong-thoi-gian-phong-chong-dich-covid-19?page=84.html
2025-10-30 14:51:27,994 [INFO] Saved Markdown [daa/quydinh_huongdan/huong-dan-day-va-hoc-online]: daa.uit.edu.vn_thongbao_huong-dan-trien-khai-day-va-hoc-qua-mang-trong-thoi-gian-phong-chong-dich-covid-19?page=84.md
2025-10-30 14:51:28,016 [INFO] Saved HTML [daa/quydinh_huongdan/huong-dan-day-va-hoc-online]: daa.uit.edu.vn_thongbao_huong-dan-trien-khai-day-va-hoc-qua-mang-trong-thoi-gian-phong-chong-dich-covid-19?page=85.html
2025-10-30 14:51:28,021 [INFO] Saved Markdown [daa/quydinh_huongdan/huong-dan-day-va-hoc-online]: daa.uit.edu.vn_thongbao_huong-dan-trien-khai-day-va-hoc-qua-mang-trong-thoi-gian-phong-chong-dich-covid-19?page=85.md
2025-10-30 14:51:28,043 [INFO] Saved HTML [daa/quydinh_huongdan/huong-dan-day-va-hoc-online]: daa.uit.edu.vn_thongbao_huong-dan-trien-khai-day-va-hoc-qua-mang-trong-thoi-gian-phong-chong-dich-covid-19?page=86.html
2025-10-30 14:51:28,050 [INFO] Saved Markdown [daa/quydinh_huongdan/huong-dan-day-va-hoc-online]: daa.uit.edu.vn_thongbao_huong-dan-trien-khai-day-va-hoc-qua-mang-trong-thoi-gian-phong-chong-dich-covid-19?page=86.md
2025-10-30 14:51:28,077 [INFO] Saved HTML [daa/quydinh_huongdan/huong-dan-day-va-hoc-online]: daa.uit.edu.vn_thongbao_huong-dan-trien-khai-day-va-hoc-qua-mang-trong-thoi-gian-phong-chong-dich-covid-19?page=3761.html
2025-10-30 14:51:28,083 [INFO] Saved Markdown [daa/quydinh_huongdan/huong-dan-day-va-hoc-online]: daa.uit.edu.vn_thongbao_huong-dan-trien-khai-day-va-hoc-qua-mang-trong-thoi-gian-phong-chong-dich-covid-19?page=3761.md
2025-10-30 14:51:28,106 [INFO] Saved HTML [daa/quydinh_huongdan/huong-dan-day-va-hoc-online]: daa.uit.edu.vn_thongbao_huong-dan-trien-khai-day-va-hoc-qua-mang-trong-thoi-gian-phong-chong-dich-covid-19?page=87.html
2025-10-30 14:51:28,111 [INFO] Saved Markdown [daa/quydinh_huongdan/huong-dan-day-va-hoc-online]: daa.uit.edu.vn_thongbao_huong-dan-trien-khai-day-va-hoc-qua-mang-trong-thoi-gian-phong-chong-dich-covid-19?page=87.md
2025-10-30 14:51:28,130 [INFO] Saved HTML [daa/quydinh_huongdan/huong-dan-day-va-hoc-online]: daa.uit.edu.vn_thongbao_huong-dan-trien-khai-day-va-hoc-qua-mang-trong-thoi-gian-phong-chong-dich-covid-19?page=3756.html
2025-10-30 14:51:28,136 [INFO] Saved Markdown [daa/quydinh_huongdan/huong-dan-day-va-hoc-online]: daa.uit.edu.vn_thongbao_huong-dan-trien-khai-day-va-hoc-qua-mang-trong-thoi-gian-phong-chong-dich-covid-19?page=3756.md
2025-10-30 14:51:28,156 [INFO] Saved HTML [daa/quydinh_huongdan/huong-dan-day-va-hoc-online]: daa.uit.edu.vn_thongbao_huong-dan-trien-khai-day-va-hoc-qua-mang-trong-thoi-gian-phong-chong-dich-covid-19?page=3758.html
2025-10-30 14:51:28,163 [INFO] Saved Markdown [daa/quydinh_huongdan/huong-dan-day-va-hoc-online]: daa.uit.edu.vn_thongbao_huong-dan-trien-khai-day-va-hoc-qua-mang-trong-thoi-gian-phong-chong-dich-covid-19?page=3758.md
2025-10-30 14:51:28,184 [INFO] Saved HTML [daa/quydinh_huongdan/huong-dan-day-va-hoc-online]: daa.uit.edu.vn_thongbao_huong-dan-trien-khai-day-va-hoc-qua-mang-trong-thoi-gian-phong-chong-dich-covid-19?page=88.html
2025-10-30 14:51:28,189 [INFO] Saved Markdown [daa/quydinh_huongdan/huong-dan-day-va-hoc-online]: daa.uit.edu.vn_thongbao_huong-dan-trien-khai-day-va-hoc-qua-mang-trong-thoi-gian-phong-chong-dich-covid-19?page=88.md
2025-10-30 14:51:28,211 [INFO] Saved HTML [daa/quydinh_huongdan/huong-dan-day-va-hoc-online]: daa.uit.edu.vn_thongbao_huong-dan-trien-khai-day-va-hoc-qua-mang-trong-thoi-gian-phong-chong-dich-covid-19?page=89.html
2025-10-30 14:51:28,218 [INFO] Saved Markdown [daa/quydinh_huongdan/huong-dan-day-va-hoc-online]: daa.uit.edu.vn_thongbao_huong-dan-trien-khai-day-va-hoc-qua-mang-trong-thoi-gian-phong-chong-dich-covid-19?page=89.md
2025-10-30 14:51:28,237 [INFO] Saved HTML [daa/quydinh_huongdan/huong-dan-day-va-hoc-online]: daa.uit.edu.vn_thongbao_huong-dan-trien-khai-day-va-hoc-qua-mang-trong-thoi-gian-phong-chong-dich-covid-19?page=3755.html
2025-10-30 14:51:28,243 [INFO] Saved Markdown [daa/quydinh_huongdan/huong-dan-day-va-hoc-online]: daa.uit.edu.vn_thongbao_huong-dan-trien-khai-day-va-hoc-qua-mang-trong-thoi-gian-phong-chong-dich-covid-19?page=3755.md
2025-10-30 14:51:28,263 [INFO] Saved HTML [daa/quydinh_huongdan/huong-dan-day-va-hoc-online]: daa.uit.edu.vn_thongbao_huong-dan-trien-khai-day-va-hoc-qua-mang-trong-thoi-gian-phong-chong-dich-covid-19?page=90.html
2025-10-30 14:51:28,268 [INFO] Saved Markdown [daa/quydinh_huongdan/huong-dan-day-va-hoc-online]: daa.uit.edu.vn_thongbao_huong-dan-trien-khai-day-va-hoc-qua-mang-trong-thoi-gian-phong-chong-dich-covid-19?page=90.md
2025-10-30 14:51:28,288 [INFO] Saved HTML [daa/quydinh_huongdan/huong-dan-day-va-hoc-online]: daa.uit.edu.vn_thongbao_huong-dan-trien-khai-day-va-hoc-qua-mang-trong-thoi-gian-phong-chong-dich-covid-19?page=3757.html
2025-10-30 14:51:28,294 [INFO] Saved Markdown [daa/quydinh_huongdan/huong-dan-day-va-hoc-online]: daa.uit.edu.vn_thongbao_huong-dan-trien-khai-day-va-hoc-qua-mang-trong-thoi-gian-phong-chong-dich-covid-19?page=3757.md
2025-10-30 14:51:28,314 [INFO] Saved HTML [daa/quydinh_huongdan/huong-dan-day-va-hoc-online]: daa.uit.edu.vn_thongbao_huong-dan-trien-khai-day-va-hoc-qua-mang-trong-thoi-gian-phong-chong-dich-covid-19?page=91.html
2025-10-30 14:51:28,321 [INFO] Saved Markdown [daa/quydinh_huongdan/huong-dan-day-va-hoc-online]: daa.uit.edu.vn_thongbao_huong-dan-trien-khai-day-va-hoc-qua-mang-trong-thoi-gian-phong-chong-dich-covid-19?page=91.md
2025-10-30 14:51:28,346 [INFO] Saved HTML [daa/quydinh_huongdan/huong-dan-day-va-hoc-online]: daa.uit.edu.vn_thongbao_huong-dan-trien-khai-day-va-hoc-qua-mang-trong-thoi-gian-phong-chong-dich-covid-19?page=3754.html
2025-10-30 14:51:28,353 [INFO] Saved Markdown [daa/quydinh_huongdan/huong-dan-day-va-hoc-online]: daa.uit.edu.vn_thongbao_huong-dan-trien-khai-day-va-hoc-qua-mang-trong-thoi-gian-phong-chong-dich-covid-19?page=3754.md
2025-10-30 14:51:28,375 [INFO] Saved HTML [daa/quydinh_huongdan/huong-dan-day-va-hoc-online]: daa.uit.edu.vn_thongbao_huong-dan-trien-khai-day-va-hoc-qua-mang-trong-thoi-gian-phong-chong-dich-covid-19?page=3753.html
2025-10-30 14:51:28,381 [INFO] Saved Markdown [daa/quydinh_huongdan/huong-dan-day-va-hoc-online]: daa.uit.edu.vn_thongbao_huong-dan-trien-khai-day-va-hoc-qua-mang-trong-thoi-gian-phong-chong-dich-covid-19?page=3753.md
2025-10-30 14:51:28,400 [INFO] Saved HTML [daa/quydinh_huongdan/huong-dan-day-va-hoc-online]: daa.uit.edu.vn_thongbao_huong-dan-trien-khai-day-va-hoc-qua-mang-trong-thoi-gian-phong-chong-dich-covid-19?page=3752.html
2025-10-30 14:51:28,405 [INFO] Saved Markdown [daa/quydinh_huongdan/huong-dan-day-va-hoc-online]: daa.uit.edu.vn_thongbao_huong-dan-trien-khai-day-va-hoc-qua-mang-trong-thoi-gian-phong-chong-dich-covid-19?page=3752.md
2025-10-30 14:51:28,430 [INFO] Saved HTML [daa/quydinh_huongdan/huong-dan-day-va-hoc-online]: daa.uit.edu.vn_thongbao_huong-dan-trien-khai-day-va-hoc-qua-mang-trong-thoi-gian-phong-chong-dich-covid-19?page=92.html
2025-10-30 14:51:28,435 [INFO] Saved Markdown [daa/quydinh_huongdan/huong-dan-day-va-hoc-online]: daa.uit.edu.vn_thongbao_huong-dan-trien-khai-day-va-hoc-qua-mang-trong-thoi-gian-phong-chong-dich-covid-19?page=92.md
2025-10-30 14:51:28,457 [INFO] Saved HTML [daa/quydinh_huongdan/huong-dan-day-va-hoc-online]: daa.uit.edu.vn_thongbao_huong-dan-trien-khai-day-va-hoc-qua-mang-trong-thoi-gian-phong-chong-dich-covid-19?page=3751.html
2025-10-30 14:51:28,463 [INFO] Saved Markdown [daa/quydinh_huongdan/huong-dan-day-va-hoc-online]: daa.uit.edu.vn_thongbao_huong-dan-trien-khai-day-va-hoc-qua-mang-trong-thoi-gian-phong-chong-dich-covid-19?page=3751.md
2025-10-30 14:51:28,483 [INFO] Saved HTML [daa/quydinh_huongdan/huong-dan-day-va-hoc-online]: daa.uit.edu.vn_thongbao_huong-dan-trien-khai-day-va-hoc-qua-mang-trong-thoi-gian-phong-chong-dich-covid-19?page=3749.html
2025-10-30 14:51:28,488 [INFO] Saved Markdown [daa/quydinh_huongdan/huong-dan-day-va-hoc-online]: daa.uit.edu.vn_thongbao_huong-dan-trien-khai-day-va-hoc-qua-mang-trong-thoi-gian-phong-chong-dich-covid-19?page=3749.md
2025-10-30 14:51:28,509 [INFO] Saved HTML [daa/quydinh_huongdan/huong-dan-day-va-hoc-online]: daa.uit.edu.vn_thongbao_huong-dan-trien-khai-day-va-hoc-qua-mang-trong-thoi-gian-phong-chong-dich-covid-19?page=93.html
2025-10-30 14:51:28,515 [INFO] Saved Markdown [daa/quydinh_huongdan/huong-dan-day-va-hoc-online]: daa.uit.edu.vn_thongbao_huong-dan-trien-khai-day-va-hoc-qua-mang-trong-thoi-gian-phong-chong-dich-covid-19?page=93.md
2025-10-30 14:51:28,537 [INFO] Saved HTML [daa/quydinh_huongdan/huong-dan-day-va-hoc-online]: daa.uit.edu.vn_thongbao_huong-dan-trien-khai-day-va-hoc-qua-mang-trong-thoi-gian-phong-chong-dich-covid-19?page=94.html
2025-10-30 14:51:28,542 [INFO] Saved Markdown [daa/quydinh_huongdan/huong-dan-day-va-hoc-online]: daa.uit.edu.vn_thongbao_huong-dan-trien-khai-day-va-hoc-qua-mang-trong-thoi-gian-phong-chong-dich-covid-19?page=94.md
2025-10-30 14:51:28,562 [INFO] Saved HTML [daa/quydinh_huongdan/huong-dan-day-va-hoc-online]: daa.uit.edu.vn_thongbao_huong-dan-trien-khai-day-va-hoc-qua-mang-trong-thoi-gian-phong-chong-dich-covid-19?page=3750.html
2025-10-30 14:51:28,568 [INFO] Saved Markdown [daa/quydinh_huongdan/huong-dan-day-va-hoc-online]: daa.uit.edu.vn_thongbao_huong-dan-trien-khai-day-va-hoc-qua-mang-trong-thoi-gian-phong-chong-dich-covid-19?page=3750.md
2025-10-30 14:51:28,587 [INFO] Saved HTML [daa/quydinh_huongdan/huong-dan-day-va-hoc-online]: daa.uit.edu.vn_thongbao_huong-dan-trien-khai-day-va-hoc-qua-mang-trong-thoi-gian-phong-chong-dich-covid-19?page=3748.html
2025-10-30 14:51:28,592 [INFO] Saved Markdown [daa/quydinh_huongdan/huong-dan-day-va-hoc-online]: daa.uit.edu.vn_thongbao_huong-dan-trien-khai-day-va-hoc-qua-mang-trong-thoi-gian-phong-chong-dich-covid-19?page=3748.md
2025-10-30 14:51:28,614 [INFO] Saved HTML [daa/quydinh_huongdan/huong-dan-day-va-hoc-online]: daa.uit.edu.vn_thongbao_huong-dan-trien-khai-day-va-hoc-qua-mang-trong-thoi-gian-phong-chong-dich-covid-19?page=95.html
2025-10-30 14:51:28,620 [INFO] Saved Markdown [daa/quydinh_huongdan/huong-dan-day-va-hoc-online]: daa.uit.edu.vn_thongbao_huong-dan-trien-khai-day-va-hoc-qua-mang-trong-thoi-gian-phong-chong-dich-covid-19?page=95.md
2025-10-30 14:51:28,642 [INFO] Saved HTML [daa/quydinh_huongdan/huong-dan-day-va-hoc-online]: daa.uit.edu.vn_thongbao_huong-dan-trien-khai-day-va-hoc-qua-mang-trong-thoi-gian-phong-chong-dich-covid-19?page=96.html
2025-10-30 14:51:28,647 [INFO] Saved Markdown [daa/quydinh_huongdan/huong-dan-day-va-hoc-online]: daa.uit.edu.vn_thongbao_huong-dan-trien-khai-day-va-hoc-qua-mang-trong-thoi-gian-phong-chong-dich-covid-19?page=96.md
2025-10-30 14:51:28,665 [INFO] Saved HTML [daa/quydinh_huongdan/huong-dan-day-va-hoc-online]: daa.uit.edu.vn_thongbao_huong-dan-trien-khai-day-va-hoc-qua-mang-trong-thoi-gian-phong-chong-dich-covid-19?page=3745.html
2025-10-30 14:51:28,671 [INFO] Saved Markdown [daa/quydinh_huongdan/huong-dan-day-va-hoc-online]: daa.uit.edu.vn_thongbao_huong-dan-trien-khai-day-va-hoc-qua-mang-trong-thoi-gian-phong-chong-dich-covid-19?page=3745.md
2025-10-30 14:51:28,691 [INFO] Saved HTML [daa/quydinh_huongdan/huong-dan-day-va-hoc-online]: daa.uit.edu.vn_thongbao_huong-dan-trien-khai-day-va-hoc-qua-mang-trong-thoi-gian-phong-chong-dich-covid-19?page=3747.html
2025-10-30 14:51:28,698 [INFO] Saved Markdown [daa/quydinh_huongdan/huong-dan-day-va-hoc-online]: daa.uit.edu.vn_thongbao_huong-dan-trien-khai-day-va-hoc-qua-mang-trong-thoi-gian-phong-chong-dich-covid-19?page=3747.md
2025-10-30 14:51:28,717 [INFO] Saved HTML [daa/quydinh_huongdan/huong-dan-day-va-hoc-online]: daa.uit.edu.vn_thongbao_huong-dan-trien-khai-day-va-hoc-qua-mang-trong-thoi-gian-phong-chong-dich-covid-19?page=98.html
2025-10-30 14:51:28,723 [INFO] Saved Markdown [daa/quydinh_huongdan/huong-dan-day-va-hoc-online]: daa.uit.edu.vn_thongbao_huong-dan-trien-khai-day-va-hoc-qua-mang-trong-thoi-gian-phong-chong-dich-covid-19?page=98.md
2025-10-30 14:51:28,742 [INFO] Saved HTML [daa/quydinh_huongdan/huong-dan-day-va-hoc-online]: daa.uit.edu.vn_thongbao_huong-dan-trien-khai-day-va-hoc-qua-mang-trong-thoi-gian-phong-chong-dich-covid-19?page=97.html
2025-10-30 14:51:28,748 [INFO] Saved Markdown [daa/quydinh_huongdan/huong-dan-day-va-hoc-online]: daa.uit.edu.vn_thongbao_huong-dan-trien-khai-day-va-hoc-qua-mang-trong-thoi-gian-phong-chong-dich-covid-19?page=97.md
2025-10-30 14:51:28,770 [INFO] Saved HTML [daa/quydinh_huongdan/huong-dan-day-va-hoc-online]: daa.uit.edu.vn_thongbao_huong-dan-trien-khai-day-va-hoc-qua-mang-trong-thoi-gian-phong-chong-dich-covid-19?page=3746.html
2025-10-30 14:51:28,775 [INFO] Saved Markdown [daa/quydinh_huongdan/huong-dan-day-va-hoc-online]: daa.uit.edu.vn_thongbao_huong-dan-trien-khai-day-va-hoc-qua-mang-trong-thoi-gian-phong-chong-dich-covid-19?page=3746.md
2025-10-30 14:51:28,794 [INFO] Saved HTML [daa/quydinh_huongdan/huong-dan-day-va-hoc-online]: daa.uit.edu.vn_thongbao_huong-dan-trien-khai-day-va-hoc-qua-mang-trong-thoi-gian-phong-chong-dich-covid-19?page=3744.html
2025-10-30 14:51:28,800 [INFO] Saved Markdown [daa/quydinh_huongdan/huong-dan-day-va-hoc-online]: daa.uit.edu.vn_thongbao_huong-dan-trien-khai-day-va-hoc-qua-mang-trong-thoi-gian-phong-chong-dich-covid-19?page=3744.md
2025-10-30 14:51:28,821 [INFO] Saved HTML [daa/quydinh_huongdan/huong-dan-day-va-hoc-online]: daa.uit.edu.vn_thongbao_huong-dan-trien-khai-day-va-hoc-qua-mang-trong-thoi-gian-phong-chong-dich-covid-19?page=99.html
2025-10-30 14:51:28,825 [INFO] Saved Markdown [daa/quydinh_huongdan/huong-dan-day-va-hoc-online]: daa.uit.edu.vn_thongbao_huong-dan-trien-khai-day-va-hoc-qua-mang-trong-thoi-gian-phong-chong-dich-covid-19?page=99.md
2025-10-30 14:51:28,845 [INFO] Saved HTML [daa/quydinh_huongdan/huong-dan-day-va-hoc-online]: daa.uit.edu.vn_thongbao_huong-dan-trien-khai-day-va-hoc-qua-mang-trong-thoi-gian-phong-chong-dich-covid-19?page=3741.html
2025-10-30 14:51:28,852 [INFO] Saved Markdown [daa/quydinh_huongdan/huong-dan-day-va-hoc-online]: daa.uit.edu.vn_thongbao_huong-dan-trien-khai-day-va-hoc-qua-mang-trong-thoi-gian-phong-chong-dich-covid-19?page=3741.md
2025-10-30 14:51:28,873 [INFO] Saved HTML [daa/quydinh_huongdan/huong-dan-day-va-hoc-online]: daa.uit.edu.vn_thongbao_huong-dan-trien-khai-day-va-hoc-qua-mang-trong-thoi-gian-phong-chong-dich-covid-19?page=3742.html
2025-10-30 14:51:28,879 [INFO] Saved Markdown [daa/quydinh_huongdan/huong-dan-day-va-hoc-online]: daa.uit.edu.vn_thongbao_huong-dan-trien-khai-day-va-hoc-qua-mang-trong-thoi-gian-phong-chong-dich-covid-19?page=3742.md
2025-10-30 14:51:28,898 [INFO] Saved HTML [daa/quydinh_huongdan/huong-dan-day-va-hoc-online]: daa.uit.edu.vn_thongbao_huong-dan-trien-khai-day-va-hoc-qua-mang-trong-thoi-gian-phong-chong-dich-covid-19?page=3743.html
2025-10-30 14:51:28,903 [INFO] Saved Markdown [daa/quydinh_huongdan/huong-dan-day-va-hoc-online]: daa.uit.edu.vn_thongbao_huong-dan-trien-khai-day-va-hoc-qua-mang-trong-thoi-gian-phong-chong-dich-covid-19?page=3743.md
2025-10-30 14:51:28,923 [INFO] Saved HTML [daa/quydinh_huongdan/huong-dan-day-va-hoc-online]: daa.uit.edu.vn_thongbao_huong-dan-trien-khai-day-va-hoc-qua-mang-trong-thoi-gian-phong-chong-dich-covid-19?page=100.html
2025-10-30 14:51:28,928 [INFO] Saved Markdown [daa/quydinh_huongdan/huong-dan-day-va-hoc-online]: daa.uit.edu.vn_thongbao_huong-dan-trien-khai-day-va-hoc-qua-mang-trong-thoi-gian-phong-chong-dich-covid-19?page=100.md
2025-10-30 14:51:28,949 [INFO] Saved HTML [daa/quydinh_huongdan/huong-dan-day-va-hoc-online]: daa.uit.edu.vn_thongbao_huong-dan-trien-khai-day-va-hoc-qua-mang-trong-thoi-gian-phong-chong-dich-covid-19?page=101.html
2025-10-30 14:51:28,954 [INFO] Saved Markdown [daa/quydinh_huongdan/huong-dan-day-va-hoc-online]: daa.uit.edu.vn_thongbao_huong-dan-trien-khai-day-va-hoc-qua-mang-trong-thoi-gian-phong-chong-dich-covid-19?page=101.md
2025-10-30 14:51:28,975 [INFO] Saved HTML [daa/quydinh_huongdan/huong-dan-day-va-hoc-online]: daa.uit.edu.vn_thongbao_huong-dan-trien-khai-day-va-hoc-qua-mang-trong-thoi-gian-phong-chong-dich-covid-19?page=102.html
2025-10-30 14:51:28,980 [INFO] Saved Markdown [daa/quydinh_huongdan/huong-dan-day-va-hoc-online]: daa.uit.edu.vn_thongbao_huong-dan-trien-khai-day-va-hoc-qua-mang-trong-thoi-gian-phong-chong-dich-covid-19?page=102.md
2025-10-30 14:51:28,999 [INFO] Saved HTML [daa/quydinh_huongdan/huong-dan-day-va-hoc-online]: daa.uit.edu.vn_thongbao_huong-dan-trien-khai-day-va-hoc-qua-mang-trong-thoi-gian-phong-chong-dich-covid-19?page=3738.html
2025-10-30 14:51:29,005 [INFO] Saved Markdown [daa/quydinh_huongdan/huong-dan-day-va-hoc-online]: daa.uit.edu.vn_thongbao_huong-dan-trien-khai-day-va-hoc-qua-mang-trong-thoi-gian-phong-chong-dich-covid-19?page=3738.md
2025-10-30 14:51:29,026 [INFO] Saved HTML [daa/quydinh_huongdan/huong-dan-day-va-hoc-online]: daa.uit.edu.vn_thongbao_huong-dan-trien-khai-day-va-hoc-qua-mang-trong-thoi-gian-phong-chong-dich-covid-19?page=3740.html
2025-10-30 14:51:29,032 [INFO] Saved Markdown [daa/quydinh_huongdan/huong-dan-day-va-hoc-online]: daa.uit.edu.vn_thongbao_huong-dan-trien-khai-day-va-hoc-qua-mang-trong-thoi-gian-phong-chong-dich-covid-19?page=3740.md
2025-10-30 14:51:29,052 [INFO] Saved HTML [daa/quydinh_huongdan/huong-dan-day-va-hoc-online]: daa.uit.edu.vn_thongbao_huong-dan-trien-khai-day-va-hoc-qua-mang-trong-thoi-gian-phong-chong-dich-covid-19?page=3737.html
2025-10-30 14:51:29,057 [INFO] Saved Markdown [daa/quydinh_huongdan/huong-dan-day-va-hoc-online]: daa.uit.edu.vn_thongbao_huong-dan-trien-khai-day-va-hoc-qua-mang-trong-thoi-gian-phong-chong-dich-covid-19?page=3737.md
2025-10-30 14:51:29,076 [INFO] Saved HTML [daa/quydinh_huongdan/huong-dan-day-va-hoc-online]: daa.uit.edu.vn_thongbao_huong-dan-trien-khai-day-va-hoc-qua-mang-trong-thoi-gian-phong-chong-dich-covid-19?page=103.html
2025-10-30 14:51:29,082 [INFO] Saved Markdown [daa/quydinh_huongdan/huong-dan-day-va-hoc-online]: daa.uit.edu.vn_thongbao_huong-dan-trien-khai-day-va-hoc-qua-mang-trong-thoi-gian-phong-chong-dich-covid-19?page=103.md
2025-10-30 14:51:29,101 [INFO] Saved HTML [daa/quydinh_huongdan/huong-dan-day-va-hoc-online]: daa.uit.edu.vn_thongbao_huong-dan-trien-khai-day-va-hoc-qua-mang-trong-thoi-gian-phong-chong-dich-covid-19?page=3739.html
2025-10-30 14:51:29,106 [INFO] Saved Markdown [daa/quydinh_huongdan/huong-dan-day-va-hoc-online]: daa.uit.edu.vn_thongbao_huong-dan-trien-khai-day-va-hoc-qua-mang-trong-thoi-gian-phong-chong-dich-covid-19?page=3739.md
2025-10-30 14:51:29,124 [INFO] Saved HTML [daa/quydinh_huongdan/huong-dan-day-va-hoc-online]: daa.uit.edu.vn_thongbao_huong-dan-trien-khai-day-va-hoc-qua-mang-trong-thoi-gian-phong-chong-dich-covid-19?page=106.html
2025-10-30 14:51:29,130 [INFO] Saved Markdown [daa/quydinh_huongdan/huong-dan-day-va-hoc-online]: daa.uit.edu.vn_thongbao_huong-dan-trien-khai-day-va-hoc-qua-mang-trong-thoi-gian-phong-chong-dich-covid-19?page=106.md
2025-10-30 14:51:29,152 [INFO] Saved HTML [daa/quydinh_huongdan/huong-dan-day-va-hoc-online]: daa.uit.edu.vn_thongbao_huong-dan-trien-khai-day-va-hoc-qua-mang-trong-thoi-gian-phong-chong-dich-covid-19?page=105.html
2025-10-30 14:51:29,158 [INFO] Saved Markdown [daa/quydinh_huongdan/huong-dan-day-va-hoc-online]: daa.uit.edu.vn_thongbao_huong-dan-trien-khai-day-va-hoc-qua-mang-trong-thoi-gian-phong-chong-dich-covid-19?page=105.md
2025-10-30 14:51:29,177 [INFO] Saved HTML [daa/quydinh_huongdan/huong-dan-day-va-hoc-online]: daa.uit.edu.vn_thongbao_huong-dan-trien-khai-day-va-hoc-qua-mang-trong-thoi-gian-phong-chong-dich-covid-19?page=104.html
2025-10-30 14:51:29,183 [INFO] Saved Markdown [daa/quydinh_huongdan/huong-dan-day-va-hoc-online]: daa.uit.edu.vn_thongbao_huong-dan-trien-khai-day-va-hoc-qua-mang-trong-thoi-gian-phong-chong-dich-covid-19?page=104.md
2025-10-30 14:51:29,201 [INFO] Saved HTML [daa/quydinh_huongdan/huong-dan-day-va-hoc-online]: daa.uit.edu.vn_thongbao_huong-dan-trien-khai-day-va-hoc-qua-mang-trong-thoi-gian-phong-chong-dich-covid-19?page=3734.html
2025-10-30 14:51:29,207 [INFO] Saved Markdown [daa/quydinh_huongdan/huong-dan-day-va-hoc-online]: daa.uit.edu.vn_thongbao_huong-dan-trien-khai-day-va-hoc-qua-mang-trong-thoi-gian-phong-chong-dich-covid-19?page=3734.md
2025-10-30 14:51:29,227 [INFO] Saved HTML [daa/quydinh_huongdan/huong-dan-day-va-hoc-online]: daa.uit.edu.vn_thongbao_huong-dan-trien-khai-day-va-hoc-qua-mang-trong-thoi-gian-phong-chong-dich-covid-19?page=3736.html
2025-10-30 14:51:29,232 [INFO] Saved Markdown [daa/quydinh_huongdan/huong-dan-day-va-hoc-online]: daa.uit.edu.vn_thongbao_huong-dan-trien-khai-day-va-hoc-qua-mang-trong-thoi-gian-phong-chong-dich-covid-19?page=3736.md
2025-10-30 14:51:29,252 [INFO] Saved HTML [daa/quydinh_huongdan/huong-dan-day-va-hoc-online]: daa.uit.edu.vn_thongbao_huong-dan-trien-khai-day-va-hoc-qua-mang-trong-thoi-gian-phong-chong-dich-covid-19?page=3735.html
2025-10-30 14:51:29,259 [INFO] Saved Markdown [daa/quydinh_huongdan/huong-dan-day-va-hoc-online]: daa.uit.edu.vn_thongbao_huong-dan-trien-khai-day-va-hoc-qua-mang-trong-thoi-gian-phong-chong-dich-covid-19?page=3735.md
2025-10-30 14:51:29,276 [INFO] Saved HTML [daa/quydinh_huongdan/huong-dan-day-va-hoc-online]: daa.uit.edu.vn_thongbao_huong-dan-trien-khai-day-va-hoc-qua-mang-trong-thoi-gian-phong-chong-dich-covid-19?page=107.html
2025-10-30 14:51:29,282 [INFO] Saved Markdown [daa/quydinh_huongdan/huong-dan-day-va-hoc-online]: daa.uit.edu.vn_thongbao_huong-dan-trien-khai-day-va-hoc-qua-mang-trong-thoi-gian-phong-chong-dich-covid-19?page=107.md
2025-10-30 14:51:29,302 [INFO] Saved HTML [daa/quydinh_huongdan/huong-dan-day-va-hoc-online]: daa.uit.edu.vn_thongbao_huong-dan-trien-khai-day-va-hoc-qua-mang-trong-thoi-gian-phong-chong-dich-covid-19?page=3733.html
2025-10-30 14:51:29,308 [INFO] Saved Markdown [daa/quydinh_huongdan/huong-dan-day-va-hoc-online]: daa.uit.edu.vn_thongbao_huong-dan-trien-khai-day-va-hoc-qua-mang-trong-thoi-gian-phong-chong-dich-covid-19?page=3733.md
2025-10-30 14:51:29,326 [INFO] Saved HTML [daa/quydinh_huongdan/huong-dan-day-va-hoc-online]: daa.uit.edu.vn_thongbao_huong-dan-trien-khai-day-va-hoc-qua-mang-trong-thoi-gian-phong-chong-dich-covid-19?page=108.html
2025-10-30 14:51:29,332 [INFO] Saved Markdown [daa/quydinh_huongdan/huong-dan-day-va-hoc-online]: daa.uit.edu.vn_thongbao_huong-dan-trien-khai-day-va-hoc-qua-mang-trong-thoi-gian-phong-chong-dich-covid-19?page=108.md
2025-10-30 14:51:29,352 [INFO] Saved HTML [daa/quydinh_huongdan/huong-dan-day-va-hoc-online]: daa.uit.edu.vn_thongbao_huong-dan-trien-khai-day-va-hoc-qua-mang-trong-thoi-gian-phong-chong-dich-covid-19?page=109.html
2025-10-30 14:51:29,358 [INFO] Saved Markdown [daa/quydinh_huongdan/huong-dan-day-va-hoc-online]: daa.uit.edu.vn_thongbao_huong-dan-trien-khai-day-va-hoc-qua-mang-trong-thoi-gian-phong-chong-dich-covid-19?page=109.md
2025-10-30 14:51:29,378 [INFO] Saved HTML [daa/quydinh_huongdan/huong-dan-day-va-hoc-online]: daa.uit.edu.vn_thongbao_huong-dan-trien-khai-day-va-hoc-qua-mang-trong-thoi-gian-phong-chong-dich-covid-19?page=110.html
2025-10-30 14:51:29,383 [INFO] Saved Markdown [daa/quydinh_huongdan/huong-dan-day-va-hoc-online]: daa.uit.edu.vn_thongbao_huong-dan-trien-khai-day-va-hoc-qua-mang-trong-thoi-gian-phong-chong-dich-covid-19?page=110.md
2025-10-30 14:51:29,402 [INFO] Saved HTML [daa/quydinh_huongdan/huong-dan-day-va-hoc-online]: daa.uit.edu.vn_thongbao_huong-dan-trien-khai-day-va-hoc-qua-mang-trong-thoi-gian-phong-chong-dich-covid-19?page=3730.html
2025-10-30 14:51:29,407 [INFO] Saved Markdown [daa/quydinh_huongdan/huong-dan-day-va-hoc-online]: daa.uit.edu.vn_thongbao_huong-dan-trien-khai-day-va-hoc-qua-mang-trong-thoi-gian-phong-chong-dich-covid-19?page=3730.md
2025-10-30 14:51:29,431 [INFO] Saved HTML [daa/quydinh_huongdan/huong-dan-day-va-hoc-online]: daa.uit.edu.vn_thongbao_huong-dan-trien-khai-day-va-hoc-qua-mang-trong-thoi-gian-phong-chong-dich-covid-19?page=3731.html
2025-10-30 14:51:29,436 [INFO] Saved Markdown [daa/quydinh_huongdan/huong-dan-day-va-hoc-online]: daa.uit.edu.vn_thongbao_huong-dan-trien-khai-day-va-hoc-qua-mang-trong-thoi-gian-phong-chong-dich-covid-19?page=3731.md
2025-10-30 14:51:29,458 [INFO] Saved HTML [daa/quydinh_huongdan/huong-dan-day-va-hoc-online]: daa.uit.edu.vn_thongbao_huong-dan-trien-khai-day-va-hoc-qua-mang-trong-thoi-gian-phong-chong-dich-covid-19?page=3732.html
2025-10-30 14:51:29,463 [INFO] Saved Markdown [daa/quydinh_huongdan/huong-dan-day-va-hoc-online]: daa.uit.edu.vn_thongbao_huong-dan-trien-khai-day-va-hoc-qua-mang-trong-thoi-gian-phong-chong-dich-covid-19?page=3732.md
2025-10-30 14:51:29,484 [INFO] Saved HTML [daa/quydinh_huongdan/huong-dan-day-va-hoc-online]: daa.uit.edu.vn_thongbao_huong-dan-trien-khai-day-va-hoc-qua-mang-trong-thoi-gian-phong-chong-dich-covid-19?page=111.html
2025-10-30 14:51:29,489 [INFO] Saved Markdown [daa/quydinh_huongdan/huong-dan-day-va-hoc-online]: daa.uit.edu.vn_thongbao_huong-dan-trien-khai-day-va-hoc-qua-mang-trong-thoi-gian-phong-chong-dich-covid-19?page=111.md
2025-10-30 14:51:29,511 [INFO] Saved HTML [daa/quydinh_huongdan/huong-dan-day-va-hoc-online]: daa.uit.edu.vn_thongbao_huong-dan-trien-khai-day-va-hoc-qua-mang-trong-thoi-gian-phong-chong-dich-covid-19?page=3729.html
2025-10-30 14:51:29,518 [INFO] Saved Markdown [daa/quydinh_huongdan/huong-dan-day-va-hoc-online]: daa.uit.edu.vn_thongbao_huong-dan-trien-khai-day-va-hoc-qua-mang-trong-thoi-gian-phong-chong-dich-covid-19?page=3729.md
2025-10-30 14:51:29,540 [INFO] Saved HTML [daa/quydinh_huongdan/huong-dan-day-va-hoc-online]: daa.uit.edu.vn_thongbao_huong-dan-trien-khai-day-va-hoc-qua-mang-trong-thoi-gian-phong-chong-dich-covid-19?page=112.html
2025-10-30 14:51:29,546 [INFO] Saved Markdown [daa/quydinh_huongdan/huong-dan-day-va-hoc-online]: daa.uit.edu.vn_thongbao_huong-dan-trien-khai-day-va-hoc-qua-mang-trong-thoi-gian-phong-chong-dich-covid-19?page=112.md
2025-10-30 14:51:29,568 [INFO] Saved HTML [daa/quydinh_huongdan/huong-dan-day-va-hoc-online]: daa.uit.edu.vn_thongbao_huong-dan-trien-khai-day-va-hoc-qua-mang-trong-thoi-gian-phong-chong-dich-covid-19?page=113.html
2025-10-30 14:51:29,572 [INFO] Saved Markdown [daa/quydinh_huongdan/huong-dan-day-va-hoc-online]: daa.uit.edu.vn_thongbao_huong-dan-trien-khai-day-va-hoc-qua-mang-trong-thoi-gian-phong-chong-dich-covid-19?page=113.md
2025-10-30 14:51:29,592 [INFO] Saved HTML [daa/quydinh_huongdan/huong-dan-day-va-hoc-online]: daa.uit.edu.vn_thongbao_huong-dan-trien-khai-day-va-hoc-qua-mang-trong-thoi-gian-phong-chong-dich-covid-19?page=114.html
2025-10-30 14:51:29,598 [INFO] Saved Markdown [daa/quydinh_huongdan/huong-dan-day-va-hoc-online]: daa.uit.edu.vn_thongbao_huong-dan-trien-khai-day-va-hoc-qua-mang-trong-thoi-gian-phong-chong-dich-covid-19?page=114.md
2025-10-30 14:51:29,619 [INFO] Saved HTML [daa/quydinh_huongdan/huong-dan-day-va-hoc-online]: daa.uit.edu.vn_thongbao_huong-dan-trien-khai-day-va-hoc-qua-mang-trong-thoi-gian-phong-chong-dich-covid-19?page=3726.html
2025-10-30 14:51:29,625 [INFO] Saved Markdown [daa/quydinh_huongdan/huong-dan-day-va-hoc-online]: daa.uit.edu.vn_thongbao_huong-dan-trien-khai-day-va-hoc-qua-mang-trong-thoi-gian-phong-chong-dich-covid-19?page=3726.md
2025-10-30 14:51:29,644 [INFO] Saved HTML [daa/quydinh_huongdan/huong-dan-day-va-hoc-online]: daa.uit.edu.vn_thongbao_huong-dan-trien-khai-day-va-hoc-qua-mang-trong-thoi-gian-phong-chong-dich-covid-19?page=3727.html
2025-10-30 14:51:29,649 [INFO] Saved Markdown [daa/quydinh_huongdan/huong-dan-day-va-hoc-online]: daa.uit.edu.vn_thongbao_huong-dan-trien-khai-day-va-hoc-qua-mang-trong-thoi-gian-phong-chong-dich-covid-19?page=3727.md
2025-10-30 14:51:29,670 [INFO] Saved HTML [daa/quydinh_huongdan/huong-dan-day-va-hoc-online]: daa.uit.edu.vn_thongbao_huong-dan-trien-khai-day-va-hoc-qua-mang-trong-thoi-gian-phong-chong-dich-covid-19?page=115.html
2025-10-30 14:51:29,675 [INFO] Saved Markdown [daa/quydinh_huongdan/huong-dan-day-va-hoc-online]: daa.uit.edu.vn_thongbao_huong-dan-trien-khai-day-va-hoc-qua-mang-trong-thoi-gian-phong-chong-dich-covid-19?page=115.md
2025-10-30 14:51:29,693 [INFO] Saved HTML [daa/quydinh_huongdan/huong-dan-day-va-hoc-online]: daa.uit.edu.vn_thongbao_huong-dan-trien-khai-day-va-hoc-qua-mang-trong-thoi-gian-phong-chong-dich-covid-19?page=3725.html
2025-10-30 14:51:29,699 [INFO] Saved Markdown [daa/quydinh_huongdan/huong-dan-day-va-hoc-online]: daa.uit.edu.vn_thongbao_huong-dan-trien-khai-day-va-hoc-qua-mang-trong-thoi-gian-phong-chong-dich-covid-19?page=3725.md
2025-10-30 14:51:29,720 [INFO] Saved HTML [daa/quydinh_huongdan/huong-dan-day-va-hoc-online]: daa.uit.edu.vn_thongbao_huong-dan-trien-khai-day-va-hoc-qua-mang-trong-thoi-gian-phong-chong-dich-covid-19?page=3728.html
2025-10-30 14:51:29,725 [INFO] Saved Markdown [daa/quydinh_huongdan/huong-dan-day-va-hoc-online]: daa.uit.edu.vn_thongbao_huong-dan-trien-khai-day-va-hoc-qua-mang-trong-thoi-gian-phong-chong-dich-covid-19?page=3728.md
2025-10-30 14:51:29,745 [INFO] Saved HTML [daa/quydinh_huongdan/huong-dan-day-va-hoc-online]: daa.uit.edu.vn_thongbao_huong-dan-trien-khai-day-va-hoc-qua-mang-trong-thoi-gian-phong-chong-dich-covid-19?page=117.html
2025-10-30 14:51:29,750 [INFO] Saved Markdown [daa/quydinh_huongdan/huong-dan-day-va-hoc-online]: daa.uit.edu.vn_thongbao_huong-dan-trien-khai-day-va-hoc-qua-mang-trong-thoi-gian-phong-chong-dich-covid-19?page=117.md
2025-10-30 14:51:29,770 [INFO] Saved HTML [daa/quydinh_huongdan/huong-dan-day-va-hoc-online]: daa.uit.edu.vn_thongbao_huong-dan-trien-khai-day-va-hoc-qua-mang-trong-thoi-gian-phong-chong-dich-covid-19?page=116.html
2025-10-30 14:51:29,775 [INFO] Saved Markdown [daa/quydinh_huongdan/huong-dan-day-va-hoc-online]: daa.uit.edu.vn_thongbao_huong-dan-trien-khai-day-va-hoc-qua-mang-trong-thoi-gian-phong-chong-dich-covid-19?page=116.md
2025-10-30 14:51:29,794 [INFO] Saved HTML [daa/quydinh_huongdan/huong-dan-day-va-hoc-online]: daa.uit.edu.vn_thongbao_huong-dan-trien-khai-day-va-hoc-qua-mang-trong-thoi-gian-phong-chong-dich-covid-19?page=118.html
2025-10-30 14:51:29,800 [INFO] Saved Markdown [daa/quydinh_huongdan/huong-dan-day-va-hoc-online]: daa.uit.edu.vn_thongbao_huong-dan-trien-khai-day-va-hoc-qua-mang-trong-thoi-gian-phong-chong-dich-covid-19?page=118.md
2025-10-30 14:51:29,818 [INFO] Saved HTML [daa/quydinh_huongdan/huong-dan-day-va-hoc-online]: daa.uit.edu.vn_thongbao_huong-dan-trien-khai-day-va-hoc-qua-mang-trong-thoi-gian-phong-chong-dich-covid-19?page=3722.html
2025-10-30 14:51:29,823 [INFO] Saved Markdown [daa/quydinh_huongdan/huong-dan-day-va-hoc-online]: daa.uit.edu.vn_thongbao_huong-dan-trien-khai-day-va-hoc-qua-mang-trong-thoi-gian-phong-chong-dich-covid-19?page=3722.md
2025-10-30 14:51:29,843 [INFO] Saved HTML [daa/quydinh_huongdan/huong-dan-day-va-hoc-online]: daa.uit.edu.vn_thongbao_huong-dan-trien-khai-day-va-hoc-qua-mang-trong-thoi-gian-phong-chong-dich-covid-19?page=3723.html
2025-10-30 14:51:29,850 [INFO] Saved Markdown [daa/quydinh_huongdan/huong-dan-day-va-hoc-online]: daa.uit.edu.vn_thongbao_huong-dan-trien-khai-day-va-hoc-qua-mang-trong-thoi-gian-phong-chong-dich-covid-19?page=3723.md
2025-10-30 14:51:29,869 [INFO] Saved HTML [daa/quydinh_huongdan/huong-dan-day-va-hoc-online]: daa.uit.edu.vn_thongbao_huong-dan-trien-khai-day-va-hoc-qua-mang-trong-thoi-gian-phong-chong-dich-covid-19?page=3724.html
2025-10-30 14:51:29,874 [INFO] Saved Markdown [daa/quydinh_huongdan/huong-dan-day-va-hoc-online]: daa.uit.edu.vn_thongbao_huong-dan-trien-khai-day-va-hoc-qua-mang-trong-thoi-gian-phong-chong-dich-covid-19?page=3724.md
2025-10-30 14:51:29,895 [INFO] Saved HTML [daa/quydinh_huongdan/huong-dan-day-va-hoc-online]: daa.uit.edu.vn_thongbao_huong-dan-trien-khai-day-va-hoc-qua-mang-trong-thoi-gian-phong-chong-dich-covid-19?page=119.html
2025-10-30 14:51:29,900 [INFO] Saved Markdown [daa/quydinh_huongdan/huong-dan-day-va-hoc-online]: daa.uit.edu.vn_thongbao_huong-dan-trien-khai-day-va-hoc-qua-mang-trong-thoi-gian-phong-chong-dich-covid-19?page=119.md
2025-10-30 14:51:29,919 [INFO] Saved HTML [daa/quydinh_huongdan/huong-dan-day-va-hoc-online]: daa.uit.edu.vn_thongbao_huong-dan-trien-khai-day-va-hoc-qua-mang-trong-thoi-gian-phong-chong-dich-covid-19?page=121.html
2025-10-30 14:51:29,925 [INFO] Saved Markdown [daa/quydinh_huongdan/huong-dan-day-va-hoc-online]: daa.uit.edu.vn_thongbao_huong-dan-trien-khai-day-va-hoc-qua-mang-trong-thoi-gian-phong-chong-dich-covid-19?page=121.md
2025-10-30 14:51:29,944 [INFO] Saved HTML [daa/quydinh_huongdan/huong-dan-day-va-hoc-online]: daa.uit.edu.vn_thongbao_huong-dan-trien-khai-day-va-hoc-qua-mang-trong-thoi-gian-phong-chong-dich-covid-19?page=122.html
2025-10-30 14:51:29,950 [INFO] Saved Markdown [daa/quydinh_huongdan/huong-dan-day-va-hoc-online]: daa.uit.edu.vn_thongbao_huong-dan-trien-khai-day-va-hoc-qua-mang-trong-thoi-gian-phong-chong-dich-covid-19?page=122.md
2025-10-30 14:51:29,970 [INFO] Saved HTML [daa/quydinh_huongdan/huong-dan-day-va-hoc-online]: daa.uit.edu.vn_thongbao_huong-dan-trien-khai-day-va-hoc-qua-mang-trong-thoi-gian-phong-chong-dich-covid-19?page=3721.html
2025-10-30 14:51:29,975 [INFO] Saved Markdown [daa/quydinh_huongdan/huong-dan-day-va-hoc-online]: daa.uit.edu.vn_thongbao_huong-dan-trien-khai-day-va-hoc-qua-mang-trong-thoi-gian-phong-chong-dich-covid-19?page=3721.md
2025-10-30 14:51:29,995 [INFO] Saved HTML [daa/quydinh_huongdan/huong-dan-day-va-hoc-online]: daa.uit.edu.vn_thongbao_huong-dan-trien-khai-day-va-hoc-qua-mang-trong-thoi-gian-phong-chong-dich-covid-19?page=120.html
2025-10-30 14:51:30,002 [INFO] Saved Markdown [daa/quydinh_huongdan/huong-dan-day-va-hoc-online]: daa.uit.edu.vn_thongbao_huong-dan-trien-khai-day-va-hoc-qua-mang-trong-thoi-gian-phong-chong-dich-covid-19?page=120.md
2025-10-30 14:51:30,023 [INFO] Saved HTML [daa/quydinh_huongdan/huong-dan-day-va-hoc-online]: daa.uit.edu.vn_thongbao_huong-dan-trien-khai-day-va-hoc-qua-mang-trong-thoi-gian-phong-chong-dich-covid-19?page=3718.html
2025-10-30 14:51:30,028 [INFO] Saved Markdown [daa/quydinh_huongdan/huong-dan-day-va-hoc-online]: daa.uit.edu.vn_thongbao_huong-dan-trien-khai-day-va-hoc-qua-mang-trong-thoi-gian-phong-chong-dich-covid-19?page=3718.md
2025-10-30 14:51:30,049 [INFO] Saved HTML [daa/quydinh_huongdan/huong-dan-day-va-hoc-online]: daa.uit.edu.vn_thongbao_huong-dan-trien-khai-day-va-hoc-qua-mang-trong-thoi-gian-phong-chong-dich-covid-19?page=3719.html
2025-10-30 14:51:30,054 [INFO] Saved Markdown [daa/quydinh_huongdan/huong-dan-day-va-hoc-online]: daa.uit.edu.vn_thongbao_huong-dan-trien-khai-day-va-hoc-qua-mang-trong-thoi-gian-phong-chong-dich-covid-19?page=3719.md
2025-10-30 14:51:30,076 [INFO] Saved HTML [daa/quydinh_huongdan/huong-dan-day-va-hoc-online]: daa.uit.edu.vn_thongbao_huong-dan-trien-khai-day-va-hoc-qua-mang-trong-thoi-gian-phong-chong-dich-covid-19?page=3720.html
2025-10-30 14:51:30,082 [INFO] Saved Markdown [daa/quydinh_huongdan/huong-dan-day-va-hoc-online]: daa.uit.edu.vn_thongbao_huong-dan-trien-khai-day-va-hoc-qua-mang-trong-thoi-gian-phong-chong-dich-covid-19?page=3720.md
2025-10-30 14:51:30,101 [INFO] Saved HTML [daa/quydinh_huongdan/huong-dan-day-va-hoc-online]: daa.uit.edu.vn_thongbao_huong-dan-trien-khai-day-va-hoc-qua-mang-trong-thoi-gian-phong-chong-dich-covid-19?page=123.html
2025-10-30 14:51:30,105 [INFO] Saved Markdown [daa/quydinh_huongdan/huong-dan-day-va-hoc-online]: daa.uit.edu.vn_thongbao_huong-dan-trien-khai-day-va-hoc-qua-mang-trong-thoi-gian-phong-chong-dich-covid-19?page=123.md
2025-10-30 14:51:30,124 [INFO] Saved HTML [daa/quydinh_huongdan/huong-dan-day-va-hoc-online]: daa.uit.edu.vn_thongbao_huong-dan-trien-khai-day-va-hoc-qua-mang-trong-thoi-gian-phong-chong-dich-covid-19?page=124.html
2025-10-30 14:51:30,129 [INFO] Saved Markdown [daa/quydinh_huongdan/huong-dan-day-va-hoc-online]: daa.uit.edu.vn_thongbao_huong-dan-trien-khai-day-va-hoc-qua-mang-trong-thoi-gian-phong-chong-dich-covid-19?page=124.md
2025-10-30 14:51:30,146 [INFO] Saved HTML [daa/quydinh_huongdan/huong-dan-day-va-hoc-online]: daa.uit.edu.vn_thongbao_huong-dan-trien-khai-day-va-hoc-qua-mang-trong-thoi-gian-phong-chong-dich-covid-19?page=125.html
2025-10-30 14:51:30,151 [INFO] Saved Markdown [daa/quydinh_huongdan/huong-dan-day-va-hoc-online]: daa.uit.edu.vn_thongbao_huong-dan-trien-khai-day-va-hoc-qua-mang-trong-thoi-gian-phong-chong-dich-covid-19?page=125.md
2025-10-30 14:51:30,171 [INFO] Saved HTML [daa/quydinh_huongdan/huong-dan-day-va-hoc-online]: daa.uit.edu.vn_thongbao_huong-dan-trien-khai-day-va-hoc-qua-mang-trong-thoi-gian-phong-chong-dich-covid-19?page=3717.html
2025-10-30 14:51:30,177 [INFO] Saved Markdown [daa/quydinh_huongdan/huong-dan-day-va-hoc-online]: daa.uit.edu.vn_thongbao_huong-dan-trien-khai-day-va-hoc-qua-mang-trong-thoi-gian-phong-chong-dich-covid-19?page=3717.md
2025-10-30 14:51:30,198 [INFO] Saved HTML [daa/quydinh_huongdan/huong-dan-day-va-hoc-online]: daa.uit.edu.vn_thongbao_huong-dan-trien-khai-day-va-hoc-qua-mang-trong-thoi-gian-phong-chong-dich-covid-19?page=3714.html
2025-10-30 14:51:30,203 [INFO] Saved Markdown [daa/quydinh_huongdan/huong-dan-day-va-hoc-online]: daa.uit.edu.vn_thongbao_huong-dan-trien-khai-day-va-hoc-qua-mang-trong-thoi-gian-phong-chong-dich-covid-19?page=3714.md
2025-10-30 14:51:30,222 [INFO] Saved HTML [daa/quydinh_huongdan/huong-dan-day-va-hoc-online]: daa.uit.edu.vn_thongbao_huong-dan-trien-khai-day-va-hoc-qua-mang-trong-thoi-gian-phong-chong-dich-covid-19?page=3715.html
2025-10-30 14:51:30,227 [INFO] Saved Markdown [daa/quydinh_huongdan/huong-dan-day-va-hoc-online]: daa.uit.edu.vn_thongbao_huong-dan-trien-khai-day-va-hoc-qua-mang-trong-thoi-gian-phong-chong-dich-covid-19?page=3715.md
2025-10-30 14:51:30,247 [INFO] Saved HTML [daa/quydinh_huongdan/huong-dan-day-va-hoc-online]: daa.uit.edu.vn_thongbao_huong-dan-trien-khai-day-va-hoc-qua-mang-trong-thoi-gian-phong-chong-dich-covid-19?page=126.html
2025-10-30 14:51:30,253 [INFO] Saved Markdown [daa/quydinh_huongdan/huong-dan-day-va-hoc-online]: daa.uit.edu.vn_thongbao_huong-dan-trien-khai-day-va-hoc-qua-mang-trong-thoi-gian-phong-chong-dich-covid-19?page=126.md
2025-10-30 14:51:30,274 [INFO] Saved HTML [daa/quydinh_huongdan/huong-dan-day-va-hoc-online]: daa.uit.edu.vn_thongbao_huong-dan-trien-khai-day-va-hoc-qua-mang-trong-thoi-gian-phong-chong-dich-covid-19?page=3716.html
2025-10-30 14:51:30,279 [INFO] Saved Markdown [daa/quydinh_huongdan/huong-dan-day-va-hoc-online]: daa.uit.edu.vn_thongbao_huong-dan-trien-khai-day-va-hoc-qua-mang-trong-thoi-gian-phong-chong-dich-covid-19?page=3716.md
2025-10-30 14:51:30,299 [INFO] Saved HTML [daa/quydinh_huongdan/huong-dan-day-va-hoc-online]: daa.uit.edu.vn_thongbao_huong-dan-trien-khai-day-va-hoc-qua-mang-trong-thoi-gian-phong-chong-dich-covid-19?page=3713.html
2025-10-30 14:51:30,303 [INFO] Saved Markdown [daa/quydinh_huongdan/huong-dan-day-va-hoc-online]: daa.uit.edu.vn_thongbao_huong-dan-trien-khai-day-va-hoc-qua-mang-trong-thoi-gian-phong-chong-dich-covid-19?page=3713.md
2025-10-30 14:51:30,322 [INFO] Saved HTML [daa/quydinh_huongdan/huong-dan-day-va-hoc-online]: daa.uit.edu.vn_thongbao_huong-dan-trien-khai-day-va-hoc-qua-mang-trong-thoi-gian-phong-chong-dich-covid-19?page=3711.html
2025-10-30 14:51:30,327 [INFO] Saved Markdown [daa/quydinh_huongdan/huong-dan-day-va-hoc-online]: daa.uit.edu.vn_thongbao_huong-dan-trien-khai-day-va-hoc-qua-mang-trong-thoi-gian-phong-chong-dich-covid-19?page=3711.md
2025-10-30 14:51:30,345 [INFO] Saved HTML [daa/quydinh_huongdan/huong-dan-day-va-hoc-online]: daa.uit.edu.vn_thongbao_huong-dan-trien-khai-day-va-hoc-qua-mang-trong-thoi-gian-phong-chong-dich-covid-19?page=3712.html
2025-10-30 14:51:30,350 [INFO] Saved Markdown [daa/quydinh_huongdan/huong-dan-day-va-hoc-online]: daa.uit.edu.vn_thongbao_huong-dan-trien-khai-day-va-hoc-qua-mang-trong-thoi-gian-phong-chong-dich-covid-19?page=3712.md
2025-10-30 14:51:30,367 [INFO] Saved HTML [daa/quydinh_huongdan/huong-dan-day-va-hoc-online]: daa.uit.edu.vn_thongbao_huong-dan-trien-khai-day-va-hoc-qua-mang-trong-thoi-gian-phong-chong-dich-covid-19?page=3710.html
2025-10-30 14:51:30,372 [INFO] Saved Markdown [daa/quydinh_huongdan/huong-dan-day-va-hoc-online]: daa.uit.edu.vn_thongbao_huong-dan-trien-khai-day-va-hoc-qua-mang-trong-thoi-gian-phong-chong-dich-covid-19?page=3710.md
2025-10-30 14:51:30,391 [INFO] Saved HTML [daa/quydinh_huongdan/huong-dan-day-va-hoc-online]: daa.uit.edu.vn_thongbao_huong-dan-trien-khai-day-va-hoc-qua-mang-trong-thoi-gian-phong-chong-dich-covid-19?page=127.html
2025-10-30 14:51:30,396 [INFO] Saved Markdown [daa/quydinh_huongdan/huong-dan-day-va-hoc-online]: daa.uit.edu.vn_thongbao_huong-dan-trien-khai-day-va-hoc-qua-mang-trong-thoi-gian-phong-chong-dich-covid-19?page=127.md
2025-10-30 14:51:30,418 [INFO] Saved HTML [daa/quydinh_huongdan/huong-dan-day-va-hoc-online]: daa.uit.edu.vn_thongbao_huong-dan-trien-khai-day-va-hoc-qua-mang-trong-thoi-gian-phong-chong-dich-covid-19?page=130.html
2025-10-30 14:51:30,425 [INFO] Saved Markdown [daa/quydinh_huongdan/huong-dan-day-va-hoc-online]: daa.uit.edu.vn_thongbao_huong-dan-trien-khai-day-va-hoc-qua-mang-trong-thoi-gian-phong-chong-dich-covid-19?page=130.md
2025-10-30 14:51:30,445 [INFO] Saved HTML [daa/quydinh_huongdan/huong-dan-day-va-hoc-online]: daa.uit.edu.vn_thongbao_huong-dan-trien-khai-day-va-hoc-qua-mang-trong-thoi-gian-phong-chong-dich-covid-19?page=128.html
2025-10-30 14:51:30,452 [INFO] Saved Markdown [daa/quydinh_huongdan/huong-dan-day-va-hoc-online]: daa.uit.edu.vn_thongbao_huong-dan-trien-khai-day-va-hoc-qua-mang-trong-thoi-gian-phong-chong-dich-covid-19?page=128.md
2025-10-30 14:51:30,474 [INFO] Saved HTML [daa/quydinh_huongdan/huong-dan-day-va-hoc-online]: daa.uit.edu.vn_thongbao_huong-dan-trien-khai-day-va-hoc-qua-mang-trong-thoi-gian-phong-chong-dich-covid-19?page=129.html
2025-10-30 14:51:30,479 [INFO] Saved Markdown [daa/quydinh_huongdan/huong-dan-day-va-hoc-online]: daa.uit.edu.vn_thongbao_huong-dan-trien-khai-day-va-hoc-qua-mang-trong-thoi-gian-phong-chong-dich-covid-19?page=129.md
2025-10-30 14:51:30,499 [INFO] Saved HTML [daa/quydinh_huongdan/huong-dan-day-va-hoc-online]: daa.uit.edu.vn_thongbao_huong-dan-trien-khai-day-va-hoc-qua-mang-trong-thoi-gian-phong-chong-dich-covid-19?page=131.html
2025-10-30 14:51:30,505 [INFO] Saved Markdown [daa/quydinh_huongdan/huong-dan-day-va-hoc-online]: daa.uit.edu.vn_thongbao_huong-dan-trien-khai-day-va-hoc-qua-mang-trong-thoi-gian-phong-chong-dich-covid-19?page=131.md
2025-10-30 14:51:30,524 [INFO] Saved HTML [daa/quydinh_huongdan/huong-dan-day-va-hoc-online]: daa.uit.edu.vn_thongbao_huong-dan-trien-khai-day-va-hoc-qua-mang-trong-thoi-gian-phong-chong-dich-covid-19?page=134.html
2025-10-30 14:51:30,529 [INFO] Saved Markdown [daa/quydinh_huongdan/huong-dan-day-va-hoc-online]: daa.uit.edu.vn_thongbao_huong-dan-trien-khai-day-va-hoc-qua-mang-trong-thoi-gian-phong-chong-dich-covid-19?page=134.md
2025-10-30 14:51:30,549 [INFO] Saved HTML [daa/quydinh_huongdan/huong-dan-day-va-hoc-online]: daa.uit.edu.vn_thongbao_huong-dan-trien-khai-day-va-hoc-qua-mang-trong-thoi-gian-phong-chong-dich-covid-19?page=133.html
2025-10-30 14:51:30,555 [INFO] Saved Markdown [daa/quydinh_huongdan/huong-dan-day-va-hoc-online]: daa.uit.edu.vn_thongbao_huong-dan-trien-khai-day-va-hoc-qua-mang-trong-thoi-gian-phong-chong-dich-covid-19?page=133.md
2025-10-30 14:51:30,573 [INFO] Saved HTML [daa/quydinh_huongdan/huong-dan-day-va-hoc-online]: daa.uit.edu.vn_thongbao_huong-dan-trien-khai-day-va-hoc-qua-mang-trong-thoi-gian-phong-chong-dich-covid-19?page=132.html
2025-10-30 14:51:30,580 [INFO] Saved Markdown [daa/quydinh_huongdan/huong-dan-day-va-hoc-online]: daa.uit.edu.vn_thongbao_huong-dan-trien-khai-day-va-hoc-qua-mang-trong-thoi-gian-phong-chong-dich-covid-19?page=132.md
2025-10-30 14:51:30,603 [INFO] Saved HTML [daa/quydinh_huongdan/huong-dan-day-va-hoc-online]: daa.uit.edu.vn_thongbao_huong-dan-trien-khai-day-va-hoc-qua-mang-trong-thoi-gian-phong-chong-dich-covid-19?page=137.html
2025-10-30 14:51:30,610 [INFO] Saved Markdown [daa/quydinh_huongdan/huong-dan-day-va-hoc-online]: daa.uit.edu.vn_thongbao_huong-dan-trien-khai-day-va-hoc-qua-mang-trong-thoi-gian-phong-chong-dich-covid-19?page=137.md
2025-10-30 14:51:30,632 [INFO] Saved HTML [daa/quydinh_huongdan/huong-dan-day-va-hoc-online]: daa.uit.edu.vn_thongbao_huong-dan-trien-khai-day-va-hoc-qua-mang-trong-thoi-gian-phong-chong-dich-covid-19?page=138.html
2025-10-30 14:51:30,637 [INFO] Saved Markdown [daa/quydinh_huongdan/huong-dan-day-va-hoc-online]: daa.uit.edu.vn_thongbao_huong-dan-trien-khai-day-va-hoc-qua-mang-trong-thoi-gian-phong-chong-dich-covid-19?page=138.md
2025-10-30 14:51:30,659 [INFO] Saved HTML [daa/quydinh_huongdan/huong-dan-day-va-hoc-online]: daa.uit.edu.vn_thongbao_huong-dan-trien-khai-day-va-hoc-qua-mang-trong-thoi-gian-phong-chong-dich-covid-19?page=135.html
2025-10-30 14:51:30,665 [INFO] Saved Markdown [daa/quydinh_huongdan/huong-dan-day-va-hoc-online]: daa.uit.edu.vn_thongbao_huong-dan-trien-khai-day-va-hoc-qua-mang-trong-thoi-gian-phong-chong-dich-covid-19?page=135.md
2025-10-30 14:51:30,684 [INFO] Saved HTML [daa/quydinh_huongdan/huong-dan-day-va-hoc-online]: daa.uit.edu.vn_thongbao_huong-dan-trien-khai-day-va-hoc-qua-mang-trong-thoi-gian-phong-chong-dich-covid-19?page=136.html
2025-10-30 14:51:30,690 [INFO] Saved Markdown [daa/quydinh_huongdan/huong-dan-day-va-hoc-online]: daa.uit.edu.vn_thongbao_huong-dan-trien-khai-day-va-hoc-qua-mang-trong-thoi-gian-phong-chong-dich-covid-19?page=136.md
2025-10-30 14:51:30,711 [INFO] Saved HTML [daa/quydinh_huongdan/huong-dan-day-va-hoc-online]: daa.uit.edu.vn_thongbao_huong-dan-trien-khai-day-va-hoc-qua-mang-trong-thoi-gian-phong-chong-dich-covid-19?page=141.html
2025-10-30 14:51:30,718 [INFO] Saved Markdown [daa/quydinh_huongdan/huong-dan-day-va-hoc-online]: daa.uit.edu.vn_thongbao_huong-dan-trien-khai-day-va-hoc-qua-mang-trong-thoi-gian-phong-chong-dich-covid-19?page=141.md
2025-10-30 14:51:30,740 [INFO] Saved HTML [daa/quydinh_huongdan/huong-dan-day-va-hoc-online]: daa.uit.edu.vn_thongbao_huong-dan-trien-khai-day-va-hoc-qua-mang-trong-thoi-gian-phong-chong-dich-covid-19?page=142.html
2025-10-30 14:51:30,744 [INFO] Saved Markdown [daa/quydinh_huongdan/huong-dan-day-va-hoc-online]: daa.uit.edu.vn_thongbao_huong-dan-trien-khai-day-va-hoc-qua-mang-trong-thoi-gian-phong-chong-dich-covid-19?page=142.md
2025-10-30 14:51:30,763 [INFO] Saved HTML [daa/quydinh_huongdan/huong-dan-day-va-hoc-online]: daa.uit.edu.vn_thongbao_huong-dan-trien-khai-day-va-hoc-qua-mang-trong-thoi-gian-phong-chong-dich-covid-19?page=139.html
2025-10-30 14:51:30,768 [INFO] Saved Markdown [daa/quydinh_huongdan/huong-dan-day-va-hoc-online]: daa.uit.edu.vn_thongbao_huong-dan-trien-khai-day-va-hoc-qua-mang-trong-thoi-gian-phong-chong-dich-covid-19?page=139.md
2025-10-30 14:51:30,789 [INFO] Saved HTML [daa/quydinh_huongdan/huong-dan-day-va-hoc-online]: daa.uit.edu.vn_thongbao_huong-dan-trien-khai-day-va-hoc-qua-mang-trong-thoi-gian-phong-chong-dich-covid-19?page=140.html
2025-10-30 14:51:30,795 [INFO] Saved Markdown [daa/quydinh_huongdan/huong-dan-day-va-hoc-online]: daa.uit.edu.vn_thongbao_huong-dan-trien-khai-day-va-hoc-qua-mang-trong-thoi-gian-phong-chong-dich-covid-19?page=140.md
2025-10-30 14:51:30,814 [INFO] Saved HTML [daa/quydinh_huongdan/huong-dan-day-va-hoc-online]: daa.uit.edu.vn_thongbao_huong-dan-trien-khai-day-va-hoc-qua-mang-trong-thoi-gian-phong-chong-dich-covid-19?page=144.html
2025-10-30 14:51:30,820 [INFO] Saved Markdown [daa/quydinh_huongdan/huong-dan-day-va-hoc-online]: daa.uit.edu.vn_thongbao_huong-dan-trien-khai-day-va-hoc-qua-mang-trong-thoi-gian-phong-chong-dich-covid-19?page=144.md
2025-10-30 14:51:30,840 [INFO] Saved HTML [daa/quydinh_huongdan/huong-dan-day-va-hoc-online]: daa.uit.edu.vn_thongbao_huong-dan-trien-khai-day-va-hoc-qua-mang-trong-thoi-gian-phong-chong-dich-covid-19?page=143.html
2025-10-30 14:51:30,848 [INFO] Saved Markdown [daa/quydinh_huongdan/huong-dan-day-va-hoc-online]: daa.uit.edu.vn_thongbao_huong-dan-trien-khai-day-va-hoc-qua-mang-trong-thoi-gian-phong-chong-dich-covid-19?page=143.md
2025-10-30 14:51:30,868 [INFO] Saved HTML [daa/quydinh_huongdan/huong-dan-day-va-hoc-online]: daa.uit.edu.vn_thongbao_huong-dan-trien-khai-day-va-hoc-qua-mang-trong-thoi-gian-phong-chong-dich-covid-19?page=146.html
2025-10-30 14:51:30,874 [INFO] Saved Markdown [daa/quydinh_huongdan/huong-dan-day-va-hoc-online]: daa.uit.edu.vn_thongbao_huong-dan-trien-khai-day-va-hoc-qua-mang-trong-thoi-gian-phong-chong-dich-covid-19?page=146.md
2025-10-30 14:51:30,897 [INFO] Saved HTML [daa/quydinh_huongdan/huong-dan-day-va-hoc-online]: daa.uit.edu.vn_thongbao_huong-dan-trien-khai-day-va-hoc-qua-mang-trong-thoi-gian-phong-chong-dich-covid-19?page=145.html
2025-10-30 14:51:30,903 [INFO] Saved Markdown [daa/quydinh_huongdan/huong-dan-day-va-hoc-online]: daa.uit.edu.vn_thongbao_huong-dan-trien-khai-day-va-hoc-qua-mang-trong-thoi-gian-phong-chong-dich-covid-19?page=145.md
2025-10-30 14:51:30,923 [INFO] Saved HTML [daa/quydinh_huongdan/huong-dan-day-va-hoc-online]: daa.uit.edu.vn_thongbao_huong-dan-trien-khai-day-va-hoc-qua-mang-trong-thoi-gian-phong-chong-dich-covid-19?page=149.html
2025-10-30 14:51:30,928 [INFO] Saved Markdown [daa/quydinh_huongdan/huong-dan-day-va-hoc-online]: daa.uit.edu.vn_thongbao_huong-dan-trien-khai-day-va-hoc-qua-mang-trong-thoi-gian-phong-chong-dich-covid-19?page=149.md
2025-10-30 14:51:30,947 [INFO] Saved HTML [daa/quydinh_huongdan/huong-dan-day-va-hoc-online]: daa.uit.edu.vn_thongbao_huong-dan-trien-khai-day-va-hoc-qua-mang-trong-thoi-gian-phong-chong-dich-covid-19?page=150.html
2025-10-30 14:51:30,952 [INFO] Saved Markdown [daa/quydinh_huongdan/huong-dan-day-va-hoc-online]: daa.uit.edu.vn_thongbao_huong-dan-trien-khai-day-va-hoc-qua-mang-trong-thoi-gian-phong-chong-dich-covid-19?page=150.md
2025-10-30 14:51:30,971 [INFO] Saved HTML [daa/quydinh_huongdan/huong-dan-day-va-hoc-online]: daa.uit.edu.vn_thongbao_huong-dan-trien-khai-day-va-hoc-qua-mang-trong-thoi-gian-phong-chong-dich-covid-19?page=147.html
2025-10-30 14:51:30,977 [INFO] Saved Markdown [daa/quydinh_huongdan/huong-dan-day-va-hoc-online]: daa.uit.edu.vn_thongbao_huong-dan-trien-khai-day-va-hoc-qua-mang-trong-thoi-gian-phong-chong-dich-covid-19?page=147.md
2025-10-30 14:51:30,995 [INFO] Saved HTML [daa/quydinh_huongdan/huong-dan-day-va-hoc-online]: daa.uit.edu.vn_thongbao_huong-dan-trien-khai-day-va-hoc-qua-mang-trong-thoi-gian-phong-chong-dich-covid-19?page=148.html
2025-10-30 14:51:31,003 [INFO] Saved Markdown [daa/quydinh_huongdan/huong-dan-day-va-hoc-online]: daa.uit.edu.vn_thongbao_huong-dan-trien-khai-day-va-hoc-qua-mang-trong-thoi-gian-phong-chong-dich-covid-19?page=148.md
2025-10-30 14:51:31,023 [INFO] Saved HTML [daa/quydinh_huongdan/huong-dan-day-va-hoc-online]: daa.uit.edu.vn_thongbao_huong-dan-trien-khai-day-va-hoc-qua-mang-trong-thoi-gian-phong-chong-dich-covid-19?page=152.html
2025-10-30 14:51:31,028 [INFO] Saved Markdown [daa/quydinh_huongdan/huong-dan-day-va-hoc-online]: daa.uit.edu.vn_thongbao_huong-dan-trien-khai-day-va-hoc-qua-mang-trong-thoi-gian-phong-chong-dich-covid-19?page=152.md
2025-10-30 14:51:31,049 [INFO] Saved HTML [daa/quydinh_huongdan/huong-dan-day-va-hoc-online]: daa.uit.edu.vn_thongbao_huong-dan-trien-khai-day-va-hoc-qua-mang-trong-thoi-gian-phong-chong-dich-covid-19?page=151.html
2025-10-30 14:51:31,054 [INFO] Saved Markdown [daa/quydinh_huongdan/huong-dan-day-va-hoc-online]: daa.uit.edu.vn_thongbao_huong-dan-trien-khai-day-va-hoc-qua-mang-trong-thoi-gian-phong-chong-dich-covid-19?page=151.md
2025-10-30 14:51:31,075 [INFO] Saved HTML [daa/quydinh_huongdan/huong-dan-day-va-hoc-online]: daa.uit.edu.vn_thongbao_huong-dan-trien-khai-day-va-hoc-qua-mang-trong-thoi-gian-phong-chong-dich-covid-19?page=153.html
2025-10-30 14:51:31,081 [INFO] Saved Markdown [daa/quydinh_huongdan/huong-dan-day-va-hoc-online]: daa.uit.edu.vn_thongbao_huong-dan-trien-khai-day-va-hoc-qua-mang-trong-thoi-gian-phong-chong-dich-covid-19?page=153.md
2025-10-30 14:51:31,101 [INFO] Saved HTML [daa/quydinh_huongdan/huong-dan-day-va-hoc-online]: daa.uit.edu.vn_thongbao_huong-dan-trien-khai-day-va-hoc-qua-mang-trong-thoi-gian-phong-chong-dich-covid-19?page=154.html
2025-10-30 14:51:31,107 [INFO] Saved Markdown [daa/quydinh_huongdan/huong-dan-day-va-hoc-online]: daa.uit.edu.vn_thongbao_huong-dan-trien-khai-day-va-hoc-qua-mang-trong-thoi-gian-phong-chong-dich-covid-19?page=154.md
2025-10-30 14:51:31,130 [INFO] Saved HTML [daa/quydinh_huongdan/huong-dan-day-va-hoc-online]: daa.uit.edu.vn_thongbao_huong-dan-trien-khai-day-va-hoc-qua-mang-trong-thoi-gian-phong-chong-dich-covid-19?page=155.html
2025-10-30 14:51:31,136 [INFO] Saved Markdown [daa/quydinh_huongdan/huong-dan-day-va-hoc-online]: daa.uit.edu.vn_thongbao_huong-dan-trien-khai-day-va-hoc-qua-mang-trong-thoi-gian-phong-chong-dich-covid-19?page=155.md
2025-10-30 14:51:31,155 [INFO] Saved HTML [daa/quydinh_huongdan/huong-dan-day-va-hoc-online]: daa.uit.edu.vn_thongbao_huong-dan-trien-khai-day-va-hoc-qua-mang-trong-thoi-gian-phong-chong-dich-covid-19?page=157.html
2025-10-30 14:51:31,161 [INFO] Saved Markdown [daa/quydinh_huongdan/huong-dan-day-va-hoc-online]: daa.uit.edu.vn_thongbao_huong-dan-trien-khai-day-va-hoc-qua-mang-trong-thoi-gian-phong-chong-dich-covid-19?page=157.md
2025-10-30 14:51:31,181 [INFO] Saved HTML [daa/quydinh_huongdan/huong-dan-day-va-hoc-online]: daa.uit.edu.vn_thongbao_huong-dan-trien-khai-day-va-hoc-qua-mang-trong-thoi-gian-phong-chong-dich-covid-19?page=158.html
2025-10-30 14:51:31,187 [INFO] Saved Markdown [daa/quydinh_huongdan/huong-dan-day-va-hoc-online]: daa.uit.edu.vn_thongbao_huong-dan-trien-khai-day-va-hoc-qua-mang-trong-thoi-gian-phong-chong-dich-covid-19?page=158.md
2025-10-30 14:51:31,206 [INFO] Saved HTML [daa/quydinh_huongdan/huong-dan-day-va-hoc-online]: daa.uit.edu.vn_thongbao_huong-dan-trien-khai-day-va-hoc-qua-mang-trong-thoi-gian-phong-chong-dich-covid-19?page=156.html
2025-10-30 14:51:31,212 [INFO] Saved Markdown [daa/quydinh_huongdan/huong-dan-day-va-hoc-online]: daa.uit.edu.vn_thongbao_huong-dan-trien-khai-day-va-hoc-qua-mang-trong-thoi-gian-phong-chong-dich-covid-19?page=156.md
2025-10-30 14:51:31,231 [INFO] Saved HTML [daa/quydinh_huongdan/huong-dan-day-va-hoc-online]: daa.uit.edu.vn_thongbao_huong-dan-trien-khai-day-va-hoc-qua-mang-trong-thoi-gian-phong-chong-dich-covid-19?page=159.html
2025-10-30 14:51:31,237 [INFO] Saved Markdown [daa/quydinh_huongdan/huong-dan-day-va-hoc-online]: daa.uit.edu.vn_thongbao_huong-dan-trien-khai-day-va-hoc-qua-mang-trong-thoi-gian-phong-chong-dich-covid-19?page=159.md
2025-10-30 14:51:31,257 [INFO] Saved HTML [daa/quydinh_huongdan/huong-dan-day-va-hoc-online]: daa.uit.edu.vn_thongbao_huong-dan-trien-khai-day-va-hoc-qua-mang-trong-thoi-gian-phong-chong-dich-covid-19?page=160.html
2025-10-30 14:51:31,263 [INFO] Saved Markdown [daa/quydinh_huongdan/huong-dan-day-va-hoc-online]: daa.uit.edu.vn_thongbao_huong-dan-trien-khai-day-va-hoc-qua-mang-trong-thoi-gian-phong-chong-dich-covid-19?page=160.md
2025-10-30 14:51:31,283 [INFO] Saved HTML [daa/quydinh_huongdan/huong-dan-day-va-hoc-online]: daa.uit.edu.vn_thongbao_huong-dan-trien-khai-day-va-hoc-qua-mang-trong-thoi-gian-phong-chong-dich-covid-19?page=162.html
2025-10-30 14:51:31,289 [INFO] Saved Markdown [daa/quydinh_huongdan/huong-dan-day-va-hoc-online]: daa.uit.edu.vn_thongbao_huong-dan-trien-khai-day-va-hoc-qua-mang-trong-thoi-gian-phong-chong-dich-covid-19?page=162.md
2025-10-30 14:51:31,310 [INFO] Saved HTML [daa/quydinh_huongdan/huong-dan-day-va-hoc-online]: daa.uit.edu.vn_thongbao_huong-dan-trien-khai-day-va-hoc-qua-mang-trong-thoi-gian-phong-chong-dich-covid-19?page=161.html
2025-10-30 14:51:31,315 [INFO] Saved Markdown [daa/quydinh_huongdan/huong-dan-day-va-hoc-online]: daa.uit.edu.vn_thongbao_huong-dan-trien-khai-day-va-hoc-qua-mang-trong-thoi-gian-phong-chong-dich-covid-19?page=161.md
2025-10-30 14:51:31,334 [INFO] Saved HTML [daa/quydinh_huongdan/huong-dan-day-va-hoc-online]: daa.uit.edu.vn_thongbao_huong-dan-trien-khai-day-va-hoc-qua-mang-trong-thoi-gian-phong-chong-dich-covid-19?page=163.html
2025-10-30 14:51:31,340 [INFO] Saved Markdown [daa/quydinh_huongdan/huong-dan-day-va-hoc-online]: daa.uit.edu.vn_thongbao_huong-dan-trien-khai-day-va-hoc-qua-mang-trong-thoi-gian-phong-chong-dich-covid-19?page=163.md
2025-10-30 14:51:31,360 [INFO] Saved HTML [daa/quydinh_huongdan/huong-dan-day-va-hoc-online]: daa.uit.edu.vn_thongbao_huong-dan-trien-khai-day-va-hoc-qua-mang-trong-thoi-gian-phong-chong-dich-covid-19?page=166.html
2025-10-30 14:51:31,365 [INFO] Saved Markdown [daa/quydinh_huongdan/huong-dan-day-va-hoc-online]: daa.uit.edu.vn_thongbao_huong-dan-trien-khai-day-va-hoc-qua-mang-trong-thoi-gian-phong-chong-dich-covid-19?page=166.md
2025-10-30 14:51:31,385 [INFO] Saved HTML [daa/quydinh_huongdan/huong-dan-day-va-hoc-online]: daa.uit.edu.vn_thongbao_huong-dan-trien-khai-day-va-hoc-qua-mang-trong-thoi-gian-phong-chong-dich-covid-19?page=165.html
2025-10-30 14:51:31,390 [INFO] Saved Markdown [daa/quydinh_huongdan/huong-dan-day-va-hoc-online]: daa.uit.edu.vn_thongbao_huong-dan-trien-khai-day-va-hoc-qua-mang-trong-thoi-gian-phong-chong-dich-covid-19?page=165.md
2025-10-30 14:51:31,408 [INFO] Saved HTML [daa/quydinh_huongdan/huong-dan-day-va-hoc-online]: daa.uit.edu.vn_thongbao_huong-dan-trien-khai-day-va-hoc-qua-mang-trong-thoi-gian-phong-chong-dich-covid-19?page=164.html
2025-10-30 14:51:31,414 [INFO] Saved Markdown [daa/quydinh_huongdan/huong-dan-day-va-hoc-online]: daa.uit.edu.vn_thongbao_huong-dan-trien-khai-day-va-hoc-qua-mang-trong-thoi-gian-phong-chong-dich-covid-19?page=164.md
2025-10-30 14:51:31,434 [INFO] Saved HTML [daa/quydinh_huongdan/huong-dan-day-va-hoc-online]: daa.uit.edu.vn_thongbao_huong-dan-trien-khai-day-va-hoc-qua-mang-trong-thoi-gian-phong-chong-dich-covid-19?page=168.html
2025-10-30 14:51:31,439 [INFO] Saved Markdown [daa/quydinh_huongdan/huong-dan-day-va-hoc-online]: daa.uit.edu.vn_thongbao_huong-dan-trien-khai-day-va-hoc-qua-mang-trong-thoi-gian-phong-chong-dich-covid-19?page=168.md
2025-10-30 14:51:31,460 [INFO] Saved HTML [daa/quydinh_huongdan/huong-dan-day-va-hoc-online]: daa.uit.edu.vn_thongbao_huong-dan-trien-khai-day-va-hoc-qua-mang-trong-thoi-gian-phong-chong-dich-covid-19?page=170.html
2025-10-30 14:51:31,466 [INFO] Saved Markdown [daa/quydinh_huongdan/huong-dan-day-va-hoc-online]: daa.uit.edu.vn_thongbao_huong-dan-trien-khai-day-va-hoc-qua-mang-trong-thoi-gian-phong-chong-dich-covid-19?page=170.md
2025-10-30 14:51:31,485 [INFO] Saved HTML [daa/quydinh_huongdan/huong-dan-day-va-hoc-online]: daa.uit.edu.vn_thongbao_huong-dan-trien-khai-day-va-hoc-qua-mang-trong-thoi-gian-phong-chong-dich-covid-19?page=169.html
2025-10-30 14:51:31,490 [INFO] Saved Markdown [daa/quydinh_huongdan/huong-dan-day-va-hoc-online]: daa.uit.edu.vn_thongbao_huong-dan-trien-khai-day-va-hoc-qua-mang-trong-thoi-gian-phong-chong-dich-covid-19?page=169.md
2025-10-30 14:51:31,509 [INFO] Saved HTML [daa/quydinh_huongdan/huong-dan-day-va-hoc-online]: daa.uit.edu.vn_thongbao_huong-dan-trien-khai-day-va-hoc-qua-mang-trong-thoi-gian-phong-chong-dich-covid-19?page=167.html
2025-10-30 14:51:31,514 [INFO] Saved Markdown [daa/quydinh_huongdan/huong-dan-day-va-hoc-online]: daa.uit.edu.vn_thongbao_huong-dan-trien-khai-day-va-hoc-qua-mang-trong-thoi-gian-phong-chong-dich-covid-19?page=167.md
2025-10-30 14:51:31,533 [INFO] Saved HTML [daa/quydinh_huongdan/huong-dan-day-va-hoc-online]: daa.uit.edu.vn_thongbao_huong-dan-trien-khai-day-va-hoc-qua-mang-trong-thoi-gian-phong-chong-dich-covid-19?page=172.html
2025-10-30 14:51:31,539 [INFO] Saved Markdown [daa/quydinh_huongdan/huong-dan-day-va-hoc-online]: daa.uit.edu.vn_thongbao_huong-dan-trien-khai-day-va-hoc-qua-mang-trong-thoi-gian-phong-chong-dich-covid-19?page=172.md
2025-10-30 14:51:31,559 [INFO] Saved HTML [daa/quydinh_huongdan/huong-dan-day-va-hoc-online]: daa.uit.edu.vn_thongbao_huong-dan-trien-khai-day-va-hoc-qua-mang-trong-thoi-gian-phong-chong-dich-covid-19?page=173.html
2025-10-30 14:51:31,563 [INFO] Saved Markdown [daa/quydinh_huongdan/huong-dan-day-va-hoc-online]: daa.uit.edu.vn_thongbao_huong-dan-trien-khai-day-va-hoc-qua-mang-trong-thoi-gian-phong-chong-dich-covid-19?page=173.md
2025-10-30 14:51:31,585 [INFO] Saved HTML [daa/quydinh_huongdan/huong-dan-day-va-hoc-online]: daa.uit.edu.vn_thongbao_huong-dan-trien-khai-day-va-hoc-qua-mang-trong-thoi-gian-phong-chong-dich-covid-19?page=174.html
2025-10-30 14:51:31,590 [INFO] Saved Markdown [daa/quydinh_huongdan/huong-dan-day-va-hoc-online]: daa.uit.edu.vn_thongbao_huong-dan-trien-khai-day-va-hoc-qua-mang-trong-thoi-gian-phong-chong-dich-covid-19?page=174.md
2025-10-30 14:51:31,609 [INFO] Saved HTML [daa/quydinh_huongdan/huong-dan-day-va-hoc-online]: daa.uit.edu.vn_thongbao_huong-dan-trien-khai-day-va-hoc-qua-mang-trong-thoi-gian-phong-chong-dich-covid-19?page=171.html
2025-10-30 14:51:31,614 [INFO] Saved Markdown [daa/quydinh_huongdan/huong-dan-day-va-hoc-online]: daa.uit.edu.vn_thongbao_huong-dan-trien-khai-day-va-hoc-qua-mang-trong-thoi-gian-phong-chong-dich-covid-19?page=171.md
2025-10-30 14:51:31,637 [INFO] Saved HTML [daa/quydinh_huongdan/huong-dan-day-va-hoc-online]: daa.uit.edu.vn_thongbao_huong-dan-trien-khai-day-va-hoc-qua-mang-trong-thoi-gian-phong-chong-dich-covid-19?page=175.html
2025-10-30 14:51:31,644 [INFO] Saved Markdown [daa/quydinh_huongdan/huong-dan-day-va-hoc-online]: daa.uit.edu.vn_thongbao_huong-dan-trien-khai-day-va-hoc-qua-mang-trong-thoi-gian-phong-chong-dich-covid-19?page=175.md
2025-10-30 14:51:31,664 [INFO] Saved HTML [daa/quydinh_huongdan/huong-dan-day-va-hoc-online]: daa.uit.edu.vn_thongbao_huong-dan-trien-khai-day-va-hoc-qua-mang-trong-thoi-gian-phong-chong-dich-covid-19?page=177.html
2025-10-30 14:51:31,669 [INFO] Saved Markdown [daa/quydinh_huongdan/huong-dan-day-va-hoc-online]: daa.uit.edu.vn_thongbao_huong-dan-trien-khai-day-va-hoc-qua-mang-trong-thoi-gian-phong-chong-dich-covid-19?page=177.md
2025-10-30 14:51:31,688 [INFO] Saved HTML [daa/quydinh_huongdan/huong-dan-day-va-hoc-online]: daa.uit.edu.vn_thongbao_huong-dan-trien-khai-day-va-hoc-qua-mang-trong-thoi-gian-phong-chong-dich-covid-19?page=176.html
2025-10-30 14:51:31,693 [INFO] Saved Markdown [daa/quydinh_huongdan/huong-dan-day-va-hoc-online]: daa.uit.edu.vn_thongbao_huong-dan-trien-khai-day-va-hoc-qua-mang-trong-thoi-gian-phong-chong-dich-covid-19?page=176.md
2025-10-30 14:51:31,712 [INFO] Saved HTML [daa/quydinh_huongdan/huong-dan-day-va-hoc-online]: daa.uit.edu.vn_thongbao_huong-dan-trien-khai-day-va-hoc-qua-mang-trong-thoi-gian-phong-chong-dich-covid-19?page=178.html
2025-10-30 14:51:31,718 [INFO] Saved Markdown [daa/quydinh_huongdan/huong-dan-day-va-hoc-online]: daa.uit.edu.vn_thongbao_huong-dan-trien-khai-day-va-hoc-qua-mang-trong-thoi-gian-phong-chong-dich-covid-19?page=178.md
2025-10-30 14:51:31,737 [INFO] Saved HTML [daa/quydinh_huongdan/huong-dan-day-va-hoc-online]: daa.uit.edu.vn_thongbao_huong-dan-trien-khai-day-va-hoc-qua-mang-trong-thoi-gian-phong-chong-dich-covid-19?page=182.html
2025-10-30 14:51:31,743 [INFO] Saved Markdown [daa/quydinh_huongdan/huong-dan-day-va-hoc-online]: daa.uit.edu.vn_thongbao_huong-dan-trien-khai-day-va-hoc-qua-mang-trong-thoi-gian-phong-chong-dich-covid-19?page=182.md
2025-10-30 14:51:31,764 [INFO] Saved HTML [daa/quydinh_huongdan/huong-dan-day-va-hoc-online]: daa.uit.edu.vn_thongbao_huong-dan-trien-khai-day-va-hoc-qua-mang-trong-thoi-gian-phong-chong-dich-covid-19?page=181.html
2025-10-30 14:51:31,769 [INFO] Saved Markdown [daa/quydinh_huongdan/huong-dan-day-va-hoc-online]: daa.uit.edu.vn_thongbao_huong-dan-trien-khai-day-va-hoc-qua-mang-trong-thoi-gian-phong-chong-dich-covid-19?page=181.md
2025-10-30 14:51:31,789 [INFO] Saved HTML [daa/quydinh_huongdan/huong-dan-day-va-hoc-online]: daa.uit.edu.vn_thongbao_huong-dan-trien-khai-day-va-hoc-qua-mang-trong-thoi-gian-phong-chong-dich-covid-19?page=179.html
2025-10-30 14:51:31,795 [INFO] Saved Markdown [daa/quydinh_huongdan/huong-dan-day-va-hoc-online]: daa.uit.edu.vn_thongbao_huong-dan-trien-khai-day-va-hoc-qua-mang-trong-thoi-gian-phong-chong-dich-covid-19?page=179.md
2025-10-30 14:51:31,814 [INFO] Saved HTML [daa/quydinh_huongdan/huong-dan-day-va-hoc-online]: daa.uit.edu.vn_thongbao_huong-dan-trien-khai-day-va-hoc-qua-mang-trong-thoi-gian-phong-chong-dich-covid-19?page=180.html
2025-10-30 14:51:31,820 [INFO] Saved Markdown [daa/quydinh_huongdan/huong-dan-day-va-hoc-online]: daa.uit.edu.vn_thongbao_huong-dan-trien-khai-day-va-hoc-qua-mang-trong-thoi-gian-phong-chong-dich-covid-19?page=180.md
2025-10-30 14:51:31,840 [INFO] Saved HTML [daa/quydinh_huongdan/huong-dan-day-va-hoc-online]: daa.uit.edu.vn_thongbao_huong-dan-trien-khai-day-va-hoc-qua-mang-trong-thoi-gian-phong-chong-dich-covid-19?page=185.html
2025-10-30 14:51:31,845 [INFO] Saved Markdown [daa/quydinh_huongdan/huong-dan-day-va-hoc-online]: daa.uit.edu.vn_thongbao_huong-dan-trien-khai-day-va-hoc-qua-mang-trong-thoi-gian-phong-chong-dich-covid-19?page=185.md
2025-10-30 14:51:31,864 [INFO] Saved HTML [daa/quydinh_huongdan/huong-dan-day-va-hoc-online]: daa.uit.edu.vn_thongbao_huong-dan-trien-khai-day-va-hoc-qua-mang-trong-thoi-gian-phong-chong-dich-covid-19?page=186.html
2025-10-30 14:51:31,870 [INFO] Saved Markdown [daa/quydinh_huongdan/huong-dan-day-va-hoc-online]: daa.uit.edu.vn_thongbao_huong-dan-trien-khai-day-va-hoc-qua-mang-trong-thoi-gian-phong-chong-dich-covid-19?page=186.md
2025-10-30 14:51:31,891 [INFO] Saved HTML [daa/quydinh_huongdan/huong-dan-day-va-hoc-online]: daa.uit.edu.vn_thongbao_huong-dan-trien-khai-day-va-hoc-qua-mang-trong-thoi-gian-phong-chong-dich-covid-19?page=183.html
2025-10-30 14:51:31,896 [INFO] Saved Markdown [daa/quydinh_huongdan/huong-dan-day-va-hoc-online]: daa.uit.edu.vn_thongbao_huong-dan-trien-khai-day-va-hoc-qua-mang-trong-thoi-gian-phong-chong-dich-covid-19?page=183.md
2025-10-30 14:51:31,917 [INFO] Saved HTML [daa/quydinh_huongdan/huong-dan-day-va-hoc-online]: daa.uit.edu.vn_thongbao_huong-dan-trien-khai-day-va-hoc-qua-mang-trong-thoi-gian-phong-chong-dich-covid-19?page=184.html
2025-10-30 14:51:31,923 [INFO] Saved Markdown [daa/quydinh_huongdan/huong-dan-day-va-hoc-online]: daa.uit.edu.vn_thongbao_huong-dan-trien-khai-day-va-hoc-qua-mang-trong-thoi-gian-phong-chong-dich-covid-19?page=184.md
2025-10-30 14:51:31,943 [INFO] Saved HTML [daa/quydinh_huongdan/huong-dan-day-va-hoc-online]: daa.uit.edu.vn_thongbao_huong-dan-trien-khai-day-va-hoc-qua-mang-trong-thoi-gian-phong-chong-dich-covid-19?page=187.html
2025-10-30 14:51:31,949 [INFO] Saved Markdown [daa/quydinh_huongdan/huong-dan-day-va-hoc-online]: daa.uit.edu.vn_thongbao_huong-dan-trien-khai-day-va-hoc-qua-mang-trong-thoi-gian-phong-chong-dich-covid-19?page=187.md
2025-10-30 14:51:31,969 [INFO] Saved HTML [daa/quydinh_huongdan/huong-dan-day-va-hoc-online]: daa.uit.edu.vn_thongbao_huong-dan-trien-khai-day-va-hoc-qua-mang-trong-thoi-gian-phong-chong-dich-covid-19?page=188.html
2025-10-30 14:51:31,974 [INFO] Saved Markdown [daa/quydinh_huongdan/huong-dan-day-va-hoc-online]: daa.uit.edu.vn_thongbao_huong-dan-trien-khai-day-va-hoc-qua-mang-trong-thoi-gian-phong-chong-dich-covid-19?page=188.md
2025-10-30 14:51:31,998 [INFO] Saved HTML [daa/quydinh_huongdan/huong-dan-day-va-hoc-online]: daa.uit.edu.vn_thongbao_huong-dan-trien-khai-day-va-hoc-qua-mang-trong-thoi-gian-phong-chong-dich-covid-19?page=189.html
2025-10-30 14:51:32,003 [INFO] Saved Markdown [daa/quydinh_huongdan/huong-dan-day-va-hoc-online]: daa.uit.edu.vn_thongbao_huong-dan-trien-khai-day-va-hoc-qua-mang-trong-thoi-gian-phong-chong-dich-covid-19?page=189.md
2025-10-30 14:51:32,021 [INFO] Saved HTML [daa/quydinh_huongdan/huong-dan-day-va-hoc-online]: daa.uit.edu.vn_thongbao_huong-dan-trien-khai-day-va-hoc-qua-mang-trong-thoi-gian-phong-chong-dich-covid-19?page=190.html
2025-10-30 14:51:32,027 [INFO] Saved Markdown [daa/quydinh_huongdan/huong-dan-day-va-hoc-online]: daa.uit.edu.vn_thongbao_huong-dan-trien-khai-day-va-hoc-qua-mang-trong-thoi-gian-phong-chong-dich-covid-19?page=190.md
2025-10-30 14:51:32,050 [INFO] Saved HTML [daa/quydinh_huongdan/huong-dan-day-va-hoc-online]: daa.uit.edu.vn_thongbao_huong-dan-trien-khai-day-va-hoc-qua-mang-trong-thoi-gian-phong-chong-dich-covid-19?page=192.html
2025-10-30 14:51:32,055 [INFO] Saved Markdown [daa/quydinh_huongdan/huong-dan-day-va-hoc-online]: daa.uit.edu.vn_thongbao_huong-dan-trien-khai-day-va-hoc-qua-mang-trong-thoi-gian-phong-chong-dich-covid-19?page=192.md
2025-10-30 14:51:32,073 [INFO] Saved HTML [daa/quydinh_huongdan/huong-dan-day-va-hoc-online]: daa.uit.edu.vn_thongbao_huong-dan-trien-khai-day-va-hoc-qua-mang-trong-thoi-gian-phong-chong-dich-covid-19?page=193.html
2025-10-30 14:51:32,080 [INFO] Saved Markdown [daa/quydinh_huongdan/huong-dan-day-va-hoc-online]: daa.uit.edu.vn_thongbao_huong-dan-trien-khai-day-va-hoc-qua-mang-trong-thoi-gian-phong-chong-dich-covid-19?page=193.md
2025-10-30 14:51:32,102 [INFO] Saved HTML [daa/quydinh_huongdan/huong-dan-day-va-hoc-online]: daa.uit.edu.vn_thongbao_huong-dan-trien-khai-day-va-hoc-qua-mang-trong-thoi-gian-phong-chong-dich-covid-19?page=191.html
2025-10-30 14:51:32,108 [INFO] Saved Markdown [daa/quydinh_huongdan/huong-dan-day-va-hoc-online]: daa.uit.edu.vn_thongbao_huong-dan-trien-khai-day-va-hoc-qua-mang-trong-thoi-gian-phong-chong-dich-covid-19?page=191.md
2025-10-30 14:51:32,128 [INFO] Saved HTML [daa/quydinh_huongdan/huong-dan-day-va-hoc-online]: daa.uit.edu.vn_thongbao_huong-dan-trien-khai-day-va-hoc-qua-mang-trong-thoi-gian-phong-chong-dich-covid-19?page=194.html
2025-10-30 14:51:32,133 [INFO] Saved Markdown [daa/quydinh_huongdan/huong-dan-day-va-hoc-online]: daa.uit.edu.vn_thongbao_huong-dan-trien-khai-day-va-hoc-qua-mang-trong-thoi-gian-phong-chong-dich-covid-19?page=194.md
2025-10-30 14:51:32,153 [INFO] Saved HTML [daa/quydinh_huongdan/huong-dan-day-va-hoc-online]: daa.uit.edu.vn_thongbao_huong-dan-trien-khai-day-va-hoc-qua-mang-trong-thoi-gian-phong-chong-dich-covid-19?page=195.html
2025-10-30 14:51:32,159 [INFO] Saved Markdown [daa/quydinh_huongdan/huong-dan-day-va-hoc-online]: daa.uit.edu.vn_thongbao_huong-dan-trien-khai-day-va-hoc-qua-mang-trong-thoi-gian-phong-chong-dich-covid-19?page=195.md
2025-10-30 14:51:32,182 [INFO] Saved HTML [daa/quydinh_huongdan/huong-dan-day-va-hoc-online]: daa.uit.edu.vn_thongbao_huong-dan-trien-khai-day-va-hoc-qua-mang-trong-thoi-gian-phong-chong-dich-covid-19?page=196.html
2025-10-30 14:51:32,188 [INFO] Saved Markdown [daa/quydinh_huongdan/huong-dan-day-va-hoc-online]: daa.uit.edu.vn_thongbao_huong-dan-trien-khai-day-va-hoc-qua-mang-trong-thoi-gian-phong-chong-dich-covid-19?page=196.md
2025-10-30 14:51:32,207 [INFO] Saved HTML [daa/quydinh_huongdan/huong-dan-day-va-hoc-online]: daa.uit.edu.vn_thongbao_huong-dan-trien-khai-day-va-hoc-qua-mang-trong-thoi-gian-phong-chong-dich-covid-19?page=198.html
2025-10-30 14:51:32,213 [INFO] Saved Markdown [daa/quydinh_huongdan/huong-dan-day-va-hoc-online]: daa.uit.edu.vn_thongbao_huong-dan-trien-khai-day-va-hoc-qua-mang-trong-thoi-gian-phong-chong-dich-covid-19?page=198.md
2025-10-30 14:51:32,231 [INFO] Saved HTML [daa/quydinh_huongdan/huong-dan-day-va-hoc-online]: daa.uit.edu.vn_thongbao_huong-dan-trien-khai-day-va-hoc-qua-mang-trong-thoi-gian-phong-chong-dich-covid-19?page=197.html
2025-10-30 14:51:32,235 [INFO] Saved Markdown [daa/quydinh_huongdan/huong-dan-day-va-hoc-online]: daa.uit.edu.vn_thongbao_huong-dan-trien-khai-day-va-hoc-qua-mang-trong-thoi-gian-phong-chong-dich-covid-19?page=197.md
2025-10-30 14:51:32,256 [INFO] Saved HTML [daa/quydinh_huongdan/huong-dan-day-va-hoc-online]: daa.uit.edu.vn_thongbao_huong-dan-trien-khai-day-va-hoc-qua-mang-trong-thoi-gian-phong-chong-dich-covid-19?page=200.html
2025-10-30 14:51:32,262 [INFO] Saved Markdown [daa/quydinh_huongdan/huong-dan-day-va-hoc-online]: daa.uit.edu.vn_thongbao_huong-dan-trien-khai-day-va-hoc-qua-mang-trong-thoi-gian-phong-chong-dich-covid-19?page=200.md
2025-10-30 14:51:32,280 [INFO] Saved HTML [daa/quydinh_huongdan/huong-dan-day-va-hoc-online]: daa.uit.edu.vn_thongbao_huong-dan-trien-khai-day-va-hoc-qua-mang-trong-thoi-gian-phong-chong-dich-covid-19?page=199.html
2025-10-30 14:51:32,285 [INFO] Saved Markdown [daa/quydinh_huongdan/huong-dan-day-va-hoc-online]: daa.uit.edu.vn_thongbao_huong-dan-trien-khai-day-va-hoc-qua-mang-trong-thoi-gian-phong-chong-dich-covid-19?page=199.md
2025-10-30 14:51:32,307 [INFO] Saved HTML [daa/quydinh_huongdan/huong-dan-day-va-hoc-online]: daa.uit.edu.vn_thongbao_huong-dan-trien-khai-day-va-hoc-qua-mang-trong-thoi-gian-phong-chong-dich-covid-19?page=202.html
2025-10-30 14:51:32,313 [INFO] Saved Markdown [daa/quydinh_huongdan/huong-dan-day-va-hoc-online]: daa.uit.edu.vn_thongbao_huong-dan-trien-khai-day-va-hoc-qua-mang-trong-thoi-gian-phong-chong-dich-covid-19?page=202.md
2025-10-30 14:51:32,334 [INFO] Saved HTML [daa/quydinh_huongdan/huong-dan-day-va-hoc-online]: daa.uit.edu.vn_thongbao_huong-dan-trien-khai-day-va-hoc-qua-mang-trong-thoi-gian-phong-chong-dich-covid-19?page=201.html
2025-10-30 14:51:32,340 [INFO] Saved Markdown [daa/quydinh_huongdan/huong-dan-day-va-hoc-online]: daa.uit.edu.vn_thongbao_huong-dan-trien-khai-day-va-hoc-qua-mang-trong-thoi-gian-phong-chong-dich-covid-19?page=201.md
2025-10-30 14:51:32,361 [INFO] Saved HTML [daa/quydinh_huongdan/huong-dan-day-va-hoc-online]: daa.uit.edu.vn_thongbao_huong-dan-trien-khai-day-va-hoc-qua-mang-trong-thoi-gian-phong-chong-dich-covid-19?page=203.html
2025-10-30 14:51:32,365 [INFO] Saved Markdown [daa/quydinh_huongdan/huong-dan-day-va-hoc-online]: daa.uit.edu.vn_thongbao_huong-dan-trien-khai-day-va-hoc-qua-mang-trong-thoi-gian-phong-chong-dich-covid-19?page=203.md
2025-10-30 14:51:32,387 [INFO] Saved HTML [daa/quydinh_huongdan/huong-dan-day-va-hoc-online]: daa.uit.edu.vn_thongbao_huong-dan-trien-khai-day-va-hoc-qua-mang-trong-thoi-gian-phong-chong-dich-covid-19?page=204.html
2025-10-30 14:51:32,392 [INFO] Saved Markdown [daa/quydinh_huongdan/huong-dan-day-va-hoc-online]: daa.uit.edu.vn_thongbao_huong-dan-trien-khai-day-va-hoc-qua-mang-trong-thoi-gian-phong-chong-dich-covid-19?page=204.md
2025-10-30 14:51:32,413 [INFO] Saved HTML [daa/quydinh_huongdan/huong-dan-day-va-hoc-online]: daa.uit.edu.vn_thongbao_huong-dan-trien-khai-day-va-hoc-qua-mang-trong-thoi-gian-phong-chong-dich-covid-19?page=206.html
2025-10-30 14:51:32,420 [INFO] Saved Markdown [daa/quydinh_huongdan/huong-dan-day-va-hoc-online]: daa.uit.edu.vn_thongbao_huong-dan-trien-khai-day-va-hoc-qua-mang-trong-thoi-gian-phong-chong-dich-covid-19?page=206.md
2025-10-30 14:51:32,438 [INFO] Saved HTML [daa/quydinh_huongdan/huong-dan-day-va-hoc-online]: daa.uit.edu.vn_thongbao_huong-dan-trien-khai-day-va-hoc-qua-mang-trong-thoi-gian-phong-chong-dich-covid-19?page=205.html
2025-10-30 14:51:32,444 [INFO] Saved Markdown [daa/quydinh_huongdan/huong-dan-day-va-hoc-online]: daa.uit.edu.vn_thongbao_huong-dan-trien-khai-day-va-hoc-qua-mang-trong-thoi-gian-phong-chong-dich-covid-19?page=205.md
2025-10-30 14:51:32,469 [INFO] Saved HTML [daa/quydinh_huongdan/huong-dan-day-va-hoc-online]: daa.uit.edu.vn_thongbao_huong-dan-trien-khai-day-va-hoc-qua-mang-trong-thoi-gian-phong-chong-dich-covid-19?page=207.html
2025-10-30 14:51:32,474 [INFO] Saved Markdown [daa/quydinh_huongdan/huong-dan-day-va-hoc-online]: daa.uit.edu.vn_thongbao_huong-dan-trien-khai-day-va-hoc-qua-mang-trong-thoi-gian-phong-chong-dich-covid-19?page=207.md
2025-10-30 14:51:32,497 [INFO] Saved HTML [daa/quydinh_huongdan/huong-dan-day-va-hoc-online]: daa.uit.edu.vn_thongbao_huong-dan-trien-khai-day-va-hoc-qua-mang-trong-thoi-gian-phong-chong-dich-covid-19?page=209.html
2025-10-30 14:51:32,504 [INFO] Saved Markdown [daa/quydinh_huongdan/huong-dan-day-va-hoc-online]: daa.uit.edu.vn_thongbao_huong-dan-trien-khai-day-va-hoc-qua-mang-trong-thoi-gian-phong-chong-dich-covid-19?page=209.md
2025-10-30 14:51:32,531 [INFO] Saved HTML [daa/quydinh_huongdan/huong-dan-day-va-hoc-online]: daa.uit.edu.vn_thongbao_huong-dan-trien-khai-day-va-hoc-qua-mang-trong-thoi-gian-phong-chong-dich-covid-19?page=208.html
2025-10-30 14:51:32,538 [INFO] Saved Markdown [daa/quydinh_huongdan/huong-dan-day-va-hoc-online]: daa.uit.edu.vn_thongbao_huong-dan-trien-khai-day-va-hoc-qua-mang-trong-thoi-gian-phong-chong-dich-covid-19?page=208.md
2025-10-30 14:51:32,564 [INFO] Saved HTML [daa/quydinh_huongdan/huong-dan-day-va-hoc-online]: daa.uit.edu.vn_thongbao_huong-dan-trien-khai-day-va-hoc-qua-mang-trong-thoi-gian-phong-chong-dich-covid-19?page=210.html
2025-10-30 14:51:32,570 [INFO] Saved Markdown [daa/quydinh_huongdan/huong-dan-day-va-hoc-online]: daa.uit.edu.vn_thongbao_huong-dan-trien-khai-day-va-hoc-qua-mang-trong-thoi-gian-phong-chong-dich-covid-19?page=210.md
2025-10-30 14:51:32,593 [INFO] Saved HTML [daa/quydinh_huongdan/huong-dan-day-va-hoc-online]: daa.uit.edu.vn_thongbao_huong-dan-trien-khai-day-va-hoc-qua-mang-trong-thoi-gian-phong-chong-dich-covid-19?page=211.html
2025-10-30 14:51:32,599 [INFO] Saved Markdown [daa/quydinh_huongdan/huong-dan-day-va-hoc-online]: daa.uit.edu.vn_thongbao_huong-dan-trien-khai-day-va-hoc-qua-mang-trong-thoi-gian-phong-chong-dich-covid-19?page=211.md
2025-10-30 14:51:32,625 [INFO] Saved HTML [daa/quydinh_huongdan/huong-dan-day-va-hoc-online]: daa.uit.edu.vn_thongbao_huong-dan-trien-khai-day-va-hoc-qua-mang-trong-thoi-gian-phong-chong-dich-covid-19?page=213.html
2025-10-30 14:51:32,633 [INFO] Saved Markdown [daa/quydinh_huongdan/huong-dan-day-va-hoc-online]: daa.uit.edu.vn_thongbao_huong-dan-trien-khai-day-va-hoc-qua-mang-trong-thoi-gian-phong-chong-dich-covid-19?page=213.md
2025-10-30 14:51:32,658 [INFO] Saved HTML [daa/quydinh_huongdan/huong-dan-day-va-hoc-online]: daa.uit.edu.vn_thongbao_huong-dan-trien-khai-day-va-hoc-qua-mang-trong-thoi-gian-phong-chong-dich-covid-19?page=212.html
2025-10-30 14:51:32,663 [INFO] Saved Markdown [daa/quydinh_huongdan/huong-dan-day-va-hoc-online]: daa.uit.edu.vn_thongbao_huong-dan-trien-khai-day-va-hoc-qua-mang-trong-thoi-gian-phong-chong-dich-covid-19?page=212.md
2025-10-30 14:51:32,691 [INFO] Saved HTML [daa/quydinh_huongdan/huong-dan-day-va-hoc-online]: daa.uit.edu.vn_thongbao_huong-dan-trien-khai-day-va-hoc-qua-mang-trong-thoi-gian-phong-chong-dich-covid-19?page=214.html
2025-10-30 14:51:32,699 [INFO] Saved Markdown [daa/quydinh_huongdan/huong-dan-day-va-hoc-online]: daa.uit.edu.vn_thongbao_huong-dan-trien-khai-day-va-hoc-qua-mang-trong-thoi-gian-phong-chong-dich-covid-19?page=214.md
2025-10-30 14:51:32,724 [INFO] Saved HTML [daa/quydinh_huongdan/huong-dan-day-va-hoc-online]: daa.uit.edu.vn_thongbao_huong-dan-trien-khai-day-va-hoc-qua-mang-trong-thoi-gian-phong-chong-dich-covid-19?page=215.html
2025-10-30 14:51:32,729 [INFO] Saved Markdown [daa/quydinh_huongdan/huong-dan-day-va-hoc-online]: daa.uit.edu.vn_thongbao_huong-dan-trien-khai-day-va-hoc-qua-mang-trong-thoi-gian-phong-chong-dich-covid-19?page=215.md
2025-10-30 14:51:32,752 [INFO] Saved HTML [daa/quydinh_huongdan/huong-dan-day-va-hoc-online]: daa.uit.edu.vn_thongbao_huong-dan-trien-khai-day-va-hoc-qua-mang-trong-thoi-gian-phong-chong-dich-covid-19?page=216.html
2025-10-30 14:51:32,757 [INFO] Saved Markdown [daa/quydinh_huongdan/huong-dan-day-va-hoc-online]: daa.uit.edu.vn_thongbao_huong-dan-trien-khai-day-va-hoc-qua-mang-trong-thoi-gian-phong-chong-dich-covid-19?page=216.md
2025-10-30 14:51:32,774 [INFO] Saved HTML [daa/quydinh_huongdan/huong-dan-day-va-hoc-online]: daa.uit.edu.vn_thongbao_huong-dan-trien-khai-day-va-hoc-qua-mang-trong-thoi-gian-phong-chong-dich-covid-19?page=217.html
2025-10-30 14:51:32,781 [INFO] Saved Markdown [daa/quydinh_huongdan/huong-dan-day-va-hoc-online]: daa.uit.edu.vn_thongbao_huong-dan-trien-khai-day-va-hoc-qua-mang-trong-thoi-gian-phong-chong-dich-covid-19?page=217.md
2025-10-30 14:51:32,803 [INFO] Saved HTML [daa/quydinh_huongdan/huong-dan-day-va-hoc-online]: daa.uit.edu.vn_thongbao_huong-dan-trien-khai-day-va-hoc-qua-mang-trong-thoi-gian-phong-chong-dich-covid-19?page=218.html
2025-10-30 14:51:32,808 [INFO] Saved Markdown [daa/quydinh_huongdan/huong-dan-day-va-hoc-online]: daa.uit.edu.vn_thongbao_huong-dan-trien-khai-day-va-hoc-qua-mang-trong-thoi-gian-phong-chong-dich-covid-19?page=218.md
2025-10-30 14:51:32,827 [INFO] Saved HTML [daa/quydinh_huongdan/huong-dan-day-va-hoc-online]: daa.uit.edu.vn_thongbao_huong-dan-trien-khai-day-va-hoc-qua-mang-trong-thoi-gian-phong-chong-dich-covid-19?page=219.html
2025-10-30 14:51:32,832 [INFO] Saved Markdown [daa/quydinh_huongdan/huong-dan-day-va-hoc-online]: daa.uit.edu.vn_thongbao_huong-dan-trien-khai-day-va-hoc-qua-mang-trong-thoi-gian-phong-chong-dich-covid-19?page=219.md
2025-10-30 14:51:32,855 [INFO] Saved HTML [daa/quydinh_huongdan/huong-dan-day-va-hoc-online]: daa.uit.edu.vn_thongbao_huong-dan-trien-khai-day-va-hoc-qua-mang-trong-thoi-gian-phong-chong-dich-covid-19?page=221.html
2025-10-30 14:51:32,860 [INFO] Saved Markdown [daa/quydinh_huongdan/huong-dan-day-va-hoc-online]: daa.uit.edu.vn_thongbao_huong-dan-trien-khai-day-va-hoc-qua-mang-trong-thoi-gian-phong-chong-dich-covid-19?page=221.md
2025-10-30 14:51:32,880 [INFO] Saved HTML [daa/quydinh_huongdan/huong-dan-day-va-hoc-online]: daa.uit.edu.vn_thongbao_huong-dan-trien-khai-day-va-hoc-qua-mang-trong-thoi-gian-phong-chong-dich-covid-19?page=220.html
2025-10-30 14:51:32,885 [INFO] Saved Markdown [daa/quydinh_huongdan/huong-dan-day-va-hoc-online]: daa.uit.edu.vn_thongbao_huong-dan-trien-khai-day-va-hoc-qua-mang-trong-thoi-gian-phong-chong-dich-covid-19?page=220.md
2025-10-30 14:51:32,906 [INFO] Saved HTML [daa/quydinh_huongdan/huong-dan-day-va-hoc-online]: daa.uit.edu.vn_thongbao_huong-dan-trien-khai-day-va-hoc-qua-mang-trong-thoi-gian-phong-chong-dich-covid-19?page=222.html
2025-10-30 14:51:32,911 [INFO] Saved Markdown [daa/quydinh_huongdan/huong-dan-day-va-hoc-online]: daa.uit.edu.vn_thongbao_huong-dan-trien-khai-day-va-hoc-qua-mang-trong-thoi-gian-phong-chong-dich-covid-19?page=222.md
2025-10-30 14:51:32,932 [INFO] Saved HTML [daa/quydinh_huongdan/huong-dan-day-va-hoc-online]: daa.uit.edu.vn_thongbao_huong-dan-trien-khai-day-va-hoc-qua-mang-trong-thoi-gian-phong-chong-dich-covid-19?page=224.html
2025-10-30 14:51:32,937 [INFO] Saved Markdown [daa/quydinh_huongdan/huong-dan-day-va-hoc-online]: daa.uit.edu.vn_thongbao_huong-dan-trien-khai-day-va-hoc-qua-mang-trong-thoi-gian-phong-chong-dich-covid-19?page=224.md
2025-10-30 14:51:32,955 [INFO] Saved HTML [daa/quydinh_huongdan/huong-dan-day-va-hoc-online]: daa.uit.edu.vn_thongbao_huong-dan-trien-khai-day-va-hoc-qua-mang-trong-thoi-gian-phong-chong-dich-covid-19?page=223.html
2025-10-30 14:51:32,962 [INFO] Saved Markdown [daa/quydinh_huongdan/huong-dan-day-va-hoc-online]: daa.uit.edu.vn_thongbao_huong-dan-trien-khai-day-va-hoc-qua-mang-trong-thoi-gian-phong-chong-dich-covid-19?page=223.md
2025-10-30 14:51:32,980 [INFO] Saved HTML [daa/quydinh_huongdan/huong-dan-day-va-hoc-online]: daa.uit.edu.vn_thongbao_huong-dan-trien-khai-day-va-hoc-qua-mang-trong-thoi-gian-phong-chong-dich-covid-19?page=226.html
2025-10-30 14:51:32,985 [INFO] Saved Markdown [daa/quydinh_huongdan/huong-dan-day-va-hoc-online]: daa.uit.edu.vn_thongbao_huong-dan-trien-khai-day-va-hoc-qua-mang-trong-thoi-gian-phong-chong-dich-covid-19?page=226.md
2025-10-30 14:51:33,005 [INFO] Saved HTML [daa/quydinh_huongdan/huong-dan-day-va-hoc-online]: daa.uit.edu.vn_thongbao_huong-dan-trien-khai-day-va-hoc-qua-mang-trong-thoi-gian-phong-chong-dich-covid-19?page=225.html
2025-10-30 14:51:33,010 [INFO] Saved Markdown [daa/quydinh_huongdan/huong-dan-day-va-hoc-online]: daa.uit.edu.vn_thongbao_huong-dan-trien-khai-day-va-hoc-qua-mang-trong-thoi-gian-phong-chong-dich-covid-19?page=225.md
2025-10-30 14:51:33,029 [INFO] Saved HTML [daa/quydinh_huongdan/huong-dan-day-va-hoc-online]: daa.uit.edu.vn_thongbao_huong-dan-trien-khai-day-va-hoc-qua-mang-trong-thoi-gian-phong-chong-dich-covid-19?page=227.html
2025-10-30 14:51:33,034 [INFO] Saved Markdown [daa/quydinh_huongdan/huong-dan-day-va-hoc-online]: daa.uit.edu.vn_thongbao_huong-dan-trien-khai-day-va-hoc-qua-mang-trong-thoi-gian-phong-chong-dich-covid-19?page=227.md
2025-10-30 14:51:33,054 [INFO] Saved HTML [daa/quydinh_huongdan/huong-dan-day-va-hoc-online]: daa.uit.edu.vn_thongbao_huong-dan-trien-khai-day-va-hoc-qua-mang-trong-thoi-gian-phong-chong-dich-covid-19?page=230.html
2025-10-30 14:51:33,060 [INFO] Saved Markdown [daa/quydinh_huongdan/huong-dan-day-va-hoc-online]: daa.uit.edu.vn_thongbao_huong-dan-trien-khai-day-va-hoc-qua-mang-trong-thoi-gian-phong-chong-dich-covid-19?page=230.md
2025-10-30 14:51:33,080 [INFO] Saved HTML [daa/quydinh_huongdan/huong-dan-day-va-hoc-online]: daa.uit.edu.vn_thongbao_huong-dan-trien-khai-day-va-hoc-qua-mang-trong-thoi-gian-phong-chong-dich-covid-19?page=229.html
2025-10-30 14:51:33,085 [INFO] Saved Markdown [daa/quydinh_huongdan/huong-dan-day-va-hoc-online]: daa.uit.edu.vn_thongbao_huong-dan-trien-khai-day-va-hoc-qua-mang-trong-thoi-gian-phong-chong-dich-covid-19?page=229.md
2025-10-30 14:51:33,105 [INFO] Saved HTML [daa/quydinh_huongdan/huong-dan-day-va-hoc-online]: daa.uit.edu.vn_thongbao_huong-dan-trien-khai-day-va-hoc-qua-mang-trong-thoi-gian-phong-chong-dich-covid-19?page=228.html
2025-10-30 14:51:33,111 [INFO] Saved Markdown [daa/quydinh_huongdan/huong-dan-day-va-hoc-online]: daa.uit.edu.vn_thongbao_huong-dan-trien-khai-day-va-hoc-qua-mang-trong-thoi-gian-phong-chong-dich-covid-19?page=228.md
2025-10-30 14:51:33,130 [INFO] Saved HTML [daa/quydinh_huongdan/huong-dan-day-va-hoc-online]: daa.uit.edu.vn_thongbao_huong-dan-trien-khai-day-va-hoc-qua-mang-trong-thoi-gian-phong-chong-dich-covid-19?page=233.html
2025-10-30 14:51:33,136 [INFO] Saved Markdown [daa/quydinh_huongdan/huong-dan-day-va-hoc-online]: daa.uit.edu.vn_thongbao_huong-dan-trien-khai-day-va-hoc-qua-mang-trong-thoi-gian-phong-chong-dich-covid-19?page=233.md
2025-10-30 14:51:33,154 [INFO] Saved HTML [daa/quydinh_huongdan/huong-dan-day-va-hoc-online]: daa.uit.edu.vn_thongbao_huong-dan-trien-khai-day-va-hoc-qua-mang-trong-thoi-gian-phong-chong-dich-covid-19?page=234.html
2025-10-30 14:51:33,160 [INFO] Saved Markdown [daa/quydinh_huongdan/huong-dan-day-va-hoc-online]: daa.uit.edu.vn_thongbao_huong-dan-trien-khai-day-va-hoc-qua-mang-trong-thoi-gian-phong-chong-dich-covid-19?page=234.md
2025-10-30 14:51:33,182 [INFO] Saved HTML [daa/quydinh_huongdan/huong-dan-day-va-hoc-online]: daa.uit.edu.vn_thongbao_huong-dan-trien-khai-day-va-hoc-qua-mang-trong-thoi-gian-phong-chong-dich-covid-19?page=231.html
2025-10-30 14:51:33,188 [INFO] Saved Markdown [daa/quydinh_huongdan/huong-dan-day-va-hoc-online]: daa.uit.edu.vn_thongbao_huong-dan-trien-khai-day-va-hoc-qua-mang-trong-thoi-gian-phong-chong-dich-covid-19?page=231.md
2025-10-30 14:51:33,210 [INFO] Saved HTML [daa/quydinh_huongdan/huong-dan-day-va-hoc-online]: daa.uit.edu.vn_thongbao_huong-dan-trien-khai-day-va-hoc-qua-mang-trong-thoi-gian-phong-chong-dich-covid-19?page=232.html
2025-10-30 14:51:33,216 [INFO] Saved Markdown [daa/quydinh_huongdan/huong-dan-day-va-hoc-online]: daa.uit.edu.vn_thongbao_huong-dan-trien-khai-day-va-hoc-qua-mang-trong-thoi-gian-phong-chong-dich-covid-19?page=232.md
2025-10-30 14:51:33,239 [INFO] Saved HTML [daa/quydinh_huongdan/huong-dan-day-va-hoc-online]: daa.uit.edu.vn_thongbao_huong-dan-trien-khai-day-va-hoc-qua-mang-trong-thoi-gian-phong-chong-dich-covid-19?page=235.html
2025-10-30 14:51:33,245 [INFO] Saved Markdown [daa/quydinh_huongdan/huong-dan-day-va-hoc-online]: daa.uit.edu.vn_thongbao_huong-dan-trien-khai-day-va-hoc-qua-mang-trong-thoi-gian-phong-chong-dich-covid-19?page=235.md
2025-10-30 14:51:33,264 [INFO] Saved HTML [daa/quydinh_huongdan/huong-dan-day-va-hoc-online]: daa.uit.edu.vn_thongbao_huong-dan-trien-khai-day-va-hoc-qua-mang-trong-thoi-gian-phong-chong-dich-covid-19?page=238.html
2025-10-30 14:51:33,269 [INFO] Saved Markdown [daa/quydinh_huongdan/huong-dan-day-va-hoc-online]: daa.uit.edu.vn_thongbao_huong-dan-trien-khai-day-va-hoc-qua-mang-trong-thoi-gian-phong-chong-dich-covid-19?page=238.md
2025-10-30 14:51:33,288 [INFO] Saved HTML [daa/quydinh_huongdan/huong-dan-day-va-hoc-online]: daa.uit.edu.vn_thongbao_huong-dan-trien-khai-day-va-hoc-qua-mang-trong-thoi-gian-phong-chong-dich-covid-19?page=236.html
2025-10-30 14:51:33,294 [INFO] Saved Markdown [daa/quydinh_huongdan/huong-dan-day-va-hoc-online]: daa.uit.edu.vn_thongbao_huong-dan-trien-khai-day-va-hoc-qua-mang-trong-thoi-gian-phong-chong-dich-covid-19?page=236.md
2025-10-30 14:51:33,314 [INFO] Saved HTML [daa/quydinh_huongdan/huong-dan-day-va-hoc-online]: daa.uit.edu.vn_thongbao_huong-dan-trien-khai-day-va-hoc-qua-mang-trong-thoi-gian-phong-chong-dich-covid-19?page=237.html
2025-10-30 14:51:33,320 [INFO] Saved Markdown [daa/quydinh_huongdan/huong-dan-day-va-hoc-online]: daa.uit.edu.vn_thongbao_huong-dan-trien-khai-day-va-hoc-qua-mang-trong-thoi-gian-phong-chong-dich-covid-19?page=237.md
2025-10-30 14:51:33,341 [INFO] Saved HTML [daa/quydinh_huongdan/huong-dan-day-va-hoc-online]: daa.uit.edu.vn_thongbao_huong-dan-trien-khai-day-va-hoc-qua-mang-trong-thoi-gian-phong-chong-dich-covid-19?page=241.html
2025-10-30 14:51:33,349 [INFO] Saved Markdown [daa/quydinh_huongdan/huong-dan-day-va-hoc-online]: daa.uit.edu.vn_thongbao_huong-dan-trien-khai-day-va-hoc-qua-mang-trong-thoi-gian-phong-chong-dich-covid-19?page=241.md
2025-10-30 14:51:33,369 [INFO] Saved HTML [daa/quydinh_huongdan/huong-dan-day-va-hoc-online]: daa.uit.edu.vn_thongbao_huong-dan-trien-khai-day-va-hoc-qua-mang-trong-thoi-gian-phong-chong-dich-covid-19?page=242.html
2025-10-30 14:51:33,373 [INFO] Saved Markdown [daa/quydinh_huongdan/huong-dan-day-va-hoc-online]: daa.uit.edu.vn_thongbao_huong-dan-trien-khai-day-va-hoc-qua-mang-trong-thoi-gian-phong-chong-dich-covid-19?page=242.md
2025-10-30 14:51:33,393 [INFO] Saved HTML [daa/quydinh_huongdan/huong-dan-day-va-hoc-online]: daa.uit.edu.vn_thongbao_huong-dan-trien-khai-day-va-hoc-qua-mang-trong-thoi-gian-phong-chong-dich-covid-19?page=239.html
2025-10-30 14:51:33,399 [INFO] Saved Markdown [daa/quydinh_huongdan/huong-dan-day-va-hoc-online]: daa.uit.edu.vn_thongbao_huong-dan-trien-khai-day-va-hoc-qua-mang-trong-thoi-gian-phong-chong-dich-covid-19?page=239.md
2025-10-30 14:51:33,419 [INFO] Saved HTML [daa/quydinh_huongdan/huong-dan-day-va-hoc-online]: daa.uit.edu.vn_thongbao_huong-dan-trien-khai-day-va-hoc-qua-mang-trong-thoi-gian-phong-chong-dich-covid-19?page=240.html
2025-10-30 14:51:33,424 [INFO] Saved Markdown [daa/quydinh_huongdan/huong-dan-day-va-hoc-online]: daa.uit.edu.vn_thongbao_huong-dan-trien-khai-day-va-hoc-qua-mang-trong-thoi-gian-phong-chong-dich-covid-19?page=240.md
2025-10-30 14:51:33,443 [INFO] Saved HTML [daa/quydinh_huongdan/huong-dan-day-va-hoc-online]: daa.uit.edu.vn_thongbao_huong-dan-trien-khai-day-va-hoc-qua-mang-trong-thoi-gian-phong-chong-dich-covid-19?page=244.html
2025-10-30 14:51:33,449 [INFO] Saved Markdown [daa/quydinh_huongdan/huong-dan-day-va-hoc-online]: daa.uit.edu.vn_thongbao_huong-dan-trien-khai-day-va-hoc-qua-mang-trong-thoi-gian-phong-chong-dich-covid-19?page=244.md
2025-10-30 14:51:33,469 [INFO] Saved HTML [daa/quydinh_huongdan/huong-dan-day-va-hoc-online]: daa.uit.edu.vn_thongbao_huong-dan-trien-khai-day-va-hoc-qua-mang-trong-thoi-gian-phong-chong-dich-covid-19?page=245.html
2025-10-30 14:51:33,475 [INFO] Saved Markdown [daa/quydinh_huongdan/huong-dan-day-va-hoc-online]: daa.uit.edu.vn_thongbao_huong-dan-trien-khai-day-va-hoc-qua-mang-trong-thoi-gian-phong-chong-dich-covid-19?page=245.md
2025-10-30 14:51:33,494 [INFO] Saved HTML [daa/quydinh_huongdan/huong-dan-day-va-hoc-online]: daa.uit.edu.vn_thongbao_huong-dan-trien-khai-day-va-hoc-qua-mang-trong-thoi-gian-phong-chong-dich-covid-19?page=243.html
2025-10-30 14:51:33,499 [INFO] Saved Markdown [daa/quydinh_huongdan/huong-dan-day-va-hoc-online]: daa.uit.edu.vn_thongbao_huong-dan-trien-khai-day-va-hoc-qua-mang-trong-thoi-gian-phong-chong-dich-covid-19?page=243.md
2025-10-30 14:51:33,516 [INFO] Saved HTML [daa/quydinh_huongdan/huong-dan-day-va-hoc-online]: daa.uit.edu.vn_thongbao_huong-dan-trien-khai-day-va-hoc-qua-mang-trong-thoi-gian-phong-chong-dich-covid-19?page=246.html
2025-10-30 14:51:33,522 [INFO] Saved Markdown [daa/quydinh_huongdan/huong-dan-day-va-hoc-online]: daa.uit.edu.vn_thongbao_huong-dan-trien-khai-day-va-hoc-qua-mang-trong-thoi-gian-phong-chong-dich-covid-19?page=246.md
2025-10-30 14:51:33,540 [INFO] Saved HTML [daa/quydinh_huongdan/huong-dan-day-va-hoc-online]: daa.uit.edu.vn_thongbao_huong-dan-trien-khai-day-va-hoc-qua-mang-trong-thoi-gian-phong-chong-dich-covid-19?page=249.html
2025-10-30 14:51:33,546 [INFO] Saved Markdown [daa/quydinh_huongdan/huong-dan-day-va-hoc-online]: daa.uit.edu.vn_thongbao_huong-dan-trien-khai-day-va-hoc-qua-mang-trong-thoi-gian-phong-chong-dich-covid-19?page=249.md
2025-10-30 14:51:33,565 [INFO] Saved HTML [daa/quydinh_huongdan/huong-dan-day-va-hoc-online]: daa.uit.edu.vn_thongbao_huong-dan-trien-khai-day-va-hoc-qua-mang-trong-thoi-gian-phong-chong-dich-covid-19?page=247.html
2025-10-30 14:51:33,571 [INFO] Saved Markdown [daa/quydinh_huongdan/huong-dan-day-va-hoc-online]: daa.uit.edu.vn_thongbao_huong-dan-trien-khai-day-va-hoc-qua-mang-trong-thoi-gian-phong-chong-dich-covid-19?page=247.md
2025-10-30 14:51:33,592 [INFO] Saved HTML [daa/quydinh_huongdan/huong-dan-day-va-hoc-online]: daa.uit.edu.vn_thongbao_huong-dan-trien-khai-day-va-hoc-qua-mang-trong-thoi-gian-phong-chong-dich-covid-19?page=250.html
2025-10-30 14:51:33,598 [INFO] Saved Markdown [daa/quydinh_huongdan/huong-dan-day-va-hoc-online]: daa.uit.edu.vn_thongbao_huong-dan-trien-khai-day-va-hoc-qua-mang-trong-thoi-gian-phong-chong-dich-covid-19?page=250.md
2025-10-30 14:51:33,618 [INFO] Saved HTML [daa/quydinh_huongdan/huong-dan-day-va-hoc-online]: daa.uit.edu.vn_thongbao_huong-dan-trien-khai-day-va-hoc-qua-mang-trong-thoi-gian-phong-chong-dich-covid-19?page=251.html
2025-10-30 14:51:33,624 [INFO] Saved Markdown [daa/quydinh_huongdan/huong-dan-day-va-hoc-online]: daa.uit.edu.vn_thongbao_huong-dan-trien-khai-day-va-hoc-qua-mang-trong-thoi-gian-phong-chong-dich-covid-19?page=251.md
2025-10-30 14:51:33,643 [INFO] Saved HTML [daa/quydinh_huongdan/huong-dan-day-va-hoc-online]: daa.uit.edu.vn_thongbao_huong-dan-trien-khai-day-va-hoc-qua-mang-trong-thoi-gian-phong-chong-dich-covid-19?page=248.html
2025-10-30 14:51:33,649 [INFO] Saved Markdown [daa/quydinh_huongdan/huong-dan-day-va-hoc-online]: daa.uit.edu.vn_thongbao_huong-dan-trien-khai-day-va-hoc-qua-mang-trong-thoi-gian-phong-chong-dich-covid-19?page=248.md
2025-10-30 14:51:33,670 [INFO] Saved HTML [daa/quydinh_huongdan/huong-dan-day-va-hoc-online]: daa.uit.edu.vn_thongbao_huong-dan-trien-khai-day-va-hoc-qua-mang-trong-thoi-gian-phong-chong-dich-covid-19?page=253.html
2025-10-30 14:51:33,675 [INFO] Saved Markdown [daa/quydinh_huongdan/huong-dan-day-va-hoc-online]: daa.uit.edu.vn_thongbao_huong-dan-trien-khai-day-va-hoc-qua-mang-trong-thoi-gian-phong-chong-dich-covid-19?page=253.md
2025-10-30 14:51:33,697 [INFO] Saved HTML [daa/quydinh_huongdan/huong-dan-day-va-hoc-online]: daa.uit.edu.vn_thongbao_huong-dan-trien-khai-day-va-hoc-qua-mang-trong-thoi-gian-phong-chong-dich-covid-19?page=254.html
2025-10-30 14:51:33,704 [INFO] Saved Markdown [daa/quydinh_huongdan/huong-dan-day-va-hoc-online]: daa.uit.edu.vn_thongbao_huong-dan-trien-khai-day-va-hoc-qua-mang-trong-thoi-gian-phong-chong-dich-covid-19?page=254.md
2025-10-30 14:51:33,728 [INFO] Saved HTML [daa/quydinh_huongdan/huong-dan-day-va-hoc-online]: daa.uit.edu.vn_thongbao_huong-dan-trien-khai-day-va-hoc-qua-mang-trong-thoi-gian-phong-chong-dich-covid-19?page=255.html
2025-10-30 14:51:33,734 [INFO] Saved Markdown [daa/quydinh_huongdan/huong-dan-day-va-hoc-online]: daa.uit.edu.vn_thongbao_huong-dan-trien-khai-day-va-hoc-qua-mang-trong-thoi-gian-phong-chong-dich-covid-19?page=255.md
2025-10-30 14:51:33,753 [INFO] Saved HTML [daa/quydinh_huongdan/huong-dan-day-va-hoc-online]: daa.uit.edu.vn_thongbao_huong-dan-trien-khai-day-va-hoc-qua-mang-trong-thoi-gian-phong-chong-dich-covid-19?page=252.html
2025-10-30 14:51:33,760 [INFO] Saved Markdown [daa/quydinh_huongdan/huong-dan-day-va-hoc-online]: daa.uit.edu.vn_thongbao_huong-dan-trien-khai-day-va-hoc-qua-mang-trong-thoi-gian-phong-chong-dich-covid-19?page=252.md
2025-10-30 14:51:33,777 [INFO] Saved HTML [daa/quydinh_huongdan/huong-dan-day-va-hoc-online]: daa.uit.edu.vn_thongbao_huong-dan-trien-khai-day-va-hoc-qua-mang-trong-thoi-gian-phong-chong-dich-covid-19?page=258.html
2025-10-30 14:51:33,782 [INFO] Saved Markdown [daa/quydinh_huongdan/huong-dan-day-va-hoc-online]: daa.uit.edu.vn_thongbao_huong-dan-trien-khai-day-va-hoc-qua-mang-trong-thoi-gian-phong-chong-dich-covid-19?page=258.md
2025-10-30 14:51:33,800 [INFO] Saved HTML [daa/quydinh_huongdan/huong-dan-day-va-hoc-online]: daa.uit.edu.vn_thongbao_huong-dan-trien-khai-day-va-hoc-qua-mang-trong-thoi-gian-phong-chong-dich-covid-19?page=256.html
2025-10-30 14:51:33,806 [INFO] Saved Markdown [daa/quydinh_huongdan/huong-dan-day-va-hoc-online]: daa.uit.edu.vn_thongbao_huong-dan-trien-khai-day-va-hoc-qua-mang-trong-thoi-gian-phong-chong-dich-covid-19?page=256.md
2025-10-30 14:51:33,825 [INFO] Saved HTML [daa/quydinh_huongdan/huong-dan-day-va-hoc-online]: daa.uit.edu.vn_thongbao_huong-dan-trien-khai-day-va-hoc-qua-mang-trong-thoi-gian-phong-chong-dich-covid-19?page=259.html
2025-10-30 14:51:33,830 [INFO] Saved Markdown [daa/quydinh_huongdan/huong-dan-day-va-hoc-online]: daa.uit.edu.vn_thongbao_huong-dan-trien-khai-day-va-hoc-qua-mang-trong-thoi-gian-phong-chong-dich-covid-19?page=259.md
2025-10-30 14:51:33,853 [INFO] Saved HTML [daa/quydinh_huongdan/huong-dan-day-va-hoc-online]: daa.uit.edu.vn_thongbao_huong-dan-trien-khai-day-va-hoc-qua-mang-trong-thoi-gian-phong-chong-dich-covid-19?page=257.html
2025-10-30 14:51:33,859 [INFO] Saved Markdown [daa/quydinh_huongdan/huong-dan-day-va-hoc-online]: daa.uit.edu.vn_thongbao_huong-dan-trien-khai-day-va-hoc-qua-mang-trong-thoi-gian-phong-chong-dich-covid-19?page=257.md
2025-10-30 14:51:33,878 [INFO] Saved HTML [daa/quydinh_huongdan/huong-dan-day-va-hoc-online]: daa.uit.edu.vn_thongbao_huong-dan-trien-khai-day-va-hoc-qua-mang-trong-thoi-gian-phong-chong-dich-covid-19?page=260.html
2025-10-30 14:51:33,883 [INFO] Saved Markdown [daa/quydinh_huongdan/huong-dan-day-va-hoc-online]: daa.uit.edu.vn_thongbao_huong-dan-trien-khai-day-va-hoc-qua-mang-trong-thoi-gian-phong-chong-dich-covid-19?page=260.md
2025-10-30 14:51:33,903 [INFO] Saved HTML [daa/quydinh_huongdan/huong-dan-day-va-hoc-online]: daa.uit.edu.vn_thongbao_huong-dan-trien-khai-day-va-hoc-qua-mang-trong-thoi-gian-phong-chong-dich-covid-19?page=262.html
2025-10-30 14:51:33,908 [INFO] Saved Markdown [daa/quydinh_huongdan/huong-dan-day-va-hoc-online]: daa.uit.edu.vn_thongbao_huong-dan-trien-khai-day-va-hoc-qua-mang-trong-thoi-gian-phong-chong-dich-covid-19?page=262.md
2025-10-30 14:51:33,931 [INFO] Saved HTML [daa/quydinh_huongdan/huong-dan-day-va-hoc-online]: daa.uit.edu.vn_thongbao_huong-dan-trien-khai-day-va-hoc-qua-mang-trong-thoi-gian-phong-chong-dich-covid-19?page=263.html
2025-10-30 14:51:33,936 [INFO] Saved Markdown [daa/quydinh_huongdan/huong-dan-day-va-hoc-online]: daa.uit.edu.vn_thongbao_huong-dan-trien-khai-day-va-hoc-qua-mang-trong-thoi-gian-phong-chong-dich-covid-19?page=263.md
2025-10-30 14:51:33,954 [INFO] Saved HTML [daa/quydinh_huongdan/huong-dan-day-va-hoc-online]: daa.uit.edu.vn_thongbao_huong-dan-trien-khai-day-va-hoc-qua-mang-trong-thoi-gian-phong-chong-dich-covid-19?page=261.html
2025-10-30 14:51:33,960 [INFO] Saved Markdown [daa/quydinh_huongdan/huong-dan-day-va-hoc-online]: daa.uit.edu.vn_thongbao_huong-dan-trien-khai-day-va-hoc-qua-mang-trong-thoi-gian-phong-chong-dich-covid-19?page=261.md
2025-10-30 14:51:33,980 [INFO] Saved HTML [daa/quydinh_huongdan/huong-dan-day-va-hoc-online]: daa.uit.edu.vn_thongbao_huong-dan-trien-khai-day-va-hoc-qua-mang-trong-thoi-gian-phong-chong-dich-covid-19?page=266.html
2025-10-30 14:51:33,985 [INFO] Saved Markdown [daa/quydinh_huongdan/huong-dan-day-va-hoc-online]: daa.uit.edu.vn_thongbao_huong-dan-trien-khai-day-va-hoc-qua-mang-trong-thoi-gian-phong-chong-dich-covid-19?page=266.md
2025-10-30 14:51:34,009 [INFO] Saved HTML [daa/quydinh_huongdan/huong-dan-day-va-hoc-online]: daa.uit.edu.vn_thongbao_huong-dan-trien-khai-day-va-hoc-qua-mang-trong-thoi-gian-phong-chong-dich-covid-19?page=265.html
2025-10-30 14:51:34,014 [INFO] Saved Markdown [daa/quydinh_huongdan/huong-dan-day-va-hoc-online]: daa.uit.edu.vn_thongbao_huong-dan-trien-khai-day-va-hoc-qua-mang-trong-thoi-gian-phong-chong-dich-covid-19?page=265.md
2025-10-30 14:51:34,034 [INFO] Saved HTML [daa/quydinh_huongdan/huong-dan-day-va-hoc-online]: daa.uit.edu.vn_thongbao_huong-dan-trien-khai-day-va-hoc-qua-mang-trong-thoi-gian-phong-chong-dich-covid-19?page=264.html
2025-10-30 14:51:34,040 [INFO] Saved Markdown [daa/quydinh_huongdan/huong-dan-day-va-hoc-online]: daa.uit.edu.vn_thongbao_huong-dan-trien-khai-day-va-hoc-qua-mang-trong-thoi-gian-phong-chong-dich-covid-19?page=264.md
2025-10-30 14:51:34,060 [INFO] Saved HTML [daa/quydinh_huongdan/huong-dan-day-va-hoc-online]: daa.uit.edu.vn_thongbao_huong-dan-trien-khai-day-va-hoc-qua-mang-trong-thoi-gian-phong-chong-dich-covid-19?page=267.html
2025-10-30 14:51:34,066 [INFO] Saved Markdown [daa/quydinh_huongdan/huong-dan-day-va-hoc-online]: daa.uit.edu.vn_thongbao_huong-dan-trien-khai-day-va-hoc-qua-mang-trong-thoi-gian-phong-chong-dich-covid-19?page=267.md
2025-10-30 14:51:34,088 [INFO] Saved HTML [daa/quydinh_huongdan/huong-dan-day-va-hoc-online]: daa.uit.edu.vn_thongbao_huong-dan-trien-khai-day-va-hoc-qua-mang-trong-thoi-gian-phong-chong-dich-covid-19?page=268.html
2025-10-30 14:51:34,093 [INFO] Saved Markdown [daa/quydinh_huongdan/huong-dan-day-va-hoc-online]: daa.uit.edu.vn_thongbao_huong-dan-trien-khai-day-va-hoc-qua-mang-trong-thoi-gian-phong-chong-dich-covid-19?page=268.md
2025-10-30 14:51:34,112 [INFO] Saved HTML [daa/quydinh_huongdan/huong-dan-day-va-hoc-online]: daa.uit.edu.vn_thongbao_huong-dan-trien-khai-day-va-hoc-qua-mang-trong-thoi-gian-phong-chong-dich-covid-19?page=270.html
2025-10-30 14:51:34,119 [INFO] Saved Markdown [daa/quydinh_huongdan/huong-dan-day-va-hoc-online]: daa.uit.edu.vn_thongbao_huong-dan-trien-khai-day-va-hoc-qua-mang-trong-thoi-gian-phong-chong-dich-covid-19?page=270.md
2025-10-30 14:51:34,142 [INFO] Saved HTML [daa/quydinh_huongdan/huong-dan-day-va-hoc-online]: daa.uit.edu.vn_thongbao_huong-dan-trien-khai-day-va-hoc-qua-mang-trong-thoi-gian-phong-chong-dich-covid-19?page=271.html
2025-10-30 14:51:34,147 [INFO] Saved Markdown [daa/quydinh_huongdan/huong-dan-day-va-hoc-online]: daa.uit.edu.vn_thongbao_huong-dan-trien-khai-day-va-hoc-qua-mang-trong-thoi-gian-phong-chong-dich-covid-19?page=271.md
2025-10-30 14:51:34,166 [INFO] Saved HTML [daa/quydinh_huongdan/huong-dan-day-va-hoc-online]: daa.uit.edu.vn_thongbao_huong-dan-trien-khai-day-va-hoc-qua-mang-trong-thoi-gian-phong-chong-dich-covid-19?page=269.html
2025-10-30 14:51:34,172 [INFO] Saved Markdown [daa/quydinh_huongdan/huong-dan-day-va-hoc-online]: daa.uit.edu.vn_thongbao_huong-dan-trien-khai-day-va-hoc-qua-mang-trong-thoi-gian-phong-chong-dich-covid-19?page=269.md
2025-10-30 14:51:34,195 [INFO] Saved HTML [daa/quydinh_huongdan/huong-dan-day-va-hoc-online]: daa.uit.edu.vn_thongbao_huong-dan-trien-khai-day-va-hoc-qua-mang-trong-thoi-gian-phong-chong-dich-covid-19?page=272.html
2025-10-30 14:51:34,200 [INFO] Saved Markdown [daa/quydinh_huongdan/huong-dan-day-va-hoc-online]: daa.uit.edu.vn_thongbao_huong-dan-trien-khai-day-va-hoc-qua-mang-trong-thoi-gian-phong-chong-dich-covid-19?page=272.md
2025-10-30 14:51:34,222 [INFO] Saved HTML [daa/quydinh_huongdan/huong-dan-day-va-hoc-online]: daa.uit.edu.vn_thongbao_huong-dan-trien-khai-day-va-hoc-qua-mang-trong-thoi-gian-phong-chong-dich-covid-19?page=273.html
2025-10-30 14:51:34,228 [INFO] Saved Markdown [daa/quydinh_huongdan/huong-dan-day-va-hoc-online]: daa.uit.edu.vn_thongbao_huong-dan-trien-khai-day-va-hoc-qua-mang-trong-thoi-gian-phong-chong-dich-covid-19?page=273.md
2025-10-30 14:51:34,250 [INFO] Saved HTML [daa/quydinh_huongdan/huong-dan-day-va-hoc-online]: daa.uit.edu.vn_thongbao_huong-dan-trien-khai-day-va-hoc-qua-mang-trong-thoi-gian-phong-chong-dich-covid-19?page=274.html
2025-10-30 14:51:34,256 [INFO] Saved Markdown [daa/quydinh_huongdan/huong-dan-day-va-hoc-online]: daa.uit.edu.vn_thongbao_huong-dan-trien-khai-day-va-hoc-qua-mang-trong-thoi-gian-phong-chong-dich-covid-19?page=274.md
2025-10-30 14:51:34,280 [INFO] Saved HTML [daa/quydinh_huongdan/huong-dan-day-va-hoc-online]: daa.uit.edu.vn_thongbao_huong-dan-trien-khai-day-va-hoc-qua-mang-trong-thoi-gian-phong-chong-dich-covid-19?page=275.html
2025-10-30 14:51:34,285 [INFO] Saved Markdown [daa/quydinh_huongdan/huong-dan-day-va-hoc-online]: daa.uit.edu.vn_thongbao_huong-dan-trien-khai-day-va-hoc-qua-mang-trong-thoi-gian-phong-chong-dich-covid-19?page=275.md
2025-10-30 14:51:34,305 [INFO] Saved HTML [daa/quydinh_huongdan/huong-dan-day-va-hoc-online]: daa.uit.edu.vn_thongbao_huong-dan-trien-khai-day-va-hoc-qua-mang-trong-thoi-gian-phong-chong-dich-covid-19?page=277.html
2025-10-30 14:51:34,311 [INFO] Saved Markdown [daa/quydinh_huongdan/huong-dan-day-va-hoc-online]: daa.uit.edu.vn_thongbao_huong-dan-trien-khai-day-va-hoc-qua-mang-trong-thoi-gian-phong-chong-dich-covid-19?page=277.md
2025-10-30 14:51:34,332 [INFO] Saved HTML [daa/quydinh_huongdan/huong-dan-day-va-hoc-online]: daa.uit.edu.vn_thongbao_huong-dan-trien-khai-day-va-hoc-qua-mang-trong-thoi-gian-phong-chong-dich-covid-19?page=279.html
2025-10-30 14:51:34,338 [INFO] Saved Markdown [daa/quydinh_huongdan/huong-dan-day-va-hoc-online]: daa.uit.edu.vn_thongbao_huong-dan-trien-khai-day-va-hoc-qua-mang-trong-thoi-gian-phong-chong-dich-covid-19?page=279.md
2025-10-30 14:51:34,358 [INFO] Saved HTML [daa/quydinh_huongdan/huong-dan-day-va-hoc-online]: daa.uit.edu.vn_thongbao_huong-dan-trien-khai-day-va-hoc-qua-mang-trong-thoi-gian-phong-chong-dich-covid-19?page=276.html
2025-10-30 14:51:34,364 [INFO] Saved Markdown [daa/quydinh_huongdan/huong-dan-day-va-hoc-online]: daa.uit.edu.vn_thongbao_huong-dan-trien-khai-day-va-hoc-qua-mang-trong-thoi-gian-phong-chong-dich-covid-19?page=276.md
2025-10-30 14:51:34,386 [INFO] Saved HTML [daa/quydinh_huongdan/huong-dan-day-va-hoc-online]: daa.uit.edu.vn_thongbao_huong-dan-trien-khai-day-va-hoc-qua-mang-trong-thoi-gian-phong-chong-dich-covid-19?page=278.html
2025-10-30 14:51:34,392 [INFO] Saved Markdown [daa/quydinh_huongdan/huong-dan-day-va-hoc-online]: daa.uit.edu.vn_thongbao_huong-dan-trien-khai-day-va-hoc-qua-mang-trong-thoi-gian-phong-chong-dich-covid-19?page=278.md
2025-10-30 14:51:34,413 [INFO] Saved HTML [daa/quydinh_huongdan/huong-dan-day-va-hoc-online]: daa.uit.edu.vn_thongbao_huong-dan-trien-khai-day-va-hoc-qua-mang-trong-thoi-gian-phong-chong-dich-covid-19?page=282.html
2025-10-30 14:51:34,419 [INFO] Saved Markdown [daa/quydinh_huongdan/huong-dan-day-va-hoc-online]: daa.uit.edu.vn_thongbao_huong-dan-trien-khai-day-va-hoc-qua-mang-trong-thoi-gian-phong-chong-dich-covid-19?page=282.md
2025-10-30 14:51:34,438 [INFO] Saved HTML [daa/quydinh_huongdan/huong-dan-day-va-hoc-online]: daa.uit.edu.vn_thongbao_huong-dan-trien-khai-day-va-hoc-qua-mang-trong-thoi-gian-phong-chong-dich-covid-19?page=283.html
2025-10-30 14:51:34,444 [INFO] Saved Markdown [daa/quydinh_huongdan/huong-dan-day-va-hoc-online]: daa.uit.edu.vn_thongbao_huong-dan-trien-khai-day-va-hoc-qua-mang-trong-thoi-gian-phong-chong-dich-covid-19?page=283.md
2025-10-30 14:51:34,464 [INFO] Saved HTML [daa/quydinh_huongdan/huong-dan-day-va-hoc-online]: daa.uit.edu.vn_thongbao_huong-dan-trien-khai-day-va-hoc-qua-mang-trong-thoi-gian-phong-chong-dich-covid-19?page=280.html
2025-10-30 14:51:34,470 [INFO] Saved Markdown [daa/quydinh_huongdan/huong-dan-day-va-hoc-online]: daa.uit.edu.vn_thongbao_huong-dan-trien-khai-day-va-hoc-qua-mang-trong-thoi-gian-phong-chong-dich-covid-19?page=280.md
2025-10-30 14:51:34,490 [INFO] Saved HTML [daa/quydinh_huongdan/huong-dan-day-va-hoc-online]: daa.uit.edu.vn_thongbao_huong-dan-trien-khai-day-va-hoc-qua-mang-trong-thoi-gian-phong-chong-dich-covid-19?page=281.html
2025-10-30 14:51:34,494 [INFO] Saved Markdown [daa/quydinh_huongdan/huong-dan-day-va-hoc-online]: daa.uit.edu.vn_thongbao_huong-dan-trien-khai-day-va-hoc-qua-mang-trong-thoi-gian-phong-chong-dich-covid-19?page=281.md
2025-10-30 14:51:34,515 [INFO] Saved HTML [daa/quydinh_huongdan/huong-dan-day-va-hoc-online]: daa.uit.edu.vn_thongbao_huong-dan-trien-khai-day-va-hoc-qua-mang-trong-thoi-gian-phong-chong-dich-covid-19?page=285.html
2025-10-30 14:51:34,520 [INFO] Saved Markdown [daa/quydinh_huongdan/huong-dan-day-va-hoc-online]: daa.uit.edu.vn_thongbao_huong-dan-trien-khai-day-va-hoc-qua-mang-trong-thoi-gian-phong-chong-dich-covid-19?page=285.md
2025-10-30 14:51:34,541 [INFO] Saved HTML [daa/quydinh_huongdan/huong-dan-day-va-hoc-online]: daa.uit.edu.vn_thongbao_huong-dan-trien-khai-day-va-hoc-qua-mang-trong-thoi-gian-phong-chong-dich-covid-19?page=286.html
2025-10-30 14:51:34,546 [INFO] Saved Markdown [daa/quydinh_huongdan/huong-dan-day-va-hoc-online]: daa.uit.edu.vn_thongbao_huong-dan-trien-khai-day-va-hoc-qua-mang-trong-thoi-gian-phong-chong-dich-covid-19?page=286.md
2025-10-30 14:51:34,566 [INFO] Saved HTML [daa/quydinh_huongdan/huong-dan-day-va-hoc-online]: daa.uit.edu.vn_thongbao_huong-dan-trien-khai-day-va-hoc-qua-mang-trong-thoi-gian-phong-chong-dich-covid-19?page=284.html
2025-10-30 14:51:34,571 [INFO] Saved Markdown [daa/quydinh_huongdan/huong-dan-day-va-hoc-online]: daa.uit.edu.vn_thongbao_huong-dan-trien-khai-day-va-hoc-qua-mang-trong-thoi-gian-phong-chong-dich-covid-19?page=284.md
2025-10-30 14:51:34,592 [INFO] Saved HTML [daa/quydinh_huongdan/huong-dan-day-va-hoc-online]: daa.uit.edu.vn_thongbao_huong-dan-trien-khai-day-va-hoc-qua-mang-trong-thoi-gian-phong-chong-dich-covid-19?page=287.html
2025-10-30 14:51:34,597 [INFO] Saved Markdown [daa/quydinh_huongdan/huong-dan-day-va-hoc-online]: daa.uit.edu.vn_thongbao_huong-dan-trien-khai-day-va-hoc-qua-mang-trong-thoi-gian-phong-chong-dich-covid-19?page=287.md
2025-10-30 14:51:34,619 [INFO] Saved HTML [daa/quydinh_huongdan/huong-dan-day-va-hoc-online]: daa.uit.edu.vn_thongbao_huong-dan-trien-khai-day-va-hoc-qua-mang-trong-thoi-gian-phong-chong-dich-covid-19?page=289.html
2025-10-30 14:51:34,625 [INFO] Saved Markdown [daa/quydinh_huongdan/huong-dan-day-va-hoc-online]: daa.uit.edu.vn_thongbao_huong-dan-trien-khai-day-va-hoc-qua-mang-trong-thoi-gian-phong-chong-dich-covid-19?page=289.md
2025-10-30 14:51:34,644 [INFO] Saved HTML [daa/quydinh_huongdan/huong-dan-day-va-hoc-online]: daa.uit.edu.vn_thongbao_huong-dan-trien-khai-day-va-hoc-qua-mang-trong-thoi-gian-phong-chong-dich-covid-19?page=288.html
2025-10-30 14:51:34,649 [INFO] Saved Markdown [daa/quydinh_huongdan/huong-dan-day-va-hoc-online]: daa.uit.edu.vn_thongbao_huong-dan-trien-khai-day-va-hoc-qua-mang-trong-thoi-gian-phong-chong-dich-covid-19?page=288.md
2025-10-30 14:51:34,669 [INFO] Saved HTML [daa/quydinh_huongdan/huong-dan-day-va-hoc-online]: daa.uit.edu.vn_thongbao_huong-dan-trien-khai-day-va-hoc-qua-mang-trong-thoi-gian-phong-chong-dich-covid-19?page=290.html
2025-10-30 14:51:34,674 [INFO] Saved Markdown [daa/quydinh_huongdan/huong-dan-day-va-hoc-online]: daa.uit.edu.vn_thongbao_huong-dan-trien-khai-day-va-hoc-qua-mang-trong-thoi-gian-phong-chong-dich-covid-19?page=290.md
2025-10-30 14:51:34,695 [INFO] Saved HTML [daa/quydinh_huongdan/huong-dan-day-va-hoc-online]: daa.uit.edu.vn_thongbao_huong-dan-trien-khai-day-va-hoc-qua-mang-trong-thoi-gian-phong-chong-dich-covid-19?page=291.html
2025-10-30 14:51:34,700 [INFO] Saved Markdown [daa/quydinh_huongdan/huong-dan-day-va-hoc-online]: daa.uit.edu.vn_thongbao_huong-dan-trien-khai-day-va-hoc-qua-mang-trong-thoi-gian-phong-chong-dich-covid-19?page=291.md
2025-10-30 14:51:34,724 [INFO] Saved HTML [daa/quydinh_huongdan/huong-dan-day-va-hoc-online]: daa.uit.edu.vn_thongbao_huong-dan-trien-khai-day-va-hoc-qua-mang-trong-thoi-gian-phong-chong-dich-covid-19?page=292.html
2025-10-30 14:51:34,730 [INFO] Saved Markdown [daa/quydinh_huongdan/huong-dan-day-va-hoc-online]: daa.uit.edu.vn_thongbao_huong-dan-trien-khai-day-va-hoc-qua-mang-trong-thoi-gian-phong-chong-dich-covid-19?page=292.md
2025-10-30 14:51:34,749 [INFO] Saved HTML [daa/quydinh_huongdan/huong-dan-day-va-hoc-online]: daa.uit.edu.vn_thongbao_huong-dan-trien-khai-day-va-hoc-qua-mang-trong-thoi-gian-phong-chong-dich-covid-19?page=293.html
2025-10-30 14:51:34,754 [INFO] Saved Markdown [daa/quydinh_huongdan/huong-dan-day-va-hoc-online]: daa.uit.edu.vn_thongbao_huong-dan-trien-khai-day-va-hoc-qua-mang-trong-thoi-gian-phong-chong-dich-covid-19?page=293.md
2025-10-30 14:51:34,773 [INFO] Saved HTML [daa/quydinh_huongdan/huong-dan-day-va-hoc-online]: daa.uit.edu.vn_thongbao_huong-dan-trien-khai-day-va-hoc-qua-mang-trong-thoi-gian-phong-chong-dich-covid-19?page=295.html
2025-10-30 14:51:34,780 [INFO] Saved Markdown [daa/quydinh_huongdan/huong-dan-day-va-hoc-online]: daa.uit.edu.vn_thongbao_huong-dan-trien-khai-day-va-hoc-qua-mang-trong-thoi-gian-phong-chong-dich-covid-19?page=295.md
2025-10-30 14:51:34,803 [INFO] Saved HTML [daa/quydinh_huongdan/huong-dan-day-va-hoc-online]: daa.uit.edu.vn_thongbao_huong-dan-trien-khai-day-va-hoc-qua-mang-trong-thoi-gian-phong-chong-dich-covid-19?page=294.html
2025-10-30 14:51:34,809 [INFO] Saved Markdown [daa/quydinh_huongdan/huong-dan-day-va-hoc-online]: daa.uit.edu.vn_thongbao_huong-dan-trien-khai-day-va-hoc-qua-mang-trong-thoi-gian-phong-chong-dich-covid-19?page=294.md
2025-10-30 14:51:34,829 [INFO] Saved HTML [daa/quydinh_huongdan/huong-dan-day-va-hoc-online]: daa.uit.edu.vn_thongbao_huong-dan-trien-khai-day-va-hoc-qua-mang-trong-thoi-gian-phong-chong-dich-covid-19?page=296.html
2025-10-30 14:51:34,834 [INFO] Saved Markdown [daa/quydinh_huongdan/huong-dan-day-va-hoc-online]: daa.uit.edu.vn_thongbao_huong-dan-trien-khai-day-va-hoc-qua-mang-trong-thoi-gian-phong-chong-dich-covid-19?page=296.md
2025-10-30 14:51:34,856 [INFO] Saved HTML [daa/quydinh_huongdan/huong-dan-day-va-hoc-online]: daa.uit.edu.vn_thongbao_huong-dan-trien-khai-day-va-hoc-qua-mang-trong-thoi-gian-phong-chong-dich-covid-19?page=297.html
2025-10-30 14:51:34,861 [INFO] Saved Markdown [daa/quydinh_huongdan/huong-dan-day-va-hoc-online]: daa.uit.edu.vn_thongbao_huong-dan-trien-khai-day-va-hoc-qua-mang-trong-thoi-gian-phong-chong-dich-covid-19?page=297.md
2025-10-30 14:51:34,881 [INFO] Saved HTML [daa/quydinh_huongdan/huong-dan-day-va-hoc-online]: daa.uit.edu.vn_thongbao_huong-dan-trien-khai-day-va-hoc-qua-mang-trong-thoi-gian-phong-chong-dich-covid-19?page=300.html
2025-10-30 14:51:34,894 [INFO] Saved Markdown [daa/quydinh_huongdan/huong-dan-day-va-hoc-online]: daa.uit.edu.vn_thongbao_huong-dan-trien-khai-day-va-hoc-qua-mang-trong-thoi-gian-phong-chong-dich-covid-19?page=300.md
2025-10-30 14:51:34,962 [INFO] Saved HTML [daa/quydinh_huongdan/huong-dan-day-va-hoc-online]: daa.uit.edu.vn_thongbao_huong-dan-trien-khai-day-va-hoc-qua-mang-trong-thoi-gian-phong-chong-dich-covid-19?page=299.html
2025-10-30 14:51:34,971 [INFO] Saved Markdown [daa/quydinh_huongdan/huong-dan-day-va-hoc-online]: daa.uit.edu.vn_thongbao_huong-dan-trien-khai-day-va-hoc-qua-mang-trong-thoi-gian-phong-chong-dich-covid-19?page=299.md
2025-10-30 14:51:34,995 [INFO] Saved HTML [daa/quydinh_huongdan/huong-dan-day-va-hoc-online]: daa.uit.edu.vn_thongbao_huong-dan-trien-khai-day-va-hoc-qua-mang-trong-thoi-gian-phong-chong-dich-covid-19?page=298.html
2025-10-30 14:51:35,001 [INFO] Saved Markdown [daa/quydinh_huongdan/huong-dan-day-va-hoc-online]: daa.uit.edu.vn_thongbao_huong-dan-trien-khai-day-va-hoc-qua-mang-trong-thoi-gian-phong-chong-dich-covid-19?page=298.md
2025-10-30 14:51:35,021 [INFO] Saved HTML [daa/quydinh_huongdan/huong-dan-day-va-hoc-online]: daa.uit.edu.vn_thongbao_huong-dan-trien-khai-day-va-hoc-qua-mang-trong-thoi-gian-phong-chong-dich-covid-19?page=301.html
2025-10-30 14:51:35,027 [INFO] Saved Markdown [daa/quydinh_huongdan/huong-dan-day-va-hoc-online]: daa.uit.edu.vn_thongbao_huong-dan-trien-khai-day-va-hoc-qua-mang-trong-thoi-gian-phong-chong-dich-covid-19?page=301.md
2025-10-30 14:51:35,050 [INFO] Saved HTML [daa/quydinh_huongdan/huong-dan-day-va-hoc-online]: daa.uit.edu.vn_thongbao_huong-dan-trien-khai-day-va-hoc-qua-mang-trong-thoi-gian-phong-chong-dich-covid-19?page=304.html
2025-10-30 14:51:35,057 [INFO] Saved Markdown [daa/quydinh_huongdan/huong-dan-day-va-hoc-online]: daa.uit.edu.vn_thongbao_huong-dan-trien-khai-day-va-hoc-qua-mang-trong-thoi-gian-phong-chong-dich-covid-19?page=304.md
2025-10-30 14:51:35,078 [INFO] Saved HTML [daa/quydinh_huongdan/huong-dan-day-va-hoc-online]: daa.uit.edu.vn_thongbao_huong-dan-trien-khai-day-va-hoc-qua-mang-trong-thoi-gian-phong-chong-dich-covid-19?page=302.html
2025-10-30 14:51:35,085 [INFO] Saved Markdown [daa/quydinh_huongdan/huong-dan-day-va-hoc-online]: daa.uit.edu.vn_thongbao_huong-dan-trien-khai-day-va-hoc-qua-mang-trong-thoi-gian-phong-chong-dich-covid-19?page=302.md
2025-10-30 14:51:35,113 [INFO] Saved HTML [daa/quydinh_huongdan/huong-dan-day-va-hoc-online]: daa.uit.edu.vn_thongbao_huong-dan-trien-khai-day-va-hoc-qua-mang-trong-thoi-gian-phong-chong-dich-covid-19?page=303.html
2025-10-30 14:51:35,120 [INFO] Saved Markdown [daa/quydinh_huongdan/huong-dan-day-va-hoc-online]: daa.uit.edu.vn_thongbao_huong-dan-trien-khai-day-va-hoc-qua-mang-trong-thoi-gian-phong-chong-dich-covid-19?page=303.md
2025-10-30 14:51:35,142 [INFO] Saved HTML [daa/quydinh_huongdan/huong-dan-day-va-hoc-online]: daa.uit.edu.vn_thongbao_huong-dan-trien-khai-day-va-hoc-qua-mang-trong-thoi-gian-phong-chong-dich-covid-19?page=305.html
2025-10-30 14:51:35,149 [INFO] Saved Markdown [daa/quydinh_huongdan/huong-dan-day-va-hoc-online]: daa.uit.edu.vn_thongbao_huong-dan-trien-khai-day-va-hoc-qua-mang-trong-thoi-gian-phong-chong-dich-covid-19?page=305.md
2025-10-30 14:51:35,168 [INFO] Saved HTML [daa/quydinh_huongdan/huong-dan-day-va-hoc-online]: daa.uit.edu.vn_thongbao_huong-dan-trien-khai-day-va-hoc-qua-mang-trong-thoi-gian-phong-chong-dich-covid-19?page=306.html
2025-10-30 14:51:35,173 [INFO] Saved Markdown [daa/quydinh_huongdan/huong-dan-day-va-hoc-online]: daa.uit.edu.vn_thongbao_huong-dan-trien-khai-day-va-hoc-qua-mang-trong-thoi-gian-phong-chong-dich-covid-19?page=306.md
2025-10-30 14:51:35,193 [INFO] Saved HTML [daa/quydinh_huongdan/huong-dan-day-va-hoc-online]: daa.uit.edu.vn_thongbao_huong-dan-trien-khai-day-va-hoc-qua-mang-trong-thoi-gian-phong-chong-dich-covid-19?page=308.html
2025-10-30 14:51:35,199 [INFO] Saved Markdown [daa/quydinh_huongdan/huong-dan-day-va-hoc-online]: daa.uit.edu.vn_thongbao_huong-dan-trien-khai-day-va-hoc-qua-mang-trong-thoi-gian-phong-chong-dich-covid-19?page=308.md
2025-10-30 14:51:35,220 [INFO] Saved HTML [daa/quydinh_huongdan/huong-dan-day-va-hoc-online]: daa.uit.edu.vn_thongbao_huong-dan-trien-khai-day-va-hoc-qua-mang-trong-thoi-gian-phong-chong-dich-covid-19?page=307.html
2025-10-30 14:51:35,225 [INFO] Saved Markdown [daa/quydinh_huongdan/huong-dan-day-va-hoc-online]: daa.uit.edu.vn_thongbao_huong-dan-trien-khai-day-va-hoc-qua-mang-trong-thoi-gian-phong-chong-dich-covid-19?page=307.md
2025-10-30 14:51:35,244 [INFO] Saved HTML [daa/quydinh_huongdan/huong-dan-day-va-hoc-online]: daa.uit.edu.vn_thongbao_huong-dan-trien-khai-day-va-hoc-qua-mang-trong-thoi-gian-phong-chong-dich-covid-19?page=311.html
2025-10-30 14:51:35,249 [INFO] Saved Markdown [daa/quydinh_huongdan/huong-dan-day-va-hoc-online]: daa.uit.edu.vn_thongbao_huong-dan-trien-khai-day-va-hoc-qua-mang-trong-thoi-gian-phong-chong-dich-covid-19?page=311.md
2025-10-30 14:51:35,267 [INFO] Saved HTML [daa/quydinh_huongdan/huong-dan-day-va-hoc-online]: daa.uit.edu.vn_thongbao_huong-dan-trien-khai-day-va-hoc-qua-mang-trong-thoi-gian-phong-chong-dich-covid-19?page=309.html
2025-10-30 14:51:35,272 [INFO] Saved Markdown [daa/quydinh_huongdan/huong-dan-day-va-hoc-online]: daa.uit.edu.vn_thongbao_huong-dan-trien-khai-day-va-hoc-qua-mang-trong-thoi-gian-phong-chong-dich-covid-19?page=309.md
2025-10-30 14:51:35,294 [INFO] Saved HTML [daa/quydinh_huongdan/huong-dan-day-va-hoc-online]: daa.uit.edu.vn_thongbao_huong-dan-trien-khai-day-va-hoc-qua-mang-trong-thoi-gian-phong-chong-dich-covid-19?page=312.html
2025-10-30 14:51:35,301 [INFO] Saved Markdown [daa/quydinh_huongdan/huong-dan-day-va-hoc-online]: daa.uit.edu.vn_thongbao_huong-dan-trien-khai-day-va-hoc-qua-mang-trong-thoi-gian-phong-chong-dich-covid-19?page=312.md
2025-10-30 14:51:35,327 [INFO] Saved HTML [daa/quydinh_huongdan/huong-dan-day-va-hoc-online]: daa.uit.edu.vn_thongbao_huong-dan-trien-khai-day-va-hoc-qua-mang-trong-thoi-gian-phong-chong-dich-covid-19?page=310.html
2025-10-30 14:51:35,335 [INFO] Saved Markdown [daa/quydinh_huongdan/huong-dan-day-va-hoc-online]: daa.uit.edu.vn_thongbao_huong-dan-trien-khai-day-va-hoc-qua-mang-trong-thoi-gian-phong-chong-dich-covid-19?page=310.md
2025-10-30 14:51:35,357 [INFO] Saved HTML [daa/quydinh_huongdan/huong-dan-day-va-hoc-online]: daa.uit.edu.vn_thongbao_huong-dan-trien-khai-day-va-hoc-qua-mang-trong-thoi-gian-phong-chong-dich-covid-19?page=313.html
2025-10-30 14:51:35,362 [INFO] Saved Markdown [daa/quydinh_huongdan/huong-dan-day-va-hoc-online]: daa.uit.edu.vn_thongbao_huong-dan-trien-khai-day-va-hoc-qua-mang-trong-thoi-gian-phong-chong-dich-covid-19?page=313.md
2025-10-30 14:51:35,385 [INFO] Saved HTML [daa/quydinh_huongdan/huong-dan-day-va-hoc-online]: daa.uit.edu.vn_thongbao_huong-dan-trien-khai-day-va-hoc-qua-mang-trong-thoi-gian-phong-chong-dich-covid-19?page=314.html
2025-10-30 14:51:35,390 [INFO] Saved Markdown [daa/quydinh_huongdan/huong-dan-day-va-hoc-online]: daa.uit.edu.vn_thongbao_huong-dan-trien-khai-day-va-hoc-qua-mang-trong-thoi-gian-phong-chong-dich-covid-19?page=314.md
2025-10-30 14:51:35,412 [INFO] Saved HTML [daa/quydinh_huongdan/huong-dan-day-va-hoc-online]: daa.uit.edu.vn_thongbao_huong-dan-trien-khai-day-va-hoc-qua-mang-trong-thoi-gian-phong-chong-dich-covid-19?page=315.html
2025-10-30 14:51:35,418 [INFO] Saved Markdown [daa/quydinh_huongdan/huong-dan-day-va-hoc-online]: daa.uit.edu.vn_thongbao_huong-dan-trien-khai-day-va-hoc-qua-mang-trong-thoi-gian-phong-chong-dich-covid-19?page=315.md
2025-10-30 14:51:35,438 [INFO] Saved HTML [daa/quydinh_huongdan/huong-dan-day-va-hoc-online]: daa.uit.edu.vn_thongbao_huong-dan-trien-khai-day-va-hoc-qua-mang-trong-thoi-gian-phong-chong-dich-covid-19?page=316.html
2025-10-30 14:51:35,443 [INFO] Saved Markdown [daa/quydinh_huongdan/huong-dan-day-va-hoc-online]: daa.uit.edu.vn_thongbao_huong-dan-trien-khai-day-va-hoc-qua-mang-trong-thoi-gian-phong-chong-dich-covid-19?page=316.md
2025-10-30 14:51:35,463 [INFO] Saved HTML [daa/quydinh_huongdan/huong-dan-day-va-hoc-online]: daa.uit.edu.vn_thongbao_huong-dan-trien-khai-day-va-hoc-qua-mang-trong-thoi-gian-phong-chong-dich-covid-19?page=319.html
2025-10-30 14:51:35,469 [INFO] Saved Markdown [daa/quydinh_huongdan/huong-dan-day-va-hoc-online]: daa.uit.edu.vn_thongbao_huong-dan-trien-khai-day-va-hoc-qua-mang-trong-thoi-gian-phong-chong-dich-covid-19?page=319.md
2025-10-30 14:51:35,488 [INFO] Saved HTML [daa/quydinh_huongdan/huong-dan-day-va-hoc-online]: daa.uit.edu.vn_thongbao_huong-dan-trien-khai-day-va-hoc-qua-mang-trong-thoi-gian-phong-chong-dich-covid-19?page=317.html
2025-10-30 14:51:35,494 [INFO] Saved Markdown [daa/quydinh_huongdan/huong-dan-day-va-hoc-online]: daa.uit.edu.vn_thongbao_huong-dan-trien-khai-day-va-hoc-qua-mang-trong-thoi-gian-phong-chong-dich-covid-19?page=317.md
2025-10-30 14:51:35,515 [INFO] Saved HTML [daa/quydinh_huongdan/huong-dan-day-va-hoc-online]: daa.uit.edu.vn_thongbao_huong-dan-trien-khai-day-va-hoc-qua-mang-trong-thoi-gian-phong-chong-dich-covid-19?page=318.html
2025-10-30 14:51:35,520 [INFO] Saved Markdown [daa/quydinh_huongdan/huong-dan-day-va-hoc-online]: daa.uit.edu.vn_thongbao_huong-dan-trien-khai-day-va-hoc-qua-mang-trong-thoi-gian-phong-chong-dich-covid-19?page=318.md
2025-10-30 14:51:35,539 [INFO] Saved HTML [daa/quydinh_huongdan/huong-dan-day-va-hoc-online]: daa.uit.edu.vn_thongbao_huong-dan-trien-khai-day-va-hoc-qua-mang-trong-thoi-gian-phong-chong-dich-covid-19?page=320.html
2025-10-30 14:51:35,545 [INFO] Saved Markdown [daa/quydinh_huongdan/huong-dan-day-va-hoc-online]: daa.uit.edu.vn_thongbao_huong-dan-trien-khai-day-va-hoc-qua-mang-trong-thoi-gian-phong-chong-dich-covid-19?page=320.md
2025-10-30 14:51:35,565 [INFO] Saved HTML [daa/quydinh_huongdan/huong-dan-day-va-hoc-online]: daa.uit.edu.vn_thongbao_huong-dan-trien-khai-day-va-hoc-qua-mang-trong-thoi-gian-phong-chong-dich-covid-19?page=324.html
2025-10-30 14:51:35,571 [INFO] Saved Markdown [daa/quydinh_huongdan/huong-dan-day-va-hoc-online]: daa.uit.edu.vn_thongbao_huong-dan-trien-khai-day-va-hoc-qua-mang-trong-thoi-gian-phong-chong-dich-covid-19?page=324.md
2025-10-30 14:51:35,590 [INFO] Saved HTML [daa/quydinh_huongdan/huong-dan-day-va-hoc-online]: daa.uit.edu.vn_thongbao_huong-dan-trien-khai-day-va-hoc-qua-mang-trong-thoi-gian-phong-chong-dich-covid-19?page=323.html
2025-10-30 14:51:35,595 [INFO] Saved Markdown [daa/quydinh_huongdan/huong-dan-day-va-hoc-online]: daa.uit.edu.vn_thongbao_huong-dan-trien-khai-day-va-hoc-qua-mang-trong-thoi-gian-phong-chong-dich-covid-19?page=323.md
2025-10-30 14:51:35,615 [INFO] Saved HTML [daa/quydinh_huongdan/huong-dan-day-va-hoc-online]: daa.uit.edu.vn_thongbao_huong-dan-trien-khai-day-va-hoc-qua-mang-trong-thoi-gian-phong-chong-dich-covid-19?page=321.html
2025-10-30 14:51:35,620 [INFO] Saved Markdown [daa/quydinh_huongdan/huong-dan-day-va-hoc-online]: daa.uit.edu.vn_thongbao_huong-dan-trien-khai-day-va-hoc-qua-mang-trong-thoi-gian-phong-chong-dich-covid-19?page=321.md
2025-10-30 14:51:35,641 [INFO] Saved HTML [daa/quydinh_huongdan/huong-dan-day-va-hoc-online]: daa.uit.edu.vn_thongbao_huong-dan-trien-khai-day-va-hoc-qua-mang-trong-thoi-gian-phong-chong-dich-covid-19?page=322.html
2025-10-30 14:51:35,647 [INFO] Saved Markdown [daa/quydinh_huongdan/huong-dan-day-va-hoc-online]: daa.uit.edu.vn_thongbao_huong-dan-trien-khai-day-va-hoc-qua-mang-trong-thoi-gian-phong-chong-dich-covid-19?page=322.md
2025-10-30 14:51:35,668 [INFO] Saved HTML [daa/quydinh_huongdan/huong-dan-day-va-hoc-online]: daa.uit.edu.vn_thongbao_huong-dan-trien-khai-day-va-hoc-qua-mang-trong-thoi-gian-phong-chong-dich-covid-19?page=327.html
2025-10-30 14:51:35,673 [INFO] Saved Markdown [daa/quydinh_huongdan/huong-dan-day-va-hoc-online]: daa.uit.edu.vn_thongbao_huong-dan-trien-khai-day-va-hoc-qua-mang-trong-thoi-gian-phong-chong-dich-covid-19?page=327.md
2025-10-30 14:51:35,692 [INFO] Saved HTML [daa/quydinh_huongdan/huong-dan-day-va-hoc-online]: daa.uit.edu.vn_thongbao_huong-dan-trien-khai-day-va-hoc-qua-mang-trong-thoi-gian-phong-chong-dich-covid-19?page=328.html
2025-10-30 14:51:35,697 [INFO] Saved Markdown [daa/quydinh_huongdan/huong-dan-day-va-hoc-online]: daa.uit.edu.vn_thongbao_huong-dan-trien-khai-day-va-hoc-qua-mang-trong-thoi-gian-phong-chong-dich-covid-19?page=328.md
2025-10-30 14:51:35,718 [INFO] Saved HTML [daa/quydinh_huongdan/huong-dan-day-va-hoc-online]: daa.uit.edu.vn_thongbao_huong-dan-trien-khai-day-va-hoc-qua-mang-trong-thoi-gian-phong-chong-dich-covid-19?page=325.html
2025-10-30 14:51:35,724 [INFO] Saved Markdown [daa/quydinh_huongdan/huong-dan-day-va-hoc-online]: daa.uit.edu.vn_thongbao_huong-dan-trien-khai-day-va-hoc-qua-mang-trong-thoi-gian-phong-chong-dich-covid-19?page=325.md
2025-10-30 14:51:35,744 [INFO] Saved HTML [daa/quydinh_huongdan/huong-dan-day-va-hoc-online]: daa.uit.edu.vn_thongbao_huong-dan-trien-khai-day-va-hoc-qua-mang-trong-thoi-gian-phong-chong-dich-covid-19?page=326.html
2025-10-30 14:51:35,750 [INFO] Saved Markdown [daa/quydinh_huongdan/huong-dan-day-va-hoc-online]: daa.uit.edu.vn_thongbao_huong-dan-trien-khai-day-va-hoc-qua-mang-trong-thoi-gian-phong-chong-dich-covid-19?page=326.md
2025-10-30 14:51:35,771 [INFO] Saved HTML [daa/quydinh_huongdan/huong-dan-day-va-hoc-online]: daa.uit.edu.vn_thongbao_huong-dan-trien-khai-day-va-hoc-qua-mang-trong-thoi-gian-phong-chong-dich-covid-19?page=329.html
2025-10-30 14:51:35,778 [INFO] Saved Markdown [daa/quydinh_huongdan/huong-dan-day-va-hoc-online]: daa.uit.edu.vn_thongbao_huong-dan-trien-khai-day-va-hoc-qua-mang-trong-thoi-gian-phong-chong-dich-covid-19?page=329.md
2025-10-30 14:51:35,798 [INFO] Saved HTML [daa/quydinh_huongdan/huong-dan-day-va-hoc-online]: daa.uit.edu.vn_thongbao_huong-dan-trien-khai-day-va-hoc-qua-mang-trong-thoi-gian-phong-chong-dich-covid-19?page=330.html
2025-10-30 14:51:35,804 [INFO] Saved Markdown [daa/quydinh_huongdan/huong-dan-day-va-hoc-online]: daa.uit.edu.vn_thongbao_huong-dan-trien-khai-day-va-hoc-qua-mang-trong-thoi-gian-phong-chong-dich-covid-19?page=330.md
2025-10-30 14:51:35,825 [INFO] Saved HTML [daa/quydinh_huongdan/huong-dan-day-va-hoc-online]: daa.uit.edu.vn_thongbao_huong-dan-trien-khai-day-va-hoc-qua-mang-trong-thoi-gian-phong-chong-dich-covid-19?page=331.html
2025-10-30 14:51:35,831 [INFO] Saved Markdown [daa/quydinh_huongdan/huong-dan-day-va-hoc-online]: daa.uit.edu.vn_thongbao_huong-dan-trien-khai-day-va-hoc-qua-mang-trong-thoi-gian-phong-chong-dich-covid-19?page=331.md
2025-10-30 14:51:35,855 [INFO] Saved HTML [daa/quydinh_huongdan/huong-dan-day-va-hoc-online]: daa.uit.edu.vn_thongbao_huong-dan-trien-khai-day-va-hoc-qua-mang-trong-thoi-gian-phong-chong-dich-covid-19?page=332.html
2025-10-30 14:51:35,862 [INFO] Saved Markdown [daa/quydinh_huongdan/huong-dan-day-va-hoc-online]: daa.uit.edu.vn_thongbao_huong-dan-trien-khai-day-va-hoc-qua-mang-trong-thoi-gian-phong-chong-dich-covid-19?page=332.md
2025-10-30 14:51:35,884 [INFO] Saved HTML [daa/quydinh_huongdan/huong-dan-day-va-hoc-online]: daa.uit.edu.vn_thongbao_huong-dan-trien-khai-day-va-hoc-qua-mang-trong-thoi-gian-phong-chong-dich-covid-19?page=333.html
2025-10-30 14:51:35,890 [INFO] Saved Markdown [daa/quydinh_huongdan/huong-dan-day-va-hoc-online]: daa.uit.edu.vn_thongbao_huong-dan-trien-khai-day-va-hoc-qua-mang-trong-thoi-gian-phong-chong-dich-covid-19?page=333.md
2025-10-30 14:51:35,910 [INFO] Saved HTML [daa/quydinh_huongdan/huong-dan-day-va-hoc-online]: daa.uit.edu.vn_thongbao_huong-dan-trien-khai-day-va-hoc-qua-mang-trong-thoi-gian-phong-chong-dich-covid-19?page=334.html
2025-10-30 14:51:35,915 [INFO] Saved Markdown [daa/quydinh_huongdan/huong-dan-day-va-hoc-online]: daa.uit.edu.vn_thongbao_huong-dan-trien-khai-day-va-hoc-qua-mang-trong-thoi-gian-phong-chong-dich-covid-19?page=334.md
2025-10-30 14:51:35,937 [INFO] Saved HTML [daa/quydinh_huongdan/huong-dan-day-va-hoc-online]: daa.uit.edu.vn_thongbao_huong-dan-trien-khai-day-va-hoc-qua-mang-trong-thoi-gian-phong-chong-dich-covid-19?page=335.html
2025-10-30 14:51:35,943 [INFO] Saved Markdown [daa/quydinh_huongdan/huong-dan-day-va-hoc-online]: daa.uit.edu.vn_thongbao_huong-dan-trien-khai-day-va-hoc-qua-mang-trong-thoi-gian-phong-chong-dich-covid-19?page=335.md
2025-10-30 14:51:35,964 [INFO] Saved HTML [daa/quydinh_huongdan/huong-dan-day-va-hoc-online]: daa.uit.edu.vn_thongbao_huong-dan-trien-khai-day-va-hoc-qua-mang-trong-thoi-gian-phong-chong-dich-covid-19?page=336.html
2025-10-30 14:51:35,968 [INFO] Saved Markdown [daa/quydinh_huongdan/huong-dan-day-va-hoc-online]: daa.uit.edu.vn_thongbao_huong-dan-trien-khai-day-va-hoc-qua-mang-trong-thoi-gian-phong-chong-dich-covid-19?page=336.md
2025-10-30 14:51:35,988 [INFO] Saved HTML [daa/quydinh_huongdan/huong-dan-day-va-hoc-online]: daa.uit.edu.vn_thongbao_huong-dan-trien-khai-day-va-hoc-qua-mang-trong-thoi-gian-phong-chong-dich-covid-19?page=337.html
2025-10-30 14:51:35,993 [INFO] Saved Markdown [daa/quydinh_huongdan/huong-dan-day-va-hoc-online]: daa.uit.edu.vn_thongbao_huong-dan-trien-khai-day-va-hoc-qua-mang-trong-thoi-gian-phong-chong-dich-covid-19?page=337.md
2025-10-30 14:51:36,016 [INFO] Saved HTML [daa/quydinh_huongdan/huong-dan-day-va-hoc-online]: daa.uit.edu.vn_thongbao_huong-dan-trien-khai-day-va-hoc-qua-mang-trong-thoi-gian-phong-chong-dich-covid-19?page=340.html
2025-10-30 14:51:36,021 [INFO] Saved Markdown [daa/quydinh_huongdan/huong-dan-day-va-hoc-online]: daa.uit.edu.vn_thongbao_huong-dan-trien-khai-day-va-hoc-qua-mang-trong-thoi-gian-phong-chong-dich-covid-19?page=340.md
2025-10-30 14:51:36,040 [INFO] Saved HTML [daa/quydinh_huongdan/huong-dan-day-va-hoc-online]: daa.uit.edu.vn_thongbao_huong-dan-trien-khai-day-va-hoc-qua-mang-trong-thoi-gian-phong-chong-dich-covid-19?page=338.html
2025-10-30 14:51:36,044 [INFO] Saved Markdown [daa/quydinh_huongdan/huong-dan-day-va-hoc-online]: daa.uit.edu.vn_thongbao_huong-dan-trien-khai-day-va-hoc-qua-mang-trong-thoi-gian-phong-chong-dich-covid-19?page=338.md
2025-10-30 14:51:36,066 [INFO] Saved HTML [daa/quydinh_huongdan/huong-dan-day-va-hoc-online]: daa.uit.edu.vn_thongbao_huong-dan-trien-khai-day-va-hoc-qua-mang-trong-thoi-gian-phong-chong-dich-covid-19?page=339.html
2025-10-30 14:51:36,072 [INFO] Saved Markdown [daa/quydinh_huongdan/huong-dan-day-va-hoc-online]: daa.uit.edu.vn_thongbao_huong-dan-trien-khai-day-va-hoc-qua-mang-trong-thoi-gian-phong-chong-dich-covid-19?page=339.md
2025-10-30 14:51:36,092 [INFO] Saved HTML [daa/quydinh_huongdan/huong-dan-day-va-hoc-online]: daa.uit.edu.vn_thongbao_huong-dan-trien-khai-day-va-hoc-qua-mang-trong-thoi-gian-phong-chong-dich-covid-19?page=341.html
2025-10-30 14:51:36,098 [INFO] Saved Markdown [daa/quydinh_huongdan/huong-dan-day-va-hoc-online]: daa.uit.edu.vn_thongbao_huong-dan-trien-khai-day-va-hoc-qua-mang-trong-thoi-gian-phong-chong-dich-covid-19?page=341.md
2025-10-30 14:51:36,118 [INFO] Saved HTML [daa/quydinh_huongdan/huong-dan-day-va-hoc-online]: daa.uit.edu.vn_thongbao_huong-dan-trien-khai-day-va-hoc-qua-mang-trong-thoi-gian-phong-chong-dich-covid-19?page=342.html
2025-10-30 14:51:36,123 [INFO] Saved Markdown [daa/quydinh_huongdan/huong-dan-day-va-hoc-online]: daa.uit.edu.vn_thongbao_huong-dan-trien-khai-day-va-hoc-qua-mang-trong-thoi-gian-phong-chong-dich-covid-19?page=342.md
2025-10-30 14:51:36,146 [INFO] Saved HTML [daa/quydinh_huongdan/huong-dan-day-va-hoc-online]: daa.uit.edu.vn_thongbao_huong-dan-trien-khai-day-va-hoc-qua-mang-trong-thoi-gian-phong-chong-dich-covid-19?page=344.html
2025-10-30 14:51:36,151 [INFO] Saved Markdown [daa/quydinh_huongdan/huong-dan-day-va-hoc-online]: daa.uit.edu.vn_thongbao_huong-dan-trien-khai-day-va-hoc-qua-mang-trong-thoi-gian-phong-chong-dich-covid-19?page=344.md
2025-10-30 14:51:36,171 [INFO] Saved HTML [daa/quydinh_huongdan/huong-dan-day-va-hoc-online]: daa.uit.edu.vn_thongbao_huong-dan-trien-khai-day-va-hoc-qua-mang-trong-thoi-gian-phong-chong-dich-covid-19?page=343.html
2025-10-30 14:51:36,176 [INFO] Saved Markdown [daa/quydinh_huongdan/huong-dan-day-va-hoc-online]: daa.uit.edu.vn_thongbao_huong-dan-trien-khai-day-va-hoc-qua-mang-trong-thoi-gian-phong-chong-dich-covid-19?page=343.md
2025-10-30 14:51:36,180 [INFO] Found 1 potential numbered items in https://daa.uit.edu.vn/thongbao/huong-dan-trien-khai-day-va-hoc-qua-mang-trong-thoi-gian-phong-chong-dich-covid-19?page=345
2025-10-30 14:51:36,181 [INFO] Cached numbered doc: https://daa.uit.edu.vn/35-quy-trinh-cong-nhan-tin-chi-trong-dao-tao-dai-hoc-cua-truong-dai-hoc-cong-nghe-thong-tin -> 35. Quy trình công nhận tín chỉ trong đào tạo đại học của Trường Đại học Công nghệ Thông tin
2025-10-30 14:51:36,181 [INFO] Successfully cached 1 numbered docs from https://daa.uit.edu.vn/thongbao/huong-dan-trien-khai-day-va-hoc-qua-mang-trong-thoi-gian-phong-chong-dich-covid-19?page=345
2025-10-30 14:51:36,196 [INFO] Saved HTML [daa/quydinh_huongdan/huong-dan-day-va-hoc-online]: daa.uit.edu.vn_thongbao_huong-dan-trien-khai-day-va-hoc-qua-mang-trong-thoi-gian-phong-chong-dich-covid-19?page=345.html
2025-10-30 14:51:36,202 [INFO] Saved Markdown [daa/quydinh_huongdan/huong-dan-day-va-hoc-online]: daa.uit.edu.vn_thongbao_huong-dan-trien-khai-day-va-hoc-qua-mang-trong-thoi-gian-phong-chong-dich-covid-19?page=345.md
2025-10-30 14:51:36,222 [INFO] Saved HTML [daa/quydinh_huongdan/huong-dan-day-va-hoc-online]: daa.uit.edu.vn_thongbao_huong-dan-trien-khai-day-va-hoc-qua-mang-trong-thoi-gian-phong-chong-dich-covid-19?page=348.html
2025-10-30 14:51:36,228 [INFO] Saved Markdown [daa/quydinh_huongdan/huong-dan-day-va-hoc-online]: daa.uit.edu.vn_thongbao_huong-dan-trien-khai-day-va-hoc-qua-mang-trong-thoi-gian-phong-chong-dich-covid-19?page=348.md
2025-10-30 14:51:36,247 [INFO] Saved HTML [daa/quydinh_huongdan/huong-dan-day-va-hoc-online]: daa.uit.edu.vn_thongbao_huong-dan-trien-khai-day-va-hoc-qua-mang-trong-thoi-gian-phong-chong-dich-covid-19?page=346.html
2025-10-30 14:51:36,252 [INFO] Saved Markdown [daa/quydinh_huongdan/huong-dan-day-va-hoc-online]: daa.uit.edu.vn_thongbao_huong-dan-trien-khai-day-va-hoc-qua-mang-trong-thoi-gian-phong-chong-dich-covid-19?page=346.md
2025-10-30 14:51:36,274 [INFO] Saved HTML [daa/quydinh_huongdan/huong-dan-day-va-hoc-online]: daa.uit.edu.vn_thongbao_huong-dan-trien-khai-day-va-hoc-qua-mang-trong-thoi-gian-phong-chong-dich-covid-19?page=347.html
2025-10-30 14:51:36,280 [INFO] Saved Markdown [daa/quydinh_huongdan/huong-dan-day-va-hoc-online]: daa.uit.edu.vn_thongbao_huong-dan-trien-khai-day-va-hoc-qua-mang-trong-thoi-gian-phong-chong-dich-covid-19?page=347.md
2025-10-30 14:51:36,300 [INFO] Saved HTML [daa/quydinh_huongdan/huong-dan-day-va-hoc-online]: daa.uit.edu.vn_thongbao_huong-dan-trien-khai-day-va-hoc-qua-mang-trong-thoi-gian-phong-chong-dich-covid-19?page=349.html
2025-10-30 14:51:36,305 [INFO] Saved Markdown [daa/quydinh_huongdan/huong-dan-day-va-hoc-online]: daa.uit.edu.vn_thongbao_huong-dan-trien-khai-day-va-hoc-qua-mang-trong-thoi-gian-phong-chong-dich-covid-19?page=349.md
2025-10-30 14:51:36,324 [INFO] Saved HTML [daa/quydinh_huongdan/huong-dan-day-va-hoc-online]: daa.uit.edu.vn_thongbao_huong-dan-trien-khai-day-va-hoc-qua-mang-trong-thoi-gian-phong-chong-dich-covid-19?page=351.html
2025-10-30 14:51:36,330 [INFO] Saved Markdown [daa/quydinh_huongdan/huong-dan-day-va-hoc-online]: daa.uit.edu.vn_thongbao_huong-dan-trien-khai-day-va-hoc-qua-mang-trong-thoi-gian-phong-chong-dich-covid-19?page=351.md
2025-10-30 14:51:36,353 [INFO] Saved HTML [daa/quydinh_huongdan/huong-dan-day-va-hoc-online]: daa.uit.edu.vn_thongbao_huong-dan-trien-khai-day-va-hoc-qua-mang-trong-thoi-gian-phong-chong-dich-covid-19?page=350.html
2025-10-30 14:51:36,359 [INFO] Saved Markdown [daa/quydinh_huongdan/huong-dan-day-va-hoc-online]: daa.uit.edu.vn_thongbao_huong-dan-trien-khai-day-va-hoc-qua-mang-trong-thoi-gian-phong-chong-dich-covid-19?page=350.md
2025-10-30 14:51:36,378 [INFO] Saved HTML [daa/quydinh_huongdan/huong-dan-day-va-hoc-online]: daa.uit.edu.vn_thongbao_huong-dan-trien-khai-day-va-hoc-qua-mang-trong-thoi-gian-phong-chong-dich-covid-19?page=352.html
2025-10-30 14:51:36,383 [INFO] Saved Markdown [daa/quydinh_huongdan/huong-dan-day-va-hoc-online]: daa.uit.edu.vn_thongbao_huong-dan-trien-khai-day-va-hoc-qua-mang-trong-thoi-gian-phong-chong-dich-covid-19?page=352.md
2025-10-30 14:51:36,401 [INFO] Saved HTML [daa/quydinh_huongdan/huong-dan-day-va-hoc-online]: daa.uit.edu.vn_thongbao_huong-dan-trien-khai-day-va-hoc-qua-mang-trong-thoi-gian-phong-chong-dich-covid-19?page=353.html
2025-10-30 14:51:36,406 [INFO] Saved Markdown [daa/quydinh_huongdan/huong-dan-day-va-hoc-online]: daa.uit.edu.vn_thongbao_huong-dan-trien-khai-day-va-hoc-qua-mang-trong-thoi-gian-phong-chong-dich-covid-19?page=353.md
2025-10-30 14:51:36,409 [INFO] Saved 500/500 pages, skipped 0 (cached) from https://daa.uit.edu.vn/thongbao/huong-dan-trien-khai-day-va-hoc-qua-mang-trong-thoi-gian-phong-chong-dich-covid-19
2025-10-30 14:51:36,410 [INFO] Found 1 new numbered detail pages to crawl from https://daa.uit.edu.vn/thongbao/huong-dan-trien-khai-day-va-hoc-qua-mang-trong-thoi-gian-phong-chong-dich-covid-19
2025-10-30 14:51:36,410 [INFO] Crawling numbered detail: https://daa.uit.edu.vn/35-quy-trinh-cong-nhan-tin-chi-trong-dao-tao-dai-hoc-cua-truong-dai-hoc-cong-nghe-thong-tin
2025-10-30 14:52:22,698 [INFO] Using cached numbered doc: 35-quy-trinh-cong-nhan-tin-chi-trong-dao-tao-dai-hoc-cua-truong-dai-hoc-cong-nghe-thong-tin in qui-che-qui-dinh-qui-trinh
2025-10-30 14:52:22,704 [INFO] Saved HTML [daa/quydinh_huongdan/qui-che-qui-dinh-qui-trinh/35-quy-trinh-cong-nhan-tin-chi-trong-dao-tao-dai-hoc-cua-truong-dai-hoc-cong-nghe-thong-tin]: daa.uit.edu.vn_35-quy-trinh-cong-nhan-tin-chi-trong-dao-tao-dai-hoc-cua-truong-dai-hoc-cong-nghe-thong-tin.html
2025-10-30 14:52:22,713 [INFO] Saved Markdown [daa/quydinh_huongdan/qui-che-qui-dinh-qui-trinh/35-quy-trinh-cong-nhan-tin-chi-trong-dao-tao-dai-hoc-cua-truong-dai-hoc-cong-nghe-thong-tin]: daa.uit.edu.vn_35-quy-trinh-cong-nhan-tin-chi-trong-dao-tao-dai-hoc-cua-truong-dai-hoc-cong-nghe-thong-tin.md
2025-10-30 14:52:22,717 [INFO] ✓ Saved numbered detail: https://daa.uit.edu.vn/35-quy-trinh-cong-nhan-tin-chi-trong-dao-tao-dai-hoc-cua-truong-dai-hoc-cong-nghe-thong-tin
2025-10-30 14:52:24,720 [INFO] Starting crawl for: https://daa.uit.edu.vn/kehoachnam (attempt 1/3)
2025-10-30 14:52:24,722 [INFO] Progress: 16/43 seeds completed
2025-10-30 14:53:09,891 [INFO] Crawled 1 pages from https://daa.uit.edu.vn/kehoachnam
2025-10-30 14:53:09,909 [INFO] Saved HTML [daa/kehoachnam]: daa.uit.edu.vn_kehoachnam.html
2025-10-30 14:53:09,914 [INFO] Saved Markdown [daa/kehoachnam]: daa.uit.edu.vn_kehoachnam.md
2025-10-30 14:53:09,917 [INFO] Saved 1/1 pages, skipped 0 (cached) from https://daa.uit.edu.vn/kehoachnam
2025-10-30 14:53:09,918 [INFO] Starting crawl for: https://daa.uit.edu.vn/cqui/ctdt-khoa-2025 (attempt 1/3)
2025-10-30 14:53:09,921 [INFO] Progress: 17/43 seeds completed
2025-10-30 14:53:55,126 [INFO] Crawled 1 pages from https://daa.uit.edu.vn/cqui/ctdt-khoa-2025
2025-10-30 14:53:55,147 [INFO] Saved HTML [daa/chuongtrinh_daotao/he-chinhquy/khoa-2025]: daa.uit.edu.vn_cqui_ctdt-khoa-2025.html
2025-10-30 14:53:55,153 [INFO] Saved Markdown [daa/chuongtrinh_daotao/he-chinhquy/khoa-2025]: daa.uit.edu.vn_cqui_ctdt-khoa-2025.md
2025-10-30 14:53:55,157 [INFO] Saved 1/1 pages, skipped 0 (cached) from https://daa.uit.edu.vn/cqui/ctdt-khoa-2025
2025-10-30 14:53:55,157 [INFO] Starting crawl for: https://daa.uit.edu.vn/cqui/ctdt-khoa-2024 (attempt 1/3)
2025-10-30 14:53:55,160 [INFO] Progress: 18/43 seeds completed
2025-10-30 14:54:40,360 [INFO] Crawled 1 pages from https://daa.uit.edu.vn/cqui/ctdt-khoa-2024
2025-10-30 14:54:40,378 [INFO] Saved HTML [daa/chuongtrinh_daotao/he-chinhquy/khoa-2024]: daa.uit.edu.vn_cqui_ctdt-khoa-2024.html
2025-10-30 14:54:40,383 [INFO] Saved Markdown [daa/chuongtrinh_daotao/he-chinhquy/khoa-2024]: daa.uit.edu.vn_cqui_ctdt-khoa-2024.md
2025-10-30 14:54:40,386 [INFO] Saved 1/1 pages, skipped 0 (cached) from https://daa.uit.edu.vn/cqui/ctdt-khoa-2024
2025-10-30 14:54:40,386 [INFO] Starting crawl for: https://daa.uit.edu.vn/cqui/ctdt-khoa-2023 (attempt 1/3)
2025-10-30 14:54:40,388 [INFO] Progress: 19/43 seeds completed
2025-10-30 14:55:25,497 [INFO] Crawled 1 pages from https://daa.uit.edu.vn/cqui/ctdt-khoa-2023
2025-10-30 14:55:25,519 [INFO] Saved HTML [daa/chuongtrinh_daotao/he-chinhquy/khoa-2023]: daa.uit.edu.vn_cqui_ctdt-khoa-2023.html
2025-10-30 14:55:25,526 [INFO] Saved Markdown [daa/chuongtrinh_daotao/he-chinhquy/khoa-2023]: daa.uit.edu.vn_cqui_ctdt-khoa-2023.md
2025-10-30 14:55:25,529 [INFO] Saved 1/1 pages, skipped 0 (cached) from https://daa.uit.edu.vn/cqui/ctdt-khoa-2023
2025-10-30 14:55:25,530 [INFO] Starting crawl for: https://daa.uit.edu.vn/cqui/ctdt-khoa-2022 (attempt 1/3)
2025-10-30 14:55:25,533 [INFO] Progress: 20/43 seeds completed
2025-10-30 14:55:25,536 [INFO] Statistics saved to /data/crawl_stats.json
2025-10-30 14:56:10,638 [INFO] Crawled 1 pages from https://daa.uit.edu.vn/cqui/ctdt-khoa-2022
2025-10-30 14:56:10,653 [INFO] Saved HTML [daa/chuongtrinh_daotao/he-chinhquy/khoa-2022]: daa.uit.edu.vn_cqui_ctdt-khoa-2022.html
2025-10-30 14:56:10,659 [INFO] Saved Markdown [daa/chuongtrinh_daotao/he-chinhquy/khoa-2022]: daa.uit.edu.vn_cqui_ctdt-khoa-2022.md
2025-10-30 14:56:10,664 [INFO] Saved 1/1 pages, skipped 0 (cached) from https://daa.uit.edu.vn/cqui/ctdt-khoa-2022
2025-10-30 14:56:10,664 [INFO] Starting crawl for: https://daa.uit.edu.vn/cqui/ctdt-khoa-2021 (attempt 1/3)
2025-10-30 14:56:10,668 [INFO] Progress: 21/43 seeds completed
2025-10-30 14:56:55,769 [INFO] Crawled 1 pages from https://daa.uit.edu.vn/cqui/ctdt-khoa-2021
2025-10-30 14:56:55,787 [INFO] Saved HTML [daa/chuongtrinh_daotao/he-chinhquy/khoa-2021]: daa.uit.edu.vn_cqui_ctdt-khoa-2021.html
2025-10-30 14:56:55,792 [INFO] Saved Markdown [daa/chuongtrinh_daotao/he-chinhquy/khoa-2021]: daa.uit.edu.vn_cqui_ctdt-khoa-2021.md
2025-10-30 14:56:55,796 [INFO] Saved 1/1 pages, skipped 0 (cached) from https://daa.uit.edu.vn/cqui/ctdt-khoa-2021
2025-10-30 14:56:55,796 [INFO] Starting crawl for: https://daa.uit.edu.vn/cqui/ctdt-khoa-2020 (attempt 1/3)
2025-10-30 14:56:55,799 [INFO] Progress: 22/43 seeds completed
2025-10-30 14:57:40,901 [INFO] Crawled 1 pages from https://daa.uit.edu.vn/cqui/ctdt-khoa-2020
2025-10-30 14:57:40,914 [INFO] Saved HTML [daa/chuongtrinh_daotao/he-chinhquy/khoa-2020]: daa.uit.edu.vn_cqui_ctdt-khoa-2020.html
2025-10-30 14:57:40,919 [INFO] Saved Markdown [daa/chuongtrinh_daotao/he-chinhquy/khoa-2020]: daa.uit.edu.vn_cqui_ctdt-khoa-2020.md
2025-10-30 14:57:40,923 [INFO] Saved 1/1 pages, skipped 0 (cached) from https://daa.uit.edu.vn/cqui/ctdt-khoa-2020
2025-10-30 14:57:40,923 [INFO] Starting crawl for: https://daa.uit.edu.vn/cqui/ctdt-khoa-2019 (attempt 1/3)
2025-10-30 14:57:40,925 [INFO] Progress: 23/43 seeds completed
2025-10-30 14:58:26,026 [INFO] Crawled 1 pages from https://daa.uit.edu.vn/cqui/ctdt-khoa-2019
2025-10-30 14:58:26,043 [INFO] Saved HTML [daa/chuongtrinh_daotao/he-chinhquy/khoa-2019]: daa.uit.edu.vn_cqui_ctdt-khoa-2019.html
2025-10-30 14:58:26,048 [INFO] Saved Markdown [daa/chuongtrinh_daotao/he-chinhquy/khoa-2019]: daa.uit.edu.vn_cqui_ctdt-khoa-2019.md
2025-10-30 14:58:26,051 [INFO] Saved 1/1 pages, skipped 0 (cached) from https://daa.uit.edu.vn/cqui/ctdt-khoa-2019
2025-10-30 14:58:26,052 [INFO] Starting crawl for: https://daa.uit.edu.vn/cqui/ctdt-khoa-2018 (attempt 1/3)
2025-10-30 14:58:26,058 [INFO] Progress: 24/43 seeds completed
2025-10-30 14:59:11,158 [INFO] Crawled 1 pages from https://daa.uit.edu.vn/cqui/ctdt-khoa-2018
2025-10-30 14:59:11,172 [INFO] Saved HTML [daa/chuongtrinh_daotao/he-chinhquy/khoa-2018]: daa.uit.edu.vn_cqui_ctdt-khoa-2018.html
2025-10-30 14:59:11,177 [INFO] Saved Markdown [daa/chuongtrinh_daotao/he-chinhquy/khoa-2018]: daa.uit.edu.vn_cqui_ctdt-khoa-2018.md
2025-10-30 14:59:11,181 [INFO] Saved 1/1 pages, skipped 0 (cached) from https://daa.uit.edu.vn/cqui/ctdt-khoa-2018
2025-10-30 14:59:11,182 [INFO] Starting crawl for: https://daa.uit.edu.vn/cqui/ctdt-khoa-2017 (attempt 1/3)
2025-10-30 14:59:11,184 [INFO] Progress: 25/43 seeds completed
2025-10-30 14:59:11,188 [INFO] Statistics saved to /data/crawl_stats.json
2025-10-30 14:59:56,327 [INFO] Crawled 1 pages from https://daa.uit.edu.vn/cqui/ctdt-khoa-2017
2025-10-30 14:59:56,345 [INFO] Saved HTML [daa/chuongtrinh_daotao/he-chinhquy/khoa-2017]: daa.uit.edu.vn_cqui_ctdt-khoa-2017.html
2025-10-30 14:59:56,351 [INFO] Saved Markdown [daa/chuongtrinh_daotao/he-chinhquy/khoa-2017]: daa.uit.edu.vn_cqui_ctdt-khoa-2017.md
2025-10-30 14:59:56,354 [INFO] Saved 1/1 pages, skipped 0 (cached) from https://daa.uit.edu.vn/cqui/ctdt-khoa-2017
2025-10-30 14:59:56,354 [INFO] Starting crawl for: https://daa.uit.edu.vn/cqui/ctdt-khoa-2016 (attempt 1/3)
2025-10-30 14:59:56,358 [INFO] Progress: 26/43 seeds completed
2025-10-30 15:00:41,476 [INFO] Crawled 1 pages from https://daa.uit.edu.vn/cqui/ctdt-khoa-2016
2025-10-30 15:00:41,490 [INFO] Saved HTML [daa/chuongtrinh_daotao/he-chinhquy/khoa-2016]: daa.uit.edu.vn_cqui_ctdt-khoa-2016.html
2025-10-30 15:00:41,498 [INFO] Saved Markdown [daa/chuongtrinh_daotao/he-chinhquy/khoa-2016]: daa.uit.edu.vn_cqui_ctdt-khoa-2016.md
2025-10-30 15:00:41,502 [INFO] Saved 1/1 pages, skipped 0 (cached) from https://daa.uit.edu.vn/cqui/ctdt-khoa-2016
2025-10-30 15:00:41,502 [INFO] Starting crawl for: https://daa.uit.edu.vn/cqui/ctdt-khoa-2015 (attempt 1/3)
2025-10-30 15:00:41,505 [INFO] Progress: 27/43 seeds completed
2025-10-30 15:01:26,612 [INFO] Crawled 1 pages from https://daa.uit.edu.vn/cqui/ctdt-khoa-2015
2025-10-30 15:01:26,634 [INFO] Saved HTML [daa/chuongtrinh_daotao/he-chinhquy/khoa-2015]: daa.uit.edu.vn_cqui_ctdt-khoa-2015.html
2025-10-30 15:01:26,641 [INFO] Saved Markdown [daa/chuongtrinh_daotao/he-chinhquy/khoa-2015]: daa.uit.edu.vn_cqui_ctdt-khoa-2015.md
2025-10-30 15:01:26,644 [INFO] Saved 1/1 pages, skipped 0 (cached) from https://daa.uit.edu.vn/cqui/ctdt-khoa-2015
2025-10-30 15:01:26,645 [INFO] Starting crawl for: https://daa.uit.edu.vn/cqui/ctdt-khoa-2014 (attempt 1/3)
2025-10-30 15:01:26,648 [INFO] Progress: 28/43 seeds completed
2025-10-30 15:02:11,764 [INFO] Crawled 1 pages from https://daa.uit.edu.vn/cqui/ctdt-khoa-2014
2025-10-30 15:02:11,785 [INFO] Saved HTML [daa/chuongtrinh_daotao/he-chinhquy/khoa-2014]: daa.uit.edu.vn_cqui_ctdt-khoa-2014.html
2025-10-30 15:02:11,791 [INFO] Saved Markdown [daa/chuongtrinh_daotao/he-chinhquy/khoa-2014]: daa.uit.edu.vn_cqui_ctdt-khoa-2014.md
2025-10-30 15:02:11,795 [INFO] Saved 1/1 pages, skipped 0 (cached) from https://daa.uit.edu.vn/cqui/ctdt-khoa-2014
2025-10-30 15:02:11,795 [INFO] Starting crawl for: https://daa.uit.edu.vn/cqui/ctdt-khoa-2013 (attempt 1/3)
2025-10-30 15:02:11,799 [INFO] Progress: 29/43 seeds completed
2025-10-30 15:02:56,911 [INFO] Crawled 1 pages from https://daa.uit.edu.vn/cqui/ctdt-khoa-2013
2025-10-30 15:02:56,930 [INFO] Saved HTML [daa/chuongtrinh_daotao/he-chinhquy/khoa-2013]: daa.uit.edu.vn_cqui_ctdt-khoa-2013.html
2025-10-30 15:02:56,936 [INFO] Saved Markdown [daa/chuongtrinh_daotao/he-chinhquy/khoa-2013]: daa.uit.edu.vn_cqui_ctdt-khoa-2013.md
2025-10-30 15:02:56,939 [INFO] Saved 1/1 pages, skipped 0 (cached) from https://daa.uit.edu.vn/cqui/ctdt-khoa-2013
2025-10-30 15:02:56,940 [INFO] Starting crawl for: https://daa.uit.edu.vn/cqui/ctdt-khoa-2012 (attempt 1/3)
2025-10-30 15:02:56,942 [INFO] Progress: 30/43 seeds completed
2025-10-30 15:02:56,945 [INFO] Statistics saved to /data/crawl_stats.json
2025-10-30 15:03:42,044 [INFO] Crawled 1 pages from https://daa.uit.edu.vn/cqui/ctdt-khoa-2012
2025-10-30 15:03:42,059 [INFO] Saved HTML [daa/chuongtrinh_daotao/he-chinhquy/khoa-2012]: daa.uit.edu.vn_cqui_ctdt-khoa-2012.html
2025-10-30 15:03:42,066 [INFO] Saved Markdown [daa/chuongtrinh_daotao/he-chinhquy/khoa-2012]: daa.uit.edu.vn_cqui_ctdt-khoa-2012.md
2025-10-30 15:03:42,070 [INFO] Saved 1/1 pages, skipped 0 (cached) from https://daa.uit.edu.vn/cqui/ctdt-khoa-2012
2025-10-30 15:03:42,071 [INFO] Starting crawl for: https://daa.uit.edu.vn/content/chuong-trinh-dao-tao-cu (attempt 1/3)
2025-10-30 15:03:42,073 [INFO] Progress: 31/43 seeds completed
2025-10-30 15:04:27,185 [INFO] Crawled 1 pages from https://daa.uit.edu.vn/content/chuong-trinh-dao-tao-cu
2025-10-30 15:04:27,204 [INFO] Saved HTML [daa/chuongtrinh_daotao/he-chinhquy/ctdt-cu]: daa.uit.edu.vn_content_chuong-trinh-dao-tao-cu.html
2025-10-30 15:04:27,263 [INFO] Downloaded [daa/chuongtrinh_daotao/he-chinhquy/ctdt-cu]: CTDT_KHMT_khoa%201.pdf (0.11 MB)
2025-10-30 15:04:27,319 [INFO] Downloaded [daa/chuongtrinh_daotao/he-chinhquy/ctdt-cu]: CTDT_KHMT_khoa%202.pdf (0.11 MB)
2025-10-30 15:04:27,374 [INFO] Downloaded [daa/chuongtrinh_daotao/he-chinhquy/ctdt-cu]: CTDT_KHMT_khoa%203.pdf (0.11 MB)
2025-10-30 15:04:27,428 [INFO] Downloaded [daa/chuongtrinh_daotao/he-chinhquy/ctdt-cu]: CTDT_KHMT_khoa%204.pdf (0.11 MB)
2025-10-30 15:04:27,497 [INFO] Downloaded [daa/chuongtrinh_daotao/he-chinhquy/ctdt-cu]: CTDT_CNPM_khoa1.pdf (0.12 MB)
2025-10-30 15:04:27,563 [INFO] Downloaded [daa/chuongtrinh_daotao/he-chinhquy/ctdt-cu]: CTDT_CNPM_khoa2.pdf (0.12 MB)
2025-10-30 15:04:27,637 [INFO] Downloaded [daa/chuongtrinh_daotao/he-chinhquy/ctdt-cu]: CTDT_HTTT_khoa%201.pdf (0.14 MB)
2025-10-30 15:04:27,706 [INFO] Downloaded [daa/chuongtrinh_daotao/he-chinhquy/ctdt-cu]: CTDT_HTTT_khoa%202.pdf (0.14 MB)
2025-10-30 15:04:27,781 [INFO] Downloaded [daa/chuongtrinh_daotao/he-chinhquy/ctdt-cu]: CTDT_HTTT_khoa%203.pdf (0.14 MB)
2025-10-30 15:04:27,850 [INFO] Downloaded [daa/chuongtrinh_daotao/he-chinhquy/ctdt-cu]: CTDT_HTTT_khoa%204.pdf (0.14 MB)
2025-10-30 15:04:27,915 [INFO] Downloaded [daa/chuongtrinh_daotao/he-chinhquy/ctdt-cu]: CTDT_HTTT_khoa%205.pdf (0.14 MB)
2025-10-30 15:04:27,984 [INFO] Downloaded [daa/chuongtrinh_daotao/he-chinhquy/ctdt-cu]: CTDT_KTMT_khoa%201.pdf (0.12 MB)
2025-10-30 15:04:28,041 [INFO] Downloaded [daa/chuongtrinh_daotao/he-chinhquy/ctdt-cu]: CTDT_KTMT_khoa%202.pdf (0.12 MB)
2025-10-30 15:04:28,103 [INFO] Downloaded [daa/chuongtrinh_daotao/he-chinhquy/ctdt-cu]: CTDT_KTMT_khoa%203.pdf (0.12 MB)
2025-10-30 15:04:28,169 [INFO] Downloaded [daa/chuongtrinh_daotao/he-chinhquy/ctdt-cu]: CTDT_KTMT_khoa%204.pdf (0.12 MB)
2025-10-30 15:04:28,228 [INFO] Downloaded [daa/chuongtrinh_daotao/he-chinhquy/ctdt-cu]: CTDT_KTMT_khoa%205.pdf (0.12 MB)
2025-10-30 15:04:28,294 [INFO] Downloaded [daa/chuongtrinh_daotao/he-chinhquy/ctdt-cu]: CTDT_MMT_khoa%201.pdf (0.14 MB)
2025-10-30 15:04:28,450 [INFO] Downloaded [daa/chuongtrinh_daotao/he-chinhquy/ctdt-cu]: CTDT_MMT_khoa%202.pdf (0.16 MB)
2025-10-30 15:04:28,513 [INFO] Downloaded [daa/chuongtrinh_daotao/he-chinhquy/ctdt-cu]: CTDT_CUNHANTAINANG_khoa%201.pdf (0.11 MB)
2025-10-30 15:04:28,583 [INFO] Downloaded [daa/chuongtrinh_daotao/he-chinhquy/ctdt-cu]: CTDT_CUNHANTAINANG_khoa%202.pdf (0.11 MB)
2025-10-30 15:04:28,648 [INFO] Downloaded [daa/chuongtrinh_daotao/he-chinhquy/ctdt-cu]: CTDT_CUNHANTAINANG_khoa%203.pdf (0.13 MB)
2025-10-30 15:04:28,715 [INFO] Downloaded [daa/chuongtrinh_daotao/he-chinhquy/ctdt-cu]: CTDT_CUNHANTAINANG_khoa%204.pdf (0.13 MB)
2025-10-30 15:04:28,726 [INFO] Saved Markdown [daa/chuongtrinh_daotao/he-chinhquy/ctdt-cu]: daa.uit.edu.vn_content_chuong-trinh-dao-tao-cu.md
2025-10-30 15:04:28,735 [INFO] Saved 1/1 pages, skipped 0 (cached) from https://daa.uit.edu.vn/content/chuong-trinh-dao-tao-cu
2025-10-30 15:04:28,735 [INFO] Starting crawl for: https://daa.uit.edu.vn/danh-muc-mon-hoc-dai-hoc (attempt 1/3)
2025-10-30 15:04:28,737 [INFO] Progress: 32/43 seeds completed
2025-10-30 15:06:23,936 [INFO] Crawled 0 pages from https://daa.uit.edu.vn/danh-muc-mon-hoc-dai-hoc
2025-10-30 15:06:23,937 [INFO] Saved 0/0 pages, skipped 0 (cached) from https://daa.uit.edu.vn/danh-muc-mon-hoc-dai-hoc
2025-10-30 15:06:23,937 [INFO] Starting crawl for: https://daa.uit.edu.vn/content/bang-tom-tat-mon-hoc (attempt 1/3)
2025-10-30 15:06:23,940 [INFO] Progress: 33/43 seeds completed
2025-10-30 15:07:09,301 [INFO] Crawled 1 pages from https://daa.uit.edu.vn/content/bang-tom-tat-mon-hoc
2025-10-30 15:07:09,322 [INFO] Saved HTML [daa/chuongtrinh_daotao/he-chinhquy/bang-tom-tat-mon-hoc]: daa.uit.edu.vn_content_bang-tom-tat-mon-hoc.html
2025-10-30 15:07:09,336 [INFO] Saved Markdown [daa/chuongtrinh_daotao/he-chinhquy/bang-tom-tat-mon-hoc]: daa.uit.edu.vn_content_bang-tom-tat-mon-hoc.md
2025-10-30 15:07:09,340 [INFO] Saved 1/1 pages, skipped 0 (cached) from https://daa.uit.edu.vn/content/bang-tom-tat-mon-hoc
2025-10-30 15:07:09,341 [INFO] Starting crawl for: https://daa.uit.edu.vn/tu-xa/ctdt-khoa-2024 (attempt 1/3)
2025-10-30 15:07:09,343 [INFO] Progress: 34/43 seeds completed
2025-10-30 15:07:54,501 [INFO] Crawled 1 pages from https://daa.uit.edu.vn/tu-xa/ctdt-khoa-2024
2025-10-30 15:07:54,530 [INFO] Saved HTML [daa/chuongtrinh_daotao/he-tuxa/khoa-2024]: daa.uit.edu.vn_tu-xa_ctdt-khoa-2024.html
2025-10-30 15:07:54,538 [INFO] Saved Markdown [daa/chuongtrinh_daotao/he-tuxa/khoa-2024]: daa.uit.edu.vn_tu-xa_ctdt-khoa-2024.md
2025-10-30 15:07:54,544 [INFO] Saved 1/1 pages, skipped 0 (cached) from https://daa.uit.edu.vn/tu-xa/ctdt-khoa-2024
2025-10-30 15:07:54,544 [INFO] Starting crawl for: https://daa.uit.edu.vn/tu-xa/ctdt-khoa-2023 (attempt 1/3)
2025-10-30 15:07:54,547 [INFO] Progress: 35/43 seeds completed
2025-10-30 15:07:54,551 [INFO] Statistics saved to /data/crawl_stats.json
2025-10-30 15:08:39,698 [INFO] Crawled 1 pages from https://daa.uit.edu.vn/tu-xa/ctdt-khoa-2023
2025-10-30 15:08:39,733 [INFO] Saved HTML [daa/chuongtrinh_daotao/he-tuxa/khoa-2023]: daa.uit.edu.vn_tu-xa_ctdt-khoa-2023.html
2025-10-30 15:08:39,741 [INFO] Saved Markdown [daa/chuongtrinh_daotao/he-tuxa/khoa-2023]: daa.uit.edu.vn_tu-xa_ctdt-khoa-2023.md
2025-10-30 15:08:39,745 [INFO] Saved 1/1 pages, skipped 0 (cached) from https://daa.uit.edu.vn/tu-xa/ctdt-khoa-2023
2025-10-30 15:08:39,745 [INFO] Starting crawl for: https://daa.uit.edu.vn/tu-xa/ctdt-khoa-2022 (attempt 1/3)
2025-10-30 15:08:39,748 [INFO] Progress: 36/43 seeds completed
2025-10-30 15:09:39,909 [INFO] Crawled 1 pages from https://daa.uit.edu.vn/tu-xa/ctdt-khoa-2022
2025-10-30 15:09:39,931 [INFO] Saved HTML [daa/chuongtrinh_daotao/he-tuxa/khoa-2022]: daa.uit.edu.vn_tu-xa_ctdt-khoa-2022.html
2025-10-30 15:09:39,939 [INFO] Saved Markdown [daa/chuongtrinh_daotao/he-tuxa/khoa-2022]: daa.uit.edu.vn_tu-xa_ctdt-khoa-2022.md
2025-10-30 15:09:39,943 [INFO] Saved 1/1 pages, skipped 0 (cached) from https://daa.uit.edu.vn/tu-xa/ctdt-khoa-2022
2025-10-30 15:09:39,943 [INFO] Starting crawl for: https://daa.uit.edu.vn/tu-xa/ctdt-khoa-2021 (attempt 1/3)
2025-10-30 15:09:39,946 [INFO] Progress: 37/43 seeds completed
2025-10-30 15:10:25,159 [INFO] Crawled 1 pages from https://daa.uit.edu.vn/tu-xa/ctdt-khoa-2021
2025-10-30 15:10:25,178 [INFO] Saved HTML [daa/chuongtrinh_daotao/he-tuxa/khoa-2021]: daa.uit.edu.vn_tu-xa_ctdt-khoa-2021.html
2025-10-30 15:10:25,185 [INFO] Saved Markdown [daa/chuongtrinh_daotao/he-tuxa/khoa-2021]: daa.uit.edu.vn_tu-xa_ctdt-khoa-2021.md
2025-10-30 15:10:25,188 [INFO] Saved 1/1 pages, skipped 0 (cached) from https://daa.uit.edu.vn/tu-xa/ctdt-khoa-2021
2025-10-30 15:10:25,189 [INFO] Starting crawl for: https://daa.uit.edu.vn/tu-xa/ctdt-khoa-2020 (attempt 1/3)
2025-10-30 15:10:25,192 [INFO] Progress: 38/43 seeds completed
2025-10-30 15:11:10,371 [INFO] Crawled 1 pages from https://daa.uit.edu.vn/tu-xa/ctdt-khoa-2020
2025-10-30 15:11:10,414 [INFO] Saved HTML [daa/chuongtrinh_daotao/he-tuxa/khoa-2020]: daa.uit.edu.vn_tu-xa_ctdt-khoa-2020.html
2025-10-30 15:11:10,422 [INFO] Saved Markdown [daa/chuongtrinh_daotao/he-tuxa/khoa-2020]: daa.uit.edu.vn_tu-xa_ctdt-khoa-2020.md
2025-10-30 15:11:10,425 [INFO] Saved 1/1 pages, skipped 0 (cached) from https://daa.uit.edu.vn/tu-xa/ctdt-khoa-2020
2025-10-30 15:11:10,426 [INFO] Starting crawl for: https://daa.uit.edu.vn/tu-xa/ctdt-khoa-2019 (attempt 1/3)
2025-10-30 15:11:10,429 [INFO] Progress: 39/43 seeds completed
2025-10-30 15:11:55,609 [INFO] Crawled 1 pages from https://daa.uit.edu.vn/tu-xa/ctdt-khoa-2019
2025-10-30 15:11:55,630 [INFO] Saved HTML [daa/chuongtrinh_daotao/he-tuxa/khoa-2019]: daa.uit.edu.vn_tu-xa_ctdt-khoa-2019.html
2025-10-30 15:11:55,637 [INFO] Saved Markdown [daa/chuongtrinh_daotao/he-tuxa/khoa-2019]: daa.uit.edu.vn_tu-xa_ctdt-khoa-2019.md
2025-10-30 15:11:55,640 [INFO] Saved 1/1 pages, skipped 0 (cached) from https://daa.uit.edu.vn/tu-xa/ctdt-khoa-2019
2025-10-30 15:11:55,640 [INFO] Starting crawl for: https://daa.uit.edu.vn/tu-xa/ctdt-khoa-2018 (attempt 1/3)
2025-10-30 15:11:55,643 [INFO] Progress: 40/43 seeds completed
2025-10-30 15:11:55,645 [INFO] Statistics saved to /data/crawl_stats.json
2025-10-30 15:12:40,911 [INFO] Crawled 1 pages from https://daa.uit.edu.vn/tu-xa/ctdt-khoa-2018
2025-10-30 15:12:40,939 [INFO] Saved HTML [daa/chuongtrinh_daotao/he-tuxa/khoa-2018]: daa.uit.edu.vn_tu-xa_ctdt-khoa-2018.html
2025-10-30 15:12:40,948 [INFO] Saved Markdown [daa/chuongtrinh_daotao/he-tuxa/khoa-2018]: daa.uit.edu.vn_tu-xa_ctdt-khoa-2018.md
2025-10-30 15:12:40,951 [INFO] Saved 1/1 pages, skipped 0 (cached) from https://daa.uit.edu.vn/tu-xa/ctdt-khoa-2018
2025-10-30 15:12:40,951 [INFO] Starting crawl for: https://daa.uit.edu.vn/tu-xa/ctdt-khoa-2013 (attempt 1/3)
2025-10-30 15:12:40,954 [INFO] Progress: 41/43 seeds completed
2025-10-30 15:13:26,145 [INFO] Crawled 1 pages from https://daa.uit.edu.vn/tu-xa/ctdt-khoa-2013
2025-10-30 15:13:26,167 [INFO] Saved HTML [daa/chuongtrinh_daotao/he-tuxa/khoa-2013]: daa.uit.edu.vn_tu-xa_ctdt-khoa-2013.html
2025-10-30 15:13:26,173 [INFO] Saved Markdown [daa/chuongtrinh_daotao/he-tuxa/khoa-2013]: daa.uit.edu.vn_tu-xa_ctdt-khoa-2013.md
2025-10-30 15:13:26,177 [INFO] Saved 1/1 pages, skipped 0 (cached) from https://daa.uit.edu.vn/tu-xa/ctdt-khoa-2013
2025-10-30 15:13:26,178 [INFO] Starting crawl for: https://daa.uit.edu.vn/tu-xa/ctdt-khoa-2008 (attempt 1/3)
2025-10-30 15:13:26,180 [INFO] Progress: 42/43 seeds completed
2025-10-30 15:14:11,378 [INFO] Crawled 1 pages from https://daa.uit.edu.vn/tu-xa/ctdt-khoa-2008
2025-10-30 15:14:11,398 [INFO] Saved HTML [daa/chuongtrinh_daotao/he-tuxa/khoa-2008]: daa.uit.edu.vn_tu-xa_ctdt-khoa-2008.html
2025-10-30 15:14:11,405 [INFO] Saved Markdown [daa/chuongtrinh_daotao/he-tuxa/khoa-2008]: daa.uit.edu.vn_tu-xa_ctdt-khoa-2008.md
2025-10-30 15:14:11,409 [INFO] Saved 1/1 pages, skipped 0 (cached) from https://daa.uit.edu.vn/tu-xa/ctdt-khoa-2008
2025-10-30 15:14:11,412 [INFO] Progress: 43/43 seeds completed
2025-10-30 15:14:12,415 [INFO] Checkpoint cleared
2025-10-30 15:14:12,415 [INFO] All seeds crawled successfully
2025-10-30 15:14:12,993 [INFO] Rebuilt /data/metadata.json
2025-10-30 15:14:12,996 [INFO] Statistics saved to /data/crawl_stats.json
2025-10-30 15:14:12,996 [INFO] ================================================================================
2025-10-30 15:14:12,997 [INFO] CRAWL SUMMARY
2025-10-30 15:14:12,997 [INFO] ================================================================================
2025-10-30 15:14:12,997 [INFO] Total Pages: 1278
2025-10-30 15:14:12,998 [INFO] Success: 1278 (100.0%)
2025-10-30 15:14:12,998 [INFO] Errors: 0
2025-10-30 15:14:12,998 [INFO] Skipped (cached): 0
2025-10-30 15:14:12,999 [INFO] Total Size: 25.34 MB
2025-10-30 15:14:12,999 [INFO] Duration: 136.03 minutes
2025-10-30 15:14:12,999 [INFO] Speed: 9.4 pages/min
2025-10-30 15:14:13,000 [INFO] ================================================================================
2025-10-30 15:14:13,000 [INFO] Next crawl in 24.0 hours
2025-11-04 07:15:14,649 [INFO] ================================================================================
2025-11-04 07:15:14,650 [INFO] UIT CRAWLER - FIRECRAWL SELF-HOSTED
2025-11-04 07:15:14,651 [INFO] ================================================================================
2025-11-04 07:15:14,652 [INFO] Firecrawl endpoint: http://api:3002
2025-11-04 07:15:14,652 [INFO] Output directory: /data
2025-11-04 07:15:14,652 [INFO] Schedule: Every 24.0 hours
2025-11-04 07:15:14,653 [INFO] Run once mode: False
2025-11-04 07:15:14,653 [INFO] ================================================================================
2025-11-04 07:15:14,657 [INFO] Waiting for Firecrawl services to start...
2025-11-04 07:15:14,658 [INFO] Attempting health check 1/30 to http://api:3002/v1
2025-11-04 07:15:18,653 [INFO] RequestException: ConnectionError: HTTPConnectionPool(host='api', port=3002): Max retries exceeded with url: /v1 (Caused by NameResolut
2025-11-04 07:15:18,654 [WARNING] Firecrawl not ready yet (1/30), waiting 10s...
2025-11-04 07:15:28,654 [INFO] Attempting health check 2/30 to http://api:3002/v1
2025-11-04 07:15:32,657 [INFO] RequestException: ConnectionError: HTTPConnectionPool(host='api', port=3002): Max retries exceeded with url: /v1 (Caused by NameResolut
2025-11-04 07:15:32,657 [WARNING] Firecrawl not ready yet (2/30), waiting 10s...
2025-11-04 07:15:42,654 [INFO] Attempting health check 3/30 to http://api:3002/v1
2025-11-04 07:15:46,657 [INFO] RequestException: ConnectionError: HTTPConnectionPool(host='api', port=3002): Max retries exceeded with url: /v1 (Caused by NameResolut
2025-11-04 07:15:46,658 [WARNING] Firecrawl not ready yet (3/30), waiting 10s...
2025-11-04 07:15:56,659 [INFO] Attempting health check 4/30 to http://api:3002/v1
2025-11-04 07:16:00,654 [INFO] RequestException: ConnectionError: HTTPConnectionPool(host='api', port=3002): Max retries exceeded with url: /v1 (Caused by NameResolut
2025-11-04 07:16:00,654 [WARNING] Firecrawl not ready yet (4/30), waiting 10s...
2025-11-04 07:16:10,650 [INFO] Attempting health check 5/30 to http://api:3002/v1
2025-11-04 07:16:14,641 [INFO] RequestException: ConnectionError: HTTPConnectionPool(host='api', port=3002): Max retries exceeded with url: /v1 (Caused by NameResolut
2025-11-04 07:16:14,641 [WARNING] Firecrawl not ready yet (5/30), waiting 10s...
2025-11-04 07:16:24,641 [INFO] Attempting health check 6/30 to http://api:3002/v1
2025-11-04 07:16:28,644 [INFO] RequestException: ConnectionError: HTTPConnectionPool(host='api', port=3002): Max retries exceeded with url: /v1 (Caused by NameResolut
2025-11-04 07:16:28,644 [WARNING] Firecrawl not ready yet (6/30), waiting 10s...
2025-11-04 07:16:38,642 [INFO] Attempting health check 7/30 to http://api:3002/v1
2025-11-04 07:16:42,644 [INFO] RequestException: ConnectionError: HTTPConnectionPool(host='api', port=3002): Max retries exceeded with url: /v1 (Caused by NameResolut
2025-11-04 07:16:42,644 [WARNING] Firecrawl not ready yet (7/30), waiting 10s...
2025-11-04 07:18:17,789 [INFO] ================================================================================
2025-11-04 07:18:17,789 [INFO] UIT CRAWLER - FIRECRAWL SELF-HOSTED
2025-11-04 07:18:17,789 [INFO] ================================================================================
2025-11-04 07:18:17,790 [INFO] Firecrawl endpoint: http://api:3002
2025-11-04 07:18:17,790 [INFO] Output directory: /data
2025-11-04 07:18:17,792 [INFO] Schedule: Every 24.0 hours
2025-11-04 07:18:17,793 [INFO] Run once mode: False
2025-11-04 07:18:17,793 [INFO] ================================================================================
2025-11-04 07:18:17,798 [INFO] Waiting for Firecrawl services to start...
2025-11-04 07:18:17,798 [INFO] Attempting health check 1/30 to http://api:3002/v1
2025-11-04 07:18:17,804 [INFO] RequestException: ConnectionError: HTTPConnectionPool(host='api', port=3002): Max retries exceeded with url: /v1 (Caused by NewConnecti
2025-11-04 07:18:17,805 [WARNING] Firecrawl not ready yet (1/30), waiting 10s...
2025-11-04 07:18:27,805 [INFO] Attempting health check 2/30 to http://api:3002/v1
2025-11-04 07:18:27,826 [INFO] Got response status: 404
2025-11-04 07:18:27,826 [INFO] Connected to Firecrawl at http://api:3002
2025-11-04 07:18:27,827 [INFO] Starting crawl with 44 seed URLs
2025-11-04 07:18:27,827 [INFO] Loaded 0 URLs from cache
2025-11-04 07:18:27,828 [INFO] Crawling 44 seeds (starting from index 0)
2025-11-04 07:18:27,828 [INFO] Using 1 parallel workers
2025-11-04 07:18:27,829 [INFO] Starting crawl for: https://daa.uit.edu.vn/content/cong-thong-tin-dao-tao (attempt 1/3)
2025-11-04 07:19:23,333 [INFO] Crawled 1 pages from https://daa.uit.edu.vn/content/cong-thong-tin-dao-tao
2025-11-04 07:19:23,352 [INFO] Saved HTML [daa/gioithieu/cong-thong-tin-dao-tao]: daa.uit.edu.vn_content_cong-thong-tin-dao-tao.html
2025-11-04 07:19:23,359 [INFO] Saved Markdown [daa/gioithieu/cong-thong-tin-dao-tao]: daa.uit.edu.vn_content_cong-thong-tin-dao-tao.md
2025-11-04 07:19:23,363 [INFO] Saved 1/1 pages, skipped 0 (cached) from https://daa.uit.edu.vn/content/cong-thong-tin-dao-tao
2025-11-04 07:19:23,363 [INFO] Starting crawl for: https://tuyensinh.uit.edu.vn/nganh-dao-tao (attempt 1/3)
2025-11-04 07:19:23,367 [INFO] Progress: 1/44 seeds completed
2025-11-04 07:19:48,597 [INFO] Crawled 14 pages from https://tuyensinh.uit.edu.vn/nganh-dao-tao
2025-11-04 07:19:48,613 [INFO] Saved HTML [daa/gioithieu/nganh-dao-tao]: tuyensinh.uit.edu.vn_nganh-dao-tao.html
2025-11-04 07:19:48,618 [INFO] Saved Markdown [daa/gioithieu/nganh-dao-tao]: tuyensinh.uit.edu.vn_nganh-dao-tao.md
2025-11-04 07:19:48,639 [INFO] Saved HTML [daa/gioithieu/nganh-dao-tao]: tuyensinh.uit.edu.vn_nganh-dao-tao_nganh-cong-nghe-thong-tin.html
2025-11-04 07:19:48,645 [INFO] Saved Markdown [daa/gioithieu/nganh-dao-tao]: tuyensinh.uit.edu.vn_nganh-dao-tao_nganh-cong-nghe-thong-tin.md
2025-11-04 07:19:48,667 [INFO] Saved HTML [daa/gioithieu/nganh-dao-tao]: tuyensinh.uit.edu.vn_nganh-dao-tao_nganh-ky-thuat-phan-mem.html
2025-11-04 07:19:48,674 [INFO] Saved Markdown [daa/gioithieu/nganh-dao-tao]: tuyensinh.uit.edu.vn_nganh-dao-tao_nganh-ky-thuat-phan-mem.md
2025-11-04 07:19:48,694 [INFO] Saved HTML [daa/gioithieu/nganh-dao-tao]: tuyensinh.uit.edu.vn_nganh-dao-tao_nganh-khoa-hoc-may-tinh.html
2025-11-04 07:19:48,699 [INFO] Saved Markdown [daa/gioithieu/nganh-dao-tao]: tuyensinh.uit.edu.vn_nganh-dao-tao_nganh-khoa-hoc-may-tinh.md
2025-11-04 07:19:48,717 [INFO] Saved HTML [daa/gioithieu/nganh-dao-tao]: tuyensinh.uit.edu.vn_nganh-dao-tao_nganh-ky-thuat-may-tinh.html
2025-11-04 07:19:48,723 [INFO] Saved Markdown [daa/gioithieu/nganh-dao-tao]: tuyensinh.uit.edu.vn_nganh-dao-tao_nganh-ky-thuat-may-tinh.md
2025-11-04 07:19:48,745 [INFO] Saved HTML [daa/gioithieu/nganh-dao-tao]: tuyensinh.uit.edu.vn_nganh-dao-tao_nganh-he-thong-thong-tin.html
2025-11-04 07:19:48,750 [INFO] Saved Markdown [daa/gioithieu/nganh-dao-tao]: tuyensinh.uit.edu.vn_nganh-dao-tao_nganh-he-thong-thong-tin.md
2025-11-04 07:19:48,772 [INFO] Saved HTML [daa/gioithieu/nganh-dao-tao]: tuyensinh.uit.edu.vn_nganh-dao-tao_nganh-tri-tue-nhan-tao.html
2025-11-04 07:19:48,778 [INFO] Saved Markdown [daa/gioithieu/nganh-dao-tao]: tuyensinh.uit.edu.vn_nganh-dao-tao_nganh-tri-tue-nhan-tao.md
2025-11-04 07:19:48,798 [INFO] Saved HTML [daa/gioithieu/nganh-dao-tao]: tuyensinh.uit.edu.vn_nganh-dao-tao_nganh-an-toan-thong-tin.html
2025-11-04 07:19:48,803 [INFO] Saved Markdown [daa/gioithieu/nganh-dao-tao]: tuyensinh.uit.edu.vn_nganh-dao-tao_nganh-an-toan-thong-tin.md
2025-11-04 07:19:48,824 [INFO] Saved HTML [daa/gioithieu/nganh-dao-tao]: tuyensinh.uit.edu.vn_nganh-dao-tao_nganh-thuong-mai-dien-tu.html
2025-11-04 07:19:48,830 [INFO] Saved Markdown [daa/gioithieu/nganh-dao-tao]: tuyensinh.uit.edu.vn_nganh-dao-tao_nganh-thuong-mai-dien-tu.md
2025-11-04 07:19:48,855 [INFO] Saved HTML [daa/gioithieu/nganh-dao-tao]: tuyensinh.uit.edu.vn_nganh-dao-tao_nganh-mang-may-tinh-truyen-thong-du-lieu.html
2025-11-04 07:19:48,859 [INFO] Saved Markdown [daa/gioithieu/nganh-dao-tao]: tuyensinh.uit.edu.vn_nganh-dao-tao_nganh-mang-may-tinh-truyen-thong-du-lieu.md
2025-11-04 07:19:48,883 [INFO] Saved HTML [daa/gioithieu/nganh-dao-tao]: tuyensinh.uit.edu.vn_nganh-dao-tao_nganh-khoa-hoc-du-lieu.html
2025-11-04 07:19:48,888 [INFO] Saved Markdown [daa/gioithieu/nganh-dao-tao]: tuyensinh.uit.edu.vn_nganh-dao-tao_nganh-khoa-hoc-du-lieu.md
2025-11-04 07:19:48,910 [INFO] Saved HTML [daa/gioithieu/nganh-dao-tao]: tuyensinh.uit.edu.vn_nganh-dao-tao_nganh-thiet-ke-vi-mach.html
2025-11-04 07:19:48,915 [INFO] Saved Markdown [daa/gioithieu/nganh-dao-tao]: tuyensinh.uit.edu.vn_nganh-dao-tao_nganh-thiet-ke-vi-mach.md
2025-11-04 07:19:48,933 [INFO] Saved HTML [daa/gioithieu/nganh-dao-tao]: tuyensinh.uit.edu.vn_nganh-dao-tao_nganh-truyen-thong-da-phuong-tien.html
2025-11-04 07:19:48,937 [INFO] Saved Markdown [daa/gioithieu/nganh-dao-tao]: tuyensinh.uit.edu.vn_nganh-dao-tao_nganh-truyen-thong-da-phuong-tien.md
2025-11-04 07:19:48,963 [INFO] Saved HTML [daa/gioithieu/nganh-dao-tao]: tuyensinh.uit.edu.vn_nganh-dao-tao_www.facebook.com_ngayhoikhoahttt.html
2025-11-04 07:19:48,969 [INFO] Saved Markdown [daa/gioithieu/nganh-dao-tao]: tuyensinh.uit.edu.vn_nganh-dao-tao_www.facebook.com_ngayhoikhoahttt.md
2025-11-04 07:19:48,974 [INFO] Saved 14/14 pages, skipped 0 (cached) from https://tuyensinh.uit.edu.vn/nganh-dao-tao
2025-11-04 07:19:48,974 [INFO] Starting crawl for: https://daa.uit.edu.vn/content/chuc-nang-nhiem-vu-cua-phong-dao-tao-dai-hoc (attempt 1/3)
2025-11-04 07:19:48,977 [INFO] Progress: 2/44 seeds completed
2025-11-04 07:20:34,195 [INFO] Crawled 1 pages from https://daa.uit.edu.vn/content/chuc-nang-nhiem-vu-cua-phong-dao-tao-dai-hoc
2025-11-04 07:20:34,215 [INFO] Saved HTML [daa/gioithieu/chuc-nang-nhiem-vu]: daa.uit.edu.vn_content_chuc-nang-nhiem-vu-cua-phong-dao-tao-dai-hoc.html
2025-11-04 07:20:34,219 [INFO] Saved Markdown [daa/gioithieu/chuc-nang-nhiem-vu]: daa.uit.edu.vn_content_chuc-nang-nhiem-vu-cua-phong-dao-tao-dai-hoc.md
2025-11-04 07:20:34,222 [INFO] Saved 1/1 pages, skipped 0 (cached) from https://daa.uit.edu.vn/content/chuc-nang-nhiem-vu-cua-phong-dao-tao-dai-hoc
2025-11-04 07:20:34,222 [INFO] Starting crawl for: https://daa.uit.edu.vn/thongbaochinhquy (attempt 1/3)
2025-11-04 07:20:34,224 [INFO] Progress: 3/44 seeds completed
2025-11-04 07:22:20,405 [INFO] Crawled 110 pages from https://daa.uit.edu.vn/thongbaochinhquy
2025-11-04 07:22:20,428 [INFO] Saved HTML [daa/thongbao/thongbao-chinhquy]: daa.uit.edu.vn_thongbaochinhquy.html
2025-11-04 07:22:20,435 [INFO] Saved Markdown [daa/thongbao/thongbao-chinhquy]: daa.uit.edu.vn_thongbaochinhquy.md
2025-11-04 07:22:20,456 [INFO] Saved HTML [daa/thongbao/thongbao-chinhquy]: daa.uit.edu.vn_thongbaochinhquy?page=1.html
2025-11-04 07:22:20,461 [INFO] Saved Markdown [daa/thongbao/thongbao-chinhquy]: daa.uit.edu.vn_thongbaochinhquy?page=1.md
2025-11-04 07:22:20,482 [INFO] Saved HTML [daa/thongbao/thongbao-chinhquy]: daa.uit.edu.vn_thongbaochinhquy?page=2.html
2025-11-04 07:22:20,488 [INFO] Saved Markdown [daa/thongbao/thongbao-chinhquy]: daa.uit.edu.vn_thongbaochinhquy?page=2.md
2025-11-04 07:22:20,507 [INFO] Saved HTML [daa/thongbao/thongbao-chinhquy]: daa.uit.edu.vn_thongbaochinhquy?page=3.html
2025-11-04 07:22:20,513 [INFO] Saved Markdown [daa/thongbao/thongbao-chinhquy]: daa.uit.edu.vn_thongbaochinhquy?page=3.md
2025-11-04 07:22:20,532 [INFO] Saved HTML [daa/thongbao/thongbao-chinhquy]: daa.uit.edu.vn_thongbaochinhquy?page=4.html
2025-11-04 07:22:20,538 [INFO] Saved Markdown [daa/thongbao/thongbao-chinhquy]: daa.uit.edu.vn_thongbaochinhquy?page=4.md
2025-11-04 07:22:20,561 [INFO] Saved HTML [daa/thongbao/thongbao-chinhquy]: daa.uit.edu.vn_thongbaochinhquy?page=5.html
2025-11-04 07:22:20,567 [INFO] Saved Markdown [daa/thongbao/thongbao-chinhquy]: daa.uit.edu.vn_thongbaochinhquy?page=5.md
2025-11-04 07:22:20,586 [INFO] Saved HTML [daa/thongbao/thongbao-chinhquy]: daa.uit.edu.vn_thongbaochinhquy?page=6.html
2025-11-04 07:22:20,592 [INFO] Saved Markdown [daa/thongbao/thongbao-chinhquy]: daa.uit.edu.vn_thongbaochinhquy?page=6.md
2025-11-04 07:22:20,613 [INFO] Saved HTML [daa/thongbao/thongbao-chinhquy]: daa.uit.edu.vn_thongbaochinhquy?page=7.html
2025-11-04 07:22:20,618 [INFO] Saved Markdown [daa/thongbao/thongbao-chinhquy]: daa.uit.edu.vn_thongbaochinhquy?page=7.md
2025-11-04 07:22:20,637 [INFO] Saved HTML [daa/thongbao/thongbao-chinhquy]: daa.uit.edu.vn_thongbaochinhquy?page=8.html
2025-11-04 07:22:20,643 [INFO] Saved Markdown [daa/thongbao/thongbao-chinhquy]: daa.uit.edu.vn_thongbaochinhquy?page=8.md
2025-11-04 07:22:20,662 [INFO] Saved HTML [daa/thongbao/thongbao-chinhquy]: daa.uit.edu.vn_thongbaochinhquy?page=1925.html
2025-11-04 07:22:20,667 [INFO] Saved Markdown [daa/thongbao/thongbao-chinhquy]: daa.uit.edu.vn_thongbaochinhquy?page=1925.md
2025-11-04 07:22:20,690 [INFO] Saved HTML [daa/thongbao/thongbao-chinhquy]: daa.uit.edu.vn_thongbaochinhquy?page=9.html
2025-11-04 07:22:20,696 [INFO] Saved Markdown [daa/thongbao/thongbao-chinhquy]: daa.uit.edu.vn_thongbaochinhquy?page=9.md
2025-11-04 07:22:20,719 [INFO] Saved HTML [daa/thongbao/thongbao-chinhquy]: daa.uit.edu.vn_thongbaochinhquy?page=10.html
2025-11-04 07:22:20,725 [INFO] Saved Markdown [daa/thongbao/thongbao-chinhquy]: daa.uit.edu.vn_thongbaochinhquy?page=10.md
2025-11-04 07:22:20,747 [INFO] Saved HTML [daa/thongbao/thongbao-chinhquy]: daa.uit.edu.vn_thongbaochinhquy?page=1924.html
2025-11-04 07:22:21,064 [INFO] Downloaded [daa/thongbao/thongbao-chinhquy]: Luu%20y%20sinh%20vien%20tham%20gia%20le.pdf (0.57 MB)
2025-11-04 07:22:21,278 [INFO] Downloaded [daa/thongbao/thongbao-chinhquy]: Thong%20Bao%20Le%20Tot%20Nghiep%20Dot%201%20-%202012.pdf (0.26 MB)
2025-11-04 07:22:21,287 [INFO] Saved Markdown [daa/thongbao/thongbao-chinhquy]: daa.uit.edu.vn_thongbaochinhquy?page=1924.md
2025-11-04 07:22:21,317 [INFO] Saved HTML [daa/thongbao/thongbao-chinhquy]: daa.uit.edu.vn_thongbaochinhquy?page=12.html
2025-11-04 07:22:21,324 [INFO] Saved Markdown [daa/thongbao/thongbao-chinhquy]: daa.uit.edu.vn_thongbaochinhquy?page=12.md
2025-11-04 07:22:21,344 [INFO] Saved HTML [daa/thongbao/thongbao-chinhquy]: daa.uit.edu.vn_thongbaochinhquy?page=11.html
2025-11-04 07:22:21,349 [INFO] Saved Markdown [daa/thongbao/thongbao-chinhquy]: daa.uit.edu.vn_thongbaochinhquy?page=11.md
2025-11-04 07:22:21,368 [INFO] Saved HTML [daa/thongbao/thongbao-chinhquy]: daa.uit.edu.vn_thongbaochinhquy?page=1918.html
2025-11-04 07:22:22,794 [WARNING] Failed to download http://www.uit.edu.vn/images/ThongBao-DaoTao/201210/DANH_SACH_SV_NOP_TIEN_BHYT-BHTN_DOT_2.pdf: 404 Client Error: Not Found for url: https://www.uit.edu.vn/images/ThongBao-DaoTao/201210/DANH_SACH_SV_NOP_TIEN_BHYT-BHTN_DOT_2.pdf
2025-11-04 07:22:23,076 [INFO] Downloaded [daa/thongbao/thongbao-chinhquy]: DANH_SACH_SV_NOP_TIEN_BHYT-BHTN_DOT_2.pdf (0.18 MB)
2025-11-04 07:22:23,085 [INFO] Saved Markdown [daa/thongbao/thongbao-chinhquy]: daa.uit.edu.vn_thongbaochinhquy?page=1918.md
2025-11-04 07:22:23,114 [INFO] Saved HTML [daa/thongbao/thongbao-chinhquy]: daa.uit.edu.vn_thongbaochinhquy?page=1917.html
2025-11-04 07:22:23,119 [INFO] Saved Markdown [daa/thongbao/thongbao-chinhquy]: daa.uit.edu.vn_thongbaochinhquy?page=1917.md
2025-11-04 07:22:23,142 [INFO] Saved HTML [daa/thongbao/thongbao-chinhquy]: daa.uit.edu.vn_thongbaochinhquy?page=1919.html
2025-11-04 07:22:23,380 [INFO] Downloaded [daa/thongbao/thongbao-chinhquy]: Danh_sach_xet_tuyen_CTTT_Dot_1.pdf (0.22 MB)
2025-11-04 07:22:23,388 [INFO] Saved Markdown [daa/thongbao/thongbao-chinhquy]: daa.uit.edu.vn_thongbaochinhquy?page=1919.md
2025-11-04 07:22:23,418 [INFO] Saved HTML [daa/thongbao/thongbao-chinhquy]: daa.uit.edu.vn_thongbaochinhquy?page=1920.html
2025-11-04 07:22:23,425 [INFO] Saved Markdown [daa/thongbao/thongbao-chinhquy]: daa.uit.edu.vn_thongbaochinhquy?page=1920.md
2025-11-04 07:22:23,444 [INFO] Saved HTML [daa/thongbao/thongbao-chinhquy]: daa.uit.edu.vn_thongbaochinhquy?page=13.html
2025-11-04 07:22:23,449 [INFO] Saved Markdown [daa/thongbao/thongbao-chinhquy]: daa.uit.edu.vn_thongbaochinhquy?page=13.md
2025-11-04 07:22:23,472 [INFO] Saved HTML [daa/thongbao/thongbao-chinhquy]: daa.uit.edu.vn_thongbaochinhquy?page=1921.html
2025-11-04 07:22:23,477 [INFO] Saved Markdown [daa/thongbao/thongbao-chinhquy]: daa.uit.edu.vn_thongbaochinhquy?page=1921.md
2025-11-04 07:22:23,498 [INFO] Saved HTML [daa/thongbao/thongbao-chinhquy]: daa.uit.edu.vn_thongbaochinhquy?page=1922.html
2025-11-04 07:22:23,674 [INFO] Downloaded [daa/thongbao/thongbao-chinhquy]: Noi_dung_kiem_tra_AV_dau_khoa.pdf (0.15 MB)
2025-11-04 07:22:23,683 [INFO] Saved Markdown [daa/thongbao/thongbao-chinhquy]: daa.uit.edu.vn_thongbaochinhquy?page=1922.md
2025-11-04 07:22:23,714 [INFO] Saved HTML [daa/thongbao/thongbao-chinhquy]: daa.uit.edu.vn_thongbaochinhquy?page=1923.html
2025-11-04 07:22:23,718 [INFO] Saved Markdown [daa/thongbao/thongbao-chinhquy]: daa.uit.edu.vn_thongbaochinhquy?page=1923.md
2025-11-04 07:22:23,741 [INFO] Saved HTML [daa/thongbao/thongbao-chinhquy]: daa.uit.edu.vn_thongbaochinhquy?page=16.html
2025-11-04 07:22:23,746 [INFO] Saved Markdown [daa/thongbao/thongbao-chinhquy]: daa.uit.edu.vn_thongbaochinhquy?page=16.md
2025-11-04 07:22:23,770 [INFO] Saved HTML [daa/thongbao/thongbao-chinhquy]: daa.uit.edu.vn_thongbaochinhquy?page=15.html
2025-11-04 07:22:23,776 [INFO] Saved Markdown [daa/thongbao/thongbao-chinhquy]: daa.uit.edu.vn_thongbaochinhquy?page=15.md
2025-11-04 07:22:23,799 [INFO] Saved HTML [daa/thongbao/thongbao-chinhquy]: daa.uit.edu.vn_thongbaochinhquy?page=1914.html
2025-11-04 07:22:23,806 [INFO] Saved Markdown [daa/thongbao/thongbao-chinhquy]: daa.uit.edu.vn_thongbaochinhquy?page=1914.md
2025-11-04 07:22:23,830 [INFO] Saved HTML [daa/thongbao/thongbao-chinhquy]: daa.uit.edu.vn_thongbaochinhquy?page=14.html
2025-11-04 07:22:23,836 [INFO] Saved Markdown [daa/thongbao/thongbao-chinhquy]: daa.uit.edu.vn_thongbaochinhquy?page=14.md
2025-11-04 07:22:23,859 [INFO] Saved HTML [daa/thongbao/thongbao-chinhquy]: daa.uit.edu.vn_thongbaochinhquy?page=1916.html
2025-11-04 07:22:23,865 [INFO] Saved Markdown [daa/thongbao/thongbao-chinhquy]: daa.uit.edu.vn_thongbaochinhquy?page=1916.md
2025-11-04 07:22:23,889 [INFO] Saved HTML [daa/thongbao/thongbao-chinhquy]: daa.uit.edu.vn_thongbaochinhquy?page=1913.html
2025-11-04 07:22:23,896 [INFO] Saved Markdown [daa/thongbao/thongbao-chinhquy]: daa.uit.edu.vn_thongbaochinhquy?page=1913.md
2025-11-04 07:22:23,918 [INFO] Saved HTML [daa/thongbao/thongbao-chinhquy]: daa.uit.edu.vn_thongbaochinhquy?page=17.html
2025-11-04 07:22:23,924 [INFO] Saved Markdown [daa/thongbao/thongbao-chinhquy]: daa.uit.edu.vn_thongbaochinhquy?page=17.md
2025-11-04 07:22:23,946 [INFO] Saved HTML [daa/thongbao/thongbao-chinhquy]: daa.uit.edu.vn_thongbaochinhquy?page=1915.html
2025-11-04 07:22:23,951 [INFO] Saved Markdown [daa/thongbao/thongbao-chinhquy]: daa.uit.edu.vn_thongbaochinhquy?page=1915.md
2025-11-04 07:22:23,973 [INFO] Saved HTML [daa/thongbao/thongbao-chinhquy]: daa.uit.edu.vn_thongbaochinhquy?page=1910.html
2025-11-04 07:22:23,978 [INFO] Saved Markdown [daa/thongbao/thongbao-chinhquy]: daa.uit.edu.vn_thongbaochinhquy?page=1910.md
2025-11-04 07:22:23,998 [INFO] Saved HTML [daa/thongbao/thongbao-chinhquy]: daa.uit.edu.vn_thongbaochinhquy?page=20.html
2025-11-04 07:22:24,005 [INFO] Saved Markdown [daa/thongbao/thongbao-chinhquy]: daa.uit.edu.vn_thongbaochinhquy?page=20.md
2025-11-04 07:22:24,026 [INFO] Saved HTML [daa/thongbao/thongbao-chinhquy]: daa.uit.edu.vn_thongbaochinhquy?page=19.html
2025-11-04 07:22:24,032 [INFO] Saved Markdown [daa/thongbao/thongbao-chinhquy]: daa.uit.edu.vn_thongbaochinhquy?page=19.md
2025-11-04 07:22:24,053 [INFO] Saved HTML [daa/thongbao/thongbao-chinhquy]: daa.uit.edu.vn_thongbaochinhquy?page=18.html
2025-11-04 07:22:24,058 [INFO] Saved Markdown [daa/thongbao/thongbao-chinhquy]: daa.uit.edu.vn_thongbaochinhquy?page=18.md
2025-11-04 07:22:24,079 [INFO] Saved HTML [daa/thongbao/thongbao-chinhquy]: daa.uit.edu.vn_thongbaochinhquy?page=1909.html
2025-11-04 07:22:24,086 [INFO] Saved Markdown [daa/thongbao/thongbao-chinhquy]: daa.uit.edu.vn_thongbaochinhquy?page=1909.md
2025-11-04 07:22:24,109 [INFO] Saved HTML [daa/thongbao/thongbao-chinhquy]: daa.uit.edu.vn_thongbaochinhquy?page=1912.html
2025-11-04 07:22:24,116 [INFO] Saved Markdown [daa/thongbao/thongbao-chinhquy]: daa.uit.edu.vn_thongbaochinhquy?page=1912.md
2025-11-04 07:22:24,136 [INFO] Saved HTML [daa/thongbao/thongbao-chinhquy]: daa.uit.edu.vn_thongbaochinhquy?page=1911.html
2025-11-04 07:22:24,142 [INFO] Saved Markdown [daa/thongbao/thongbao-chinhquy]: daa.uit.edu.vn_thongbaochinhquy?page=1911.md
2025-11-04 07:22:24,163 [INFO] Saved HTML [daa/thongbao/thongbao-chinhquy]: daa.uit.edu.vn_thongbaochinhquy?page=21.html
2025-11-04 07:22:24,167 [INFO] Saved Markdown [daa/thongbao/thongbao-chinhquy]: daa.uit.edu.vn_thongbaochinhquy?page=21.md
2025-11-04 07:22:24,188 [INFO] Saved HTML [daa/thongbao/thongbao-chinhquy]: daa.uit.edu.vn_thongbaochinhquy?page=1906.html
2025-11-04 07:22:24,194 [INFO] Saved Markdown [daa/thongbao/thongbao-chinhquy]: daa.uit.edu.vn_thongbaochinhquy?page=1906.md
2025-11-04 07:22:24,214 [INFO] Saved HTML [daa/thongbao/thongbao-chinhquy]: daa.uit.edu.vn_thongbaochinhquy?page=22.html
2025-11-04 07:22:24,218 [INFO] Saved Markdown [daa/thongbao/thongbao-chinhquy]: daa.uit.edu.vn_thongbaochinhquy?page=22.md
2025-11-04 07:22:24,238 [INFO] Saved HTML [daa/thongbao/thongbao-chinhquy]: daa.uit.edu.vn_thongbaochinhquy?page=1907.html
2025-11-04 07:22:24,243 [INFO] Saved Markdown [daa/thongbao/thongbao-chinhquy]: daa.uit.edu.vn_thongbaochinhquy?page=1907.md
2025-11-04 07:22:24,263 [INFO] Saved HTML [daa/thongbao/thongbao-chinhquy]: daa.uit.edu.vn_thongbaochinhquy?page=23.html
2025-11-04 07:22:24,267 [INFO] Saved Markdown [daa/thongbao/thongbao-chinhquy]: daa.uit.edu.vn_thongbaochinhquy?page=23.md
2025-11-04 07:22:24,287 [INFO] Saved HTML [daa/thongbao/thongbao-chinhquy]: daa.uit.edu.vn_thongbaochinhquy?page=1908.html
2025-11-04 07:22:24,292 [INFO] Saved Markdown [daa/thongbao/thongbao-chinhquy]: daa.uit.edu.vn_thongbaochinhquy?page=1908.md
2025-11-04 07:22:24,313 [INFO] Saved HTML [daa/thongbao/thongbao-chinhquy]: daa.uit.edu.vn_thongbaochinhquy?page=24.html
2025-11-04 07:22:24,317 [INFO] Saved Markdown [daa/thongbao/thongbao-chinhquy]: daa.uit.edu.vn_thongbaochinhquy?page=24.md
2025-11-04 07:22:24,338 [INFO] Saved HTML [daa/thongbao/thongbao-chinhquy]: daa.uit.edu.vn_thongbaochinhquy?page=1905.html
2025-11-04 07:22:24,343 [INFO] Saved Markdown [daa/thongbao/thongbao-chinhquy]: daa.uit.edu.vn_thongbaochinhquy?page=1905.md
2025-11-04 07:22:24,382 [INFO] Saved HTML [daa/thongbao/thongbao-chinhquy]: daa.uit.edu.vn_thongbaochinhquy?page=25.html
2025-11-04 07:22:24,387 [INFO] Saved Markdown [daa/thongbao/thongbao-chinhquy]: daa.uit.edu.vn_thongbaochinhquy?page=25.md
2025-11-04 07:22:24,407 [INFO] Saved HTML [daa/thongbao/thongbao-chinhquy]: daa.uit.edu.vn_thongbaochinhquy?page=1902.html
2025-11-04 07:22:24,413 [INFO] Saved Markdown [daa/thongbao/thongbao-chinhquy]: daa.uit.edu.vn_thongbaochinhquy?page=1902.md
2025-11-04 07:22:24,437 [INFO] Saved HTML [daa/thongbao/thongbao-chinhquy]: daa.uit.edu.vn_thongbaochinhquy?page=1903.html
2025-11-04 07:22:24,444 [INFO] Saved Markdown [daa/thongbao/thongbao-chinhquy]: daa.uit.edu.vn_thongbaochinhquy?page=1903.md
2025-11-04 07:22:24,468 [INFO] Saved HTML [daa/thongbao/thongbao-chinhquy]: daa.uit.edu.vn_thongbaochinhquy?page=1904.html
2025-11-04 07:22:24,474 [INFO] Saved Markdown [daa/thongbao/thongbao-chinhquy]: daa.uit.edu.vn_thongbaochinhquy?page=1904.md
2025-11-04 07:22:24,494 [INFO] Saved HTML [daa/thongbao/thongbao-chinhquy]: daa.uit.edu.vn_thongbaochinhquy?page=1901.html
2025-11-04 07:22:24,498 [INFO] Saved Markdown [daa/thongbao/thongbao-chinhquy]: daa.uit.edu.vn_thongbaochinhquy?page=1901.md
2025-11-04 07:22:24,519 [INFO] Saved HTML [daa/thongbao/thongbao-chinhquy]: daa.uit.edu.vn_thongbaochinhquy?page=26.html
2025-11-04 07:22:24,525 [INFO] Saved Markdown [daa/thongbao/thongbao-chinhquy]: daa.uit.edu.vn_thongbaochinhquy?page=26.md
2025-11-04 07:22:24,544 [INFO] Saved HTML [daa/thongbao/thongbao-chinhquy]: daa.uit.edu.vn_thongbaochinhquy?page=27.html
2025-11-04 07:22:24,549 [INFO] Saved Markdown [daa/thongbao/thongbao-chinhquy]: daa.uit.edu.vn_thongbaochinhquy?page=27.md
2025-11-04 07:22:24,574 [INFO] Saved HTML [daa/thongbao/thongbao-chinhquy]: daa.uit.edu.vn_thongbaochinhquy?page=29.html
2025-11-04 07:22:24,579 [INFO] Saved Markdown [daa/thongbao/thongbao-chinhquy]: daa.uit.edu.vn_thongbaochinhquy?page=29.md
2025-11-04 07:22:24,604 [INFO] Saved HTML [daa/thongbao/thongbao-chinhquy]: daa.uit.edu.vn_thongbaochinhquy?page=28.html
2025-11-04 07:22:24,608 [INFO] Saved Markdown [daa/thongbao/thongbao-chinhquy]: daa.uit.edu.vn_thongbaochinhquy?page=28.md
2025-11-04 07:22:24,634 [INFO] Saved HTML [daa/thongbao/thongbao-chinhquy]: daa.uit.edu.vn_thongbaochinhquy?page=1898.html
2025-11-04 07:22:24,638 [INFO] Saved Markdown [daa/thongbao/thongbao-chinhquy]: daa.uit.edu.vn_thongbaochinhquy?page=1898.md
2025-11-04 07:22:24,666 [INFO] Saved HTML [daa/thongbao/thongbao-chinhquy]: daa.uit.edu.vn_thongbaochinhquy?page=1899.html
2025-11-04 07:22:24,672 [INFO] Saved Markdown [daa/thongbao/thongbao-chinhquy]: daa.uit.edu.vn_thongbaochinhquy?page=1899.md
2025-11-04 07:22:24,694 [INFO] Saved HTML [daa/thongbao/thongbao-chinhquy]: daa.uit.edu.vn_thongbaochinhquy?page=1900.html
2025-11-04 07:22:24,699 [INFO] Saved Markdown [daa/thongbao/thongbao-chinhquy]: daa.uit.edu.vn_thongbaochinhquy?page=1900.md
2025-11-04 07:22:24,725 [INFO] Saved HTML [daa/thongbao/thongbao-chinhquy]: daa.uit.edu.vn_thongbaochinhquy?page=1897.html
2025-11-04 07:22:24,729 [INFO] Saved Markdown [daa/thongbao/thongbao-chinhquy]: daa.uit.edu.vn_thongbaochinhquy?page=1897.md
2025-11-04 07:22:24,754 [INFO] Saved HTML [daa/thongbao/thongbao-chinhquy]: daa.uit.edu.vn_thongbaochinhquy?page=1895.html
2025-11-04 07:22:24,760 [INFO] Saved Markdown [daa/thongbao/thongbao-chinhquy]: daa.uit.edu.vn_thongbaochinhquy?page=1895.md
2025-11-04 07:22:24,781 [INFO] Saved HTML [daa/thongbao/thongbao-chinhquy]: daa.uit.edu.vn_thongbaochinhquy?page=1896.html
2025-11-04 07:22:24,786 [INFO] Saved Markdown [daa/thongbao/thongbao-chinhquy]: daa.uit.edu.vn_thongbaochinhquy?page=1896.md
2025-11-04 07:22:24,812 [INFO] Saved HTML [daa/thongbao/thongbao-chinhquy]: daa.uit.edu.vn_thongbaochinhquy?page=1894.html
2025-11-04 07:22:24,817 [INFO] Saved Markdown [daa/thongbao/thongbao-chinhquy]: daa.uit.edu.vn_thongbaochinhquy?page=1894.md
2025-11-04 07:22:24,843 [INFO] Saved HTML [daa/thongbao/thongbao-chinhquy]: daa.uit.edu.vn_thongbaochinhquy?page=1893.html
2025-11-04 07:22:24,849 [INFO] Saved Markdown [daa/thongbao/thongbao-chinhquy]: daa.uit.edu.vn_thongbaochinhquy?page=1893.md
2025-11-04 07:22:24,874 [INFO] Saved HTML [daa/thongbao/thongbao-chinhquy]: daa.uit.edu.vn_thongbaochinhquy?page=1891.html
2025-11-04 07:22:24,880 [INFO] Saved Markdown [daa/thongbao/thongbao-chinhquy]: daa.uit.edu.vn_thongbaochinhquy?page=1891.md
2025-11-04 07:22:24,905 [INFO] Saved HTML [daa/thongbao/thongbao-chinhquy]: daa.uit.edu.vn_thongbaochinhquy?page=1890.html
2025-11-04 07:22:24,909 [INFO] Saved Markdown [daa/thongbao/thongbao-chinhquy]: daa.uit.edu.vn_thongbaochinhquy?page=1890.md
2025-11-04 07:22:24,938 [INFO] Saved HTML [daa/thongbao/thongbao-chinhquy]: daa.uit.edu.vn_thongbaochinhquy?page=1892.html
2025-11-04 07:22:24,944 [INFO] Saved Markdown [daa/thongbao/thongbao-chinhquy]: daa.uit.edu.vn_thongbaochinhquy?page=1892.md
2025-11-04 07:22:24,966 [INFO] Saved HTML [daa/thongbao/thongbao-chinhquy]: daa.uit.edu.vn_thongbaochinhquy?page=1887.html
2025-11-04 07:22:24,973 [INFO] Saved Markdown [daa/thongbao/thongbao-chinhquy]: daa.uit.edu.vn_thongbaochinhquy?page=1887.md
2025-11-04 07:22:24,997 [INFO] Saved HTML [daa/thongbao/thongbao-chinhquy]: daa.uit.edu.vn_thongbaochinhquy?page=1889.html
2025-11-04 07:22:25,004 [INFO] Saved Markdown [daa/thongbao/thongbao-chinhquy]: daa.uit.edu.vn_thongbaochinhquy?page=1889.md
2025-11-04 07:22:25,029 [INFO] Saved HTML [daa/thongbao/thongbao-chinhquy]: daa.uit.edu.vn_thongbaochinhquy?page=1888.html
2025-11-04 07:22:25,035 [INFO] Saved Markdown [daa/thongbao/thongbao-chinhquy]: daa.uit.edu.vn_thongbaochinhquy?page=1888.md
2025-11-04 07:22:25,059 [INFO] Saved HTML [daa/thongbao/thongbao-chinhquy]: daa.uit.edu.vn_thongbaochinhquy?page=1886.html
2025-11-04 07:22:25,065 [INFO] Saved Markdown [daa/thongbao/thongbao-chinhquy]: daa.uit.edu.vn_thongbaochinhquy?page=1886.md
2025-11-04 07:22:25,090 [INFO] Saved HTML [daa/thongbao/thongbao-chinhquy]: daa.uit.edu.vn_thongbaochinhquy?page=1884.html
2025-11-04 07:22:25,096 [INFO] Saved Markdown [daa/thongbao/thongbao-chinhquy]: daa.uit.edu.vn_thongbaochinhquy?page=1884.md
2025-11-04 07:22:25,122 [INFO] Saved HTML [daa/thongbao/thongbao-chinhquy]: daa.uit.edu.vn_thongbaochinhquy?page=1885.html
2025-11-04 07:22:25,127 [INFO] Saved Markdown [daa/thongbao/thongbao-chinhquy]: daa.uit.edu.vn_thongbaochinhquy?page=1885.md
2025-11-04 07:22:25,153 [INFO] Saved HTML [daa/thongbao/thongbao-chinhquy]: daa.uit.edu.vn_thongbaochinhquy?page=1883.html
2025-11-04 07:22:25,158 [INFO] Saved Markdown [daa/thongbao/thongbao-chinhquy]: daa.uit.edu.vn_thongbaochinhquy?page=1883.md
2025-11-04 07:22:25,179 [INFO] Saved HTML [daa/thongbao/thongbao-chinhquy]: daa.uit.edu.vn_thongbaochinhquy?page=1882.html
2025-11-04 07:22:25,185 [INFO] Saved Markdown [daa/thongbao/thongbao-chinhquy]: daa.uit.edu.vn_thongbaochinhquy?page=1882.md
2025-11-04 07:22:25,210 [INFO] Saved HTML [daa/thongbao/thongbao-chinhquy]: daa.uit.edu.vn_thongbaochinhquy?page=1880.html
2025-11-04 07:22:25,216 [INFO] Saved Markdown [daa/thongbao/thongbao-chinhquy]: daa.uit.edu.vn_thongbaochinhquy?page=1880.md
2025-11-04 07:22:25,241 [INFO] Saved HTML [daa/thongbao/thongbao-chinhquy]: daa.uit.edu.vn_thongbaochinhquy?page=1881.html
2025-11-04 07:22:25,416 [INFO] Downloaded [daa/thongbao/thongbao-chinhquy]: dkANTT_TS2013_0.doc (0.03 MB)
2025-11-04 07:22:25,426 [INFO] Saved Markdown [daa/thongbao/thongbao-chinhquy]: daa.uit.edu.vn_thongbaochinhquy?page=1881.md
2025-11-04 07:22:25,456 [INFO] Saved HTML [daa/thongbao/thongbao-chinhquy]: daa.uit.edu.vn_thongbaochinhquy?page=1878.html
2025-11-04 07:22:25,462 [INFO] Saved Markdown [daa/thongbao/thongbao-chinhquy]: daa.uit.edu.vn_thongbaochinhquy?page=1878.md
2025-11-04 07:22:25,489 [INFO] Saved HTML [daa/thongbao/thongbao-chinhquy]: daa.uit.edu.vn_thongbaochinhquy?page=1879.html
2025-11-04 07:22:25,494 [INFO] Saved Markdown [daa/thongbao/thongbao-chinhquy]: daa.uit.edu.vn_thongbaochinhquy?page=1879.md
2025-11-04 07:22:25,516 [INFO] Saved HTML [daa/thongbao/thongbao-chinhquy]: daa.uit.edu.vn_thongbaochinhquy?page=1877.html
2025-11-04 07:22:25,523 [INFO] Saved Markdown [daa/thongbao/thongbao-chinhquy]: daa.uit.edu.vn_thongbaochinhquy?page=1877.md
2025-11-04 07:22:25,546 [INFO] Saved HTML [daa/thongbao/thongbao-chinhquy]: daa.uit.edu.vn_thongbaochinhquy?page=1874.html
2025-11-04 07:22:25,553 [INFO] Saved Markdown [daa/thongbao/thongbao-chinhquy]: daa.uit.edu.vn_thongbaochinhquy?page=1874.md
2025-11-04 07:22:25,576 [INFO] Saved HTML [daa/thongbao/thongbao-chinhquy]: daa.uit.edu.vn_thongbaochinhquy?page=1876.html
2025-11-04 07:22:25,583 [INFO] Saved Markdown [daa/thongbao/thongbao-chinhquy]: daa.uit.edu.vn_thongbaochinhquy?page=1876.md
2025-11-04 07:22:25,605 [INFO] Saved HTML [daa/thongbao/thongbao-chinhquy]: daa.uit.edu.vn_thongbaochinhquy?page=1875.html
2025-11-04 07:22:25,609 [INFO] Saved Markdown [daa/thongbao/thongbao-chinhquy]: daa.uit.edu.vn_thongbaochinhquy?page=1875.md
2025-11-04 07:22:25,634 [INFO] Saved HTML [daa/thongbao/thongbao-chinhquy]: daa.uit.edu.vn_thongbaochinhquy?page=1873.html
2025-11-04 07:22:25,639 [INFO] Saved Markdown [daa/thongbao/thongbao-chinhquy]: daa.uit.edu.vn_thongbaochinhquy?page=1873.md
2025-11-04 07:22:25,667 [INFO] Saved HTML [daa/thongbao/thongbao-chinhquy]: daa.uit.edu.vn_thongbaochinhquy?page=1871.html
2025-11-04 07:22:25,673 [INFO] Saved Markdown [daa/thongbao/thongbao-chinhquy]: daa.uit.edu.vn_thongbaochinhquy?page=1871.md
2025-11-04 07:22:25,699 [INFO] Saved HTML [daa/thongbao/thongbao-chinhquy]: daa.uit.edu.vn_thongbaochinhquy?page=1870.html
2025-11-04 07:22:25,704 [INFO] Saved Markdown [daa/thongbao/thongbao-chinhquy]: daa.uit.edu.vn_thongbaochinhquy?page=1870.md
2025-11-04 07:22:25,729 [INFO] Saved HTML [daa/thongbao/thongbao-chinhquy]: daa.uit.edu.vn_thongbaochinhquy?page=1872.html
2025-11-04 07:22:25,735 [INFO] Saved Markdown [daa/thongbao/thongbao-chinhquy]: daa.uit.edu.vn_thongbaochinhquy?page=1872.md
2025-11-04 07:22:25,765 [INFO] Saved HTML [daa/thongbao/thongbao-chinhquy]: daa.uit.edu.vn_thongbaochinhquy?page=1869.html
2025-11-04 07:22:25,770 [INFO] Saved Markdown [daa/thongbao/thongbao-chinhquy]: daa.uit.edu.vn_thongbaochinhquy?page=1869.md
2025-11-04 07:22:25,793 [INFO] Saved HTML [daa/thongbao/thongbao-chinhquy]: daa.uit.edu.vn_thongbaochinhquy?page=1868.html
2025-11-04 07:22:25,799 [INFO] Saved Markdown [daa/thongbao/thongbao-chinhquy]: daa.uit.edu.vn_thongbaochinhquy?page=1868.md
2025-11-04 07:22:25,824 [INFO] Saved HTML [daa/thongbao/thongbao-chinhquy]: daa.uit.edu.vn_thongbaochinhquy?page=1866.html
2025-11-04 07:22:25,829 [INFO] Saved Markdown [daa/thongbao/thongbao-chinhquy]: daa.uit.edu.vn_thongbaochinhquy?page=1866.md
2025-11-04 07:22:25,855 [INFO] Saved HTML [daa/thongbao/thongbao-chinhquy]: daa.uit.edu.vn_thongbaochinhquy?page=1867.html
2025-11-04 07:22:25,859 [INFO] Saved Markdown [daa/thongbao/thongbao-chinhquy]: daa.uit.edu.vn_thongbaochinhquy?page=1867.md
2025-11-04 07:22:25,887 [INFO] Saved HTML [daa/thongbao/thongbao-chinhquy]: daa.uit.edu.vn_thongbaochinhquy?page=1864.html
2025-11-04 07:22:25,895 [INFO] Saved Markdown [daa/thongbao/thongbao-chinhquy]: daa.uit.edu.vn_thongbaochinhquy?page=1864.md
2025-11-04 07:22:25,925 [INFO] Saved HTML [daa/thongbao/thongbao-chinhquy]: daa.uit.edu.vn_thongbaochinhquy?page=1865.html
2025-11-04 07:22:25,933 [INFO] Saved Markdown [daa/thongbao/thongbao-chinhquy]: daa.uit.edu.vn_thongbaochinhquy?page=1865.md
2025-11-04 07:22:25,959 [INFO] Saved HTML [daa/thongbao/thongbao-chinhquy]: daa.uit.edu.vn_thongbaochinhquy?page=1863.html
2025-11-04 07:22:25,966 [INFO] Saved Markdown [daa/thongbao/thongbao-chinhquy]: daa.uit.edu.vn_thongbaochinhquy?page=1863.md
2025-11-04 07:22:25,994 [INFO] Saved HTML [daa/thongbao/thongbao-chinhquy]: daa.uit.edu.vn_thongbaochinhquy?page=1862.html
2025-11-04 07:22:26,001 [INFO] Saved Markdown [daa/thongbao/thongbao-chinhquy]: daa.uit.edu.vn_thongbaochinhquy?page=1862.md
2025-11-04 07:22:26,024 [INFO] Saved HTML [daa/thongbao/thongbao-chinhquy]: daa.uit.edu.vn_thongbaochinhquy?page=1858.html
2025-11-04 07:22:26,028 [INFO] Saved Markdown [daa/thongbao/thongbao-chinhquy]: daa.uit.edu.vn_thongbaochinhquy?page=1858.md
2025-11-04 07:22:26,052 [INFO] Saved HTML [daa/thongbao/thongbao-chinhquy]: daa.uit.edu.vn_thongbaochinhquy?page=1861.html
2025-11-04 07:22:26,057 [INFO] Saved Markdown [daa/thongbao/thongbao-chinhquy]: daa.uit.edu.vn_thongbaochinhquy?page=1861.md
2025-11-04 07:22:26,084 [INFO] Saved HTML [daa/thongbao/thongbao-chinhquy]: daa.uit.edu.vn_thongbaochinhquy?page=1860.html
2025-11-04 07:22:26,088 [INFO] Saved Markdown [daa/thongbao/thongbao-chinhquy]: daa.uit.edu.vn_thongbaochinhquy?page=1860.md
2025-11-04 07:22:26,115 [INFO] Saved HTML [daa/thongbao/thongbao-chinhquy]: daa.uit.edu.vn_thongbaochinhquy?page=1859.html
2025-11-04 07:22:26,119 [INFO] Saved Markdown [daa/thongbao/thongbao-chinhquy]: daa.uit.edu.vn_thongbaochinhquy?page=1859.md
2025-11-04 07:22:26,146 [INFO] Saved HTML [daa/thongbao/thongbao-chinhquy]: daa.uit.edu.vn_thongbaochinhquy?page=1856.html
2025-11-04 07:22:26,153 [INFO] Saved Markdown [daa/thongbao/thongbao-chinhquy]: daa.uit.edu.vn_thongbaochinhquy?page=1856.md
2025-11-04 07:22:26,180 [INFO] Saved HTML [daa/thongbao/thongbao-chinhquy]: daa.uit.edu.vn_thongbaochinhquy?page=1855.html
2025-11-04 07:22:26,185 [INFO] Saved Markdown [daa/thongbao/thongbao-chinhquy]: daa.uit.edu.vn_thongbaochinhquy?page=1855.md
2025-11-04 07:22:26,210 [INFO] Saved HTML [daa/thongbao/thongbao-chinhquy]: daa.uit.edu.vn_thongbaochinhquy?page=1854.html
2025-11-04 07:22:26,217 [INFO] Saved Markdown [daa/thongbao/thongbao-chinhquy]: daa.uit.edu.vn_thongbaochinhquy?page=1854.md
2025-11-04 07:22:26,239 [INFO] Saved HTML [daa/thongbao/thongbao-chinhquy]: daa.uit.edu.vn_thongbaochinhquy?page=1857.html
2025-11-04 07:22:26,245 [INFO] Saved Markdown [daa/thongbao/thongbao-chinhquy]: daa.uit.edu.vn_thongbaochinhquy?page=1857.md
2025-11-04 07:22:26,315 [INFO] Saved HTML [daa/thongbao/thongbao-chinhquy]: daa.uit.edu.vn_thongbaochinhquy?page=1852.html
2025-11-04 07:22:26,343 [INFO] Saved Markdown [daa/thongbao/thongbao-chinhquy]: daa.uit.edu.vn_thongbaochinhquy?page=1852.md
2025-11-04 07:22:26,465 [INFO] Saved HTML [daa/thongbao/thongbao-chinhquy]: daa.uit.edu.vn_thongbaochinhquy?page=1851.html
2025-11-04 07:22:26,474 [INFO] Saved Markdown [daa/thongbao/thongbao-chinhquy]: daa.uit.edu.vn_thongbaochinhquy?page=1851.md
2025-11-04 07:22:26,504 [INFO] Saved HTML [daa/thongbao/thongbao-chinhquy]: daa.uit.edu.vn_thongbaochinhquy?page=1853.html
2025-11-04 07:22:26,514 [INFO] Saved Markdown [daa/thongbao/thongbao-chinhquy]: daa.uit.edu.vn_thongbaochinhquy?page=1853.md
2025-11-04 07:22:26,542 [INFO] Saved HTML [daa/thongbao/thongbao-chinhquy]: daa.uit.edu.vn_thongbaochinhquy?page=1850.html
2025-11-04 07:22:26,549 [INFO] Saved Markdown [daa/thongbao/thongbao-chinhquy]: daa.uit.edu.vn_thongbaochinhquy?page=1850.md
2025-11-04 07:22:26,583 [INFO] Saved HTML [daa/thongbao/thongbao-chinhquy]: daa.uit.edu.vn_thongbaochinhquy?page=1847.html
2025-11-04 07:22:26,591 [INFO] Saved Markdown [daa/thongbao/thongbao-chinhquy]: daa.uit.edu.vn_thongbaochinhquy?page=1847.md
2025-11-04 07:22:26,623 [INFO] Saved HTML [daa/thongbao/thongbao-chinhquy]: daa.uit.edu.vn_thongbaochinhquy?page=1848.html
2025-11-04 07:22:26,630 [INFO] Saved Markdown [daa/thongbao/thongbao-chinhquy]: daa.uit.edu.vn_thongbaochinhquy?page=1848.md
2025-11-04 07:22:26,655 [INFO] Saved HTML [daa/thongbao/thongbao-chinhquy]: daa.uit.edu.vn_thongbaochinhquy?page=1849.html
2025-11-04 07:22:26,661 [INFO] Saved Markdown [daa/thongbao/thongbao-chinhquy]: daa.uit.edu.vn_thongbaochinhquy?page=1849.md
2025-11-04 07:22:26,682 [INFO] Saved HTML [daa/thongbao/thongbao-chinhquy]: daa.uit.edu.vn_thongbaochinhquy?page=1846.html
2025-11-04 07:22:26,687 [INFO] Saved Markdown [daa/thongbao/thongbao-chinhquy]: daa.uit.edu.vn_thongbaochinhquy?page=1846.md
2025-11-04 07:22:26,691 [INFO] Saved 110/110 pages, skipped 0 (cached) from https://daa.uit.edu.vn/thongbaochinhquy
2025-11-04 07:22:26,692 [INFO] Starting crawl for: https://daa.uit.edu.vn/thong-bao-vb2 (attempt 1/3)
2025-11-04 07:22:26,695 [INFO] Progress: 4/44 seeds completed
2025-11-04 07:23:06,878 [INFO] Crawled 0 pages from https://daa.uit.edu.vn/thong-bao-vb2
2025-11-04 07:23:06,879 [INFO] Saved 0/0 pages, skipped 0 (cached) from https://daa.uit.edu.vn/thong-bao-vb2
2025-11-04 07:23:06,879 [INFO] Starting crawl for: https://daa.uit.edu.vn/thongbaotuxa (attempt 1/3)
2025-11-04 07:23:06,881 [INFO] Progress: 5/44 seeds completed
2025-11-04 07:23:06,883 [INFO] Statistics saved to /data/crawl_stats.json
2025-11-04 07:23:52,073 [INFO] Crawled 2 pages from https://daa.uit.edu.vn/thongbaotuxa
2025-11-04 07:23:52,092 [INFO] Saved HTML [daa/thongbao/thongbao-tuxa]: daa.uit.edu.vn_thongbaotuxa.html
2025-11-04 07:23:52,100 [INFO] Saved Markdown [daa/thongbao/thongbao-tuxa]: daa.uit.edu.vn_thongbaotuxa.md
2025-11-04 07:23:52,127 [INFO] Saved HTML [daa/thongbao/thongbao-tuxa]: daa.uit.edu.vn_thongbaotuxa?page=1.html
2025-11-04 07:23:52,134 [INFO] Saved Markdown [daa/thongbao/thongbao-tuxa]: daa.uit.edu.vn_thongbaotuxa?page=1.md
2025-11-04 07:23:52,137 [INFO] Saved 2/2 pages, skipped 0 (cached) from https://daa.uit.edu.vn/thongbaotuxa
2025-11-04 07:23:52,137 [INFO] Starting crawl for: https://daa.uit.edu.vn/qui-che-qui-dinh-qui-trinh (attempt 1/3)
2025-11-04 07:23:52,141 [INFO] Progress: 6/44 seeds completed
2025-11-04 07:24:37,360 [INFO] Crawled 2 pages from https://daa.uit.edu.vn/qui-che-qui-dinh-qui-trinh
2025-11-04 07:24:37,361 [INFO] Found 38 potential numbered items in https://daa.uit.edu.vn/qui-che-qui-dinh-qui-trinh
2025-11-04 07:24:37,361 [INFO] Cached numbered doc: https://daa.uit.edu.vn/01-quyet-dinh-ve-viec-ban-hanh-quy-che-dao-tao-theo-hoc-che-tin-chi -> 01. Quyết định về việc ban hành Quy chế đào tạo theo học chế tín chỉ
2025-11-04 07:24:37,361 [INFO] Cached numbered doc: https://daa.uit.edu.vn/thongbao/02-quyet-dinh-ve-viec-ban-hanh-qui-dinh-ve-cong-tac-giao-trinh -> 02. Quyết định về việc ban hành Qui định về công tác giáo trình
2025-11-04 07:24:37,362 [INFO] Cached numbered doc: https://daa.uit.edu.vn/03-quyet-dinh-ve-viec-ban-hanh-quy-che-van-bang-chung-chi -> 03. Quyết định về việc ban hành Quy chế văn bằng chứng chỉ
2025-11-04 07:24:37,362 [INFO] Cached numbered doc: https://daa.uit.edu.vn/thongbao/04-quyet-dinh-ve-viec-ban-hanh-quy-dinh-ve-he-tai-nang -> 04. Quyết định về việc ban hành Quy định về hệ tài năng
2025-11-04 07:24:37,362 [INFO] Cached numbered doc: https://daa.uit.edu.vn/05-quy-dinh-dao-tao-ngoai-ngu-doi-voi-he-dai-hoc-chinh-quy-cua-truong-dhcntt -> 05. Quy định đào tạo ngoại ngữ đối với hệ đại học chính quy của Trường ĐHCNTT
2025-11-04 07:24:37,362 [INFO] Cached numbered doc: https://daa.uit.edu.vn/06-quyet-dinh-ve-viec-ban-hanh-quy-dinh-ve-khoa-luan-tot-nghiep-cho-sv-he-cq -> 06. Quyết định về việc ban hành Quy định về khóa luận tốt nghiệp cho SV hệ CQ
2025-11-04 07:24:37,362 [INFO] Cached numbered doc: https://daa.uit.edu.vn/07-quyet-dinh-ve-viec-ban-hanh-quy-dinh-chuc-thi-tap-trung-cac-mon-hoc-he-dhcq -> 07. Quyết định về việc ban hành Quy định tổ chức thi tập trung các môn học hệ ĐHCQ
2025-11-04 07:24:37,363 [INFO] Cached numbered doc: https://daa.uit.edu.vn/thongbao/08-quyet-dinh-ve-viec-ban-hanh-quy-trinh-bao-nghi-day-day-bu -> 08. Quyết định về việc ban hành Quy trình báo nghỉ dạy, dạy bù
2025-11-04 07:24:37,363 [INFO] Cached numbered doc: https://daa.uit.edu.vn/09-quyet-dinh-ve-viec-ban-hanh-quy-che-dao-tao-cho-sinh-vien-he-dao-tao-tu-xa-trinh-do-dai-hoc -> 09. Quyết định về việc ban hành Quy chế đào tạo cho sinh viên hệ đào tạo từ xa trình độ đại học
2025-11-04 07:24:37,363 [INFO] Cached numbered doc: https://daa.uit.edu.vn/thongbao/10-quyet-dinh-ve-viec-ban-hanh-quy-trinh-danh-gia-cap-nhat-ctdt-trinh-do-dhsdh -> 10. Quyết định về việc ban hành Quy trình đánh giá, cập nhật CTĐT trình độ ĐHSĐH
2025-11-04 07:24:37,363 [INFO] Cached numbered doc: https://daa.uit.edu.vn/thongbao/11-quyet-dinh-ve-viec-ban-hanh-quy-dinh-ve-viec-mo-nganh-dao-tao -> 11. Quyết định về việc ban hành Quy định về việc mở ngành đào tạo
2025-11-04 07:24:37,363 [INFO] Cached numbered doc: https://daa.uit.edu.vn/thongbao/12-quyet-dinh-ve-viec-ban-hanh-quy-dinh-ve-dao-tao-chuong-trinh-chat-luong-cao -> 12. Quyết định về việc ban hành Quy định về đào tạo chương trình Chất lượng cao
2025-11-04 07:24:37,363 [INFO] Cached numbered doc: https://daa.uit.edu.vn/thongbao/14-qui-dinh-cach-dat-ma-mon-hoc -> 14. Qui định cách đặt mã môn học
2025-11-04 07:24:37,364 [INFO] Cached numbered doc: https://daa.uit.edu.vn/15-qui-dinh-ve-giang-vien-giang-vien-va-tro-giang-mon-hoc -> 15. Qui định về giảng viên giảng viên và trợ giảng môn học
2025-11-04 07:24:37,364 [INFO] Cached numbered doc: https://daa.uit.edu.vn/thongbao/16-thoi-diem-va-muc-thu-hoc-phi-gia-han-doi-voi-sinh-vien-he-dai-hoc-chinh-quy -> 16. Thời điểm và mức thu học phí gia hạn đối với sinh viên hệ đại học chính quy
2025-11-04 07:24:37,364 [INFO] Cached numbered doc: https://daa.uit.edu.vn/thongbao/17-quy-dinh-ve-chinh-sach-ho-tro-cong-bo-khoa-hoc -> 17. Quy định về chính sách hỗ trợ công bố khoa học
2025-11-04 07:24:37,364 [INFO] Cached numbered doc: https://daa.uit.edu.vn/thongbao/18-quy-trinh-phan-cong-can-bo-coi-thi-cho-cac-dot-thi-tap-trung-he-dai-hoc-chinh-quy -> 18. Quy trình phân công cán bộ coi thi cho các đợt thi tập trung hệ đại học chính quy
2025-11-04 07:24:37,364 [INFO] Cached numbered doc: https://daa.uit.edu.vn/thongbao/19-quy-trinh-nop-khoa-luan-tot-nghiep-sau-khi-bao-ve-truoc-hoi-dong-bao-ve-khoa-luan-tot -> 19. Quy trình nộp khoá luận tốt nghiệp sau khi bảo vệ trước Hội đồng bảo vệ khoá luận tốt nghiệp
2025-11-04 07:24:37,364 [INFO] Cached numbered doc: https://daa.uit.edu.vn/thongbao/20-quy-dinh-chuong-trinh-tien-tien -> 20. Quy định chương trình tiên tiến
2025-11-04 07:24:37,365 [INFO] Cached numbered doc: https://daa.uit.edu.vn/thongbao/21-huong-dan-thang-phan-loai-nhan-thuc-ky-nang-thai-do-su-dung-tai-truong-dai-hoc-cong-nghe -> 21. Hướng dẫn Thang phân loại nhận thức, kỹ năng, thái độ sử dụng tại Trường Đại học Công nghệ Thông tin
2025-11-04 07:24:37,365 [INFO] Cached numbered doc: https://daa.uit.edu.vn/thongbao/22-quy-dinh-ve-viec-chuc-day-hoc-ngoai-gio-hanh-chinh-doi-voi-cac-hoc-phan-trong-chuong -> 22. Quy định về việc tổ chức dạy – học ngoài giờ hành chính đối với các học phần trong chương trình đào tạo đại học chính quy
2025-11-04 07:24:37,365 [INFO] Cached numbered doc: https://daa.uit.edu.vn/thongbao/23-quy-dinh-tam-thoi-ve-dao-tao-lien-thong-tu-trinh-do-dai-hoc-len-trinh-do-thac-si-he -> 23. Quy định tạm thời về đào tạo liên thông từ trình độ đại học lên trình độ thạc sĩ hệ chính quy
2025-11-04 07:24:37,365 [INFO] Cached numbered doc: https://daa.uit.edu.vn/thongbao/24-quyet-dinh-ve-viec-ban-hanh-quy-dinh-day-va-hoc-theo-phuong-thuc-truc-tuyen-va-phuong -> 24. Quyết định về việc ban hành quy định dạy và học theo phương thức trực tuyến và phương thức kết hợp
2025-11-04 07:24:37,365 [INFO] Cached numbered doc: https://daa.uit.edu.vn/thongbao/25-quy-dinh-chuc-danh-gia-ket-qua-hoc-tap-theo-hinh-thuc-truc-tuyen -> 25. Quy định tổ chức đánh giá kết quả học tập theo hình thức trực tuyến
2025-11-04 07:24:37,366 [INFO] Cached numbered doc: https://daa.uit.edu.vn/thongbao/26-quy-dinh-moi-giang-vien-thinh-giang-tu-doanh-nghiep -> 26. Quy định mời giảng viên thỉnh giảng từ doanh nghiệp
2025-11-04 07:24:37,366 [INFO] Cached numbered doc: https://daa.uit.edu.vn/27-huong-dan-dang-ky-hoc-phan-cho-sinh-vien -> 27. Hướng dẫn đăng ký học phần cho sinh viên
2025-11-04 07:24:37,366 [INFO] Cached numbered doc: https://daa.uit.edu.vn/28-quy-dinh-dao-tao-song-nganh-trinh-do-dai-hoc-he-chinh-quy -> 28. Quy định đào tạo song ngành trình độ đại học hệ chính quy
2025-11-04 07:24:37,366 [INFO] Cached numbered doc: https://daa.uit.edu.vn/29-quy-dinh-ve-do-tot-nghiep-tai-doanh-nghiep -> 29. Quy định về đồ án tốt nghiệp tại doanh nghiệp
2025-11-04 07:24:37,367 [INFO] Cached numbered doc: https://daa.uit.edu.vn/30-huong-dan-chuyen-doi-he-thong-tin-chi-sang-he-thong-tich-luy-va-chuyen-doi-tin-chi-cua-chau-au -> 30. Hướng dẫn chuyển đổi hệ thống tín chỉ sang Hệ thống tích lũy và chuyển đổi tín chỉ của Châu Âu
2025-11-04 07:24:37,367 [INFO] Cached numbered doc: https://daa.uit.edu.vn/31-quy-che-tuyen-sinh-dai-hoc-chinh-quy -> 31. Quy chế tuyển sinh đại học chính quy
2025-11-04 07:24:37,367 [INFO] Cached numbered doc: https://daa.uit.edu.vn/32-quy-trinh-canh-bao-sinh-vien-he-dai-hoc-chinh-quy-ve-ket-qua-dang-ky-hoc-phan-va-ket-qua-hoc-tap -> 32. Quy trình cảnh báo sinh viên hệ đại học chính quy về kết quả đăng ký học phần và kết quả học tập
2025-11-04 07:24:37,367 [INFO] Cached numbered doc: https://daa.uit.edu.vn/33-quy-che-tuyen-sinh-hinh-thuc-dao-tao-tu-xa-trinh-do-dai-hoc -> 33. Quy chế tuyển sinh hình thức đào tạo từ xa trình độ đại học
2025-11-04 07:24:37,367 [INFO] Cached numbered doc: https://daa.uit.edu.vn/34-quy-trinh-chuyen-sinh-vien-tu-hinh-thuc-dao-tao-chinh-quy-sang-hinh-thuc-dao-tao-tu-xa -> 34. Quy trình chuyển sinh viên từ hình thức đào tạo chính quy sang hình thức đào tạo từ xa
2025-11-04 07:24:37,368 [INFO] Cached numbered doc: https://daa.uit.edu.vn/35-quy-trinh-cong-nhan-tin-chi-trong-dao-tao-dai-hoc-cua-truong-dai-hoc-cong-nghe-thong-tin -> 35. Quy trình công nhận tín chỉ trong đào tạo đại học của Trường Đại học Công nghệ Thông tin
2025-11-04 07:24:37,368 [INFO] Cached numbered doc: https://daa.uit.edu.vn/36-quy-dinh-ve-do-tot-nghiep -> 36. Quy định về Đồ án tốt nghiệp
2025-11-04 07:24:37,368 [INFO] Cached numbered doc: https://daa.uit.edu.vn/37-ban-hanh-quy-dinh-chuc-quan-ly-chuong-trinh-lien-ket-dao-tao-voi-nuoc-ngoai-trinh-do-dai-hoc-tai -> 37. Ban hành quy định tổ chức, quản lý chương trình liên kết đào tạo với nước ngoài trình độ đại học tại Trường ĐHCNTT
2025-11-04 07:24:37,368 [INFO] Cached numbered doc: https://daa.uit.edu.vn/38-quy-trinh-xu-ly-hoc-vu-sinh-vien-dai-hoc-chinh-quy -> 38. Quy trình xử lý học vụ sinh viên đại học chính quy
2025-11-04 07:24:37,368 [INFO] Cached numbered doc: https://daa.uit.edu.vn/39quy-dinh-ve-liem-chinh-hoc-thuat-tai-truong-dai-hoc-cong-nghe-thong-tin -> 39. Quy định về Liêm chính học thuật tại Trường Đại học Công nghệ Thông tin
2025-11-04 07:24:37,369 [INFO] Successfully cached 38 numbered docs from https://daa.uit.edu.vn/qui-che-qui-dinh-qui-trinh
2025-11-04 07:24:37,384 [INFO] Saved HTML [daa/quydinh_huongdan/qui-che-qui-dinh-qui-trinh]: daa.uit.edu.vn_qui-che-qui-dinh-qui-trinh.html
2025-11-04 07:24:37,390 [INFO] Saved Markdown [daa/quydinh_huongdan/qui-che-qui-dinh-qui-trinh]: daa.uit.edu.vn_qui-che-qui-dinh-qui-trinh.md
2025-11-04 07:24:37,418 [INFO] Saved HTML [daa/quydinh_huongdan/qui-che-qui-dinh-qui-trinh]: daa.uit.edu.vn_qui-che-qui-dinh-qui-trinh?page=1.html
2025-11-04 07:24:37,424 [INFO] Saved Markdown [daa/quydinh_huongdan/qui-che-qui-dinh-qui-trinh]: daa.uit.edu.vn_qui-che-qui-dinh-qui-trinh?page=1.md
2025-11-04 07:24:37,428 [INFO] Saved 2/2 pages, skipped 0 (cached) from https://daa.uit.edu.vn/qui-che-qui-dinh-qui-trinh
2025-11-04 07:24:37,428 [INFO] Found 38 new numbered detail pages to crawl from https://daa.uit.edu.vn/qui-che-qui-dinh-qui-trinh
2025-11-04 07:24:37,428 [INFO] Crawling numbered detail: https://daa.uit.edu.vn/01-quyet-dinh-ve-viec-ban-hanh-quy-che-dao-tao-theo-hoc-che-tin-chi
2025-11-04 07:25:19,761 [INFO] Using cached numbered doc: 01-quyet-dinh-ve-viec-ban-hanh-quy-che-dao-tao-theo-hoc-che-tin-chi in qui-che-qui-dinh-qui-trinh
2025-11-04 07:25:19,782 [INFO] Saved HTML [daa/quydinh_huongdan/qui-che-qui-dinh-qui-trinh/01-quyet-dinh-ve-viec-ban-hanh-quy-che-dao-tao-theo-hoc-che-tin-chi]: daa.uit.edu.vn_01-quyet-dinh-ve-viec-ban-hanh-quy-che-dao-tao-theo-hoc-che-tin-chi.html
2025-11-04 07:25:19,924 [INFO] Downloaded [daa/quydinh_huongdan/qui-che-qui-dinh-qui-trinh/01-quyet-dinh-ve-viec-ban-hanh-quy-che-dao-tao-theo-hoc-che-tin-chi]: 790-qd-dhcntt_28-9-22_quy_che_dao_tao.pdf (0.52 MB)
2025-11-04 07:25:20,012 [INFO] Downloaded [daa/quydinh_huongdan/qui-che-qui-dinh-qui-trinh/01-quyet-dinh-ve-viec-ban-hanh-quy-che-dao-tao-theo-hoc-che-tin-chi]: 1393-qd-dhcntt_29-12-2023_cap_nhat_quy_che_dao_tao_theo_hoc_che_tin_chi_cho_he_dai_hoc_chinh_quy.pdf (0.29 MB)
2025-11-04 07:25:20,022 [INFO] Saved Markdown [daa/quydinh_huongdan/qui-che-qui-dinh-qui-trinh/01-quyet-dinh-ve-viec-ban-hanh-quy-che-dao-tao-theo-hoc-che-tin-chi]: daa.uit.edu.vn_01-quyet-dinh-ve-viec-ban-hanh-quy-che-dao-tao-theo-hoc-che-tin-chi.md
2025-11-04 07:25:20,034 [INFO] ✓ Saved numbered detail: https://daa.uit.edu.vn/01-quyet-dinh-ve-viec-ban-hanh-quy-che-dao-tao-theo-hoc-che-tin-chi
2025-11-04 07:25:22,035 [INFO] Crawling numbered detail: https://daa.uit.edu.vn/thongbao/02-quyet-dinh-ve-viec-ban-hanh-qui-dinh-ve-cong-tac-giao-trinh
2025-11-04 07:26:04,318 [INFO] Using cached numbered doc: 02-quyet-dinh-ve-viec-ban-hanh-qui-dinh-ve-cong-tac-giao-trinh in qui-che-qui-dinh-qui-trinh
2025-11-04 07:26:04,324 [INFO] Saved HTML [daa/quydinh_huongdan/qui-che-qui-dinh-qui-trinh/02-quyet-dinh-ve-viec-ban-hanh-qui-dinh-ve-cong-tac-giao-trinh]: daa.uit.edu.vn_thongbao_02-quyet-dinh-ve-viec-ban-hanh-qui-dinh-ve-cong-tac-giao-trinh.html
2025-11-04 07:26:04,877 [INFO] Downloaded [daa/quydinh_huongdan/qui-che-qui-dinh-qui-trinh/02-quyet-dinh-ve-viec-ban-hanh-qui-dinh-ve-cong-tac-giao-trinh]: 53_qd_dhcntt_19_2_2019_quy_che_cong_tac_giao_trinh.pdf (5.43 MB)
2025-11-04 07:26:04,887 [INFO] Saved Markdown [daa/quydinh_huongdan/qui-che-qui-dinh-qui-trinh/02-quyet-dinh-ve-viec-ban-hanh-qui-dinh-ve-cong-tac-giao-trinh]: daa.uit.edu.vn_thongbao_02-quyet-dinh-ve-viec-ban-hanh-qui-dinh-ve-cong-tac-giao-trinh.md
2025-11-04 07:26:04,898 [INFO] ✓ Saved numbered detail: https://daa.uit.edu.vn/thongbao/02-quyet-dinh-ve-viec-ban-hanh-qui-dinh-ve-cong-tac-giao-trinh
2025-11-04 07:26:06,896 [INFO] Crawling numbered detail: https://daa.uit.edu.vn/03-quyet-dinh-ve-viec-ban-hanh-quy-che-van-bang-chung-chi
2025-11-04 07:26:49,220 [INFO] Using cached numbered doc: 03-quyet-dinh-ve-viec-ban-hanh-quy-che-van-bang-chung-chi in qui-che-qui-dinh-qui-trinh
2025-11-04 07:26:49,229 [INFO] Saved HTML [daa/quydinh_huongdan/qui-che-qui-dinh-qui-trinh/03-quyet-dinh-ve-viec-ban-hanh-quy-che-van-bang-chung-chi]: daa.uit.edu.vn_03-quyet-dinh-ve-viec-ban-hanh-quy-che-van-bang-chung-chi.html
2025-11-04 07:26:49,562 [INFO] Downloaded [daa/quydinh_huongdan/qui-che-qui-dinh-qui-trinh/03-quyet-dinh-ve-viec-ban-hanh-quy-che-van-bang-chung-chi]: 172-qd-dhcntt_08-3-2023_quy_che_van_bang_chung_chi.pdf (2.41 MB)
2025-11-04 07:26:49,767 [INFO] Downloaded [daa/quydinh_huongdan/qui-che-qui-dinh-qui-trinh/03-quyet-dinh-ve-viec-ban-hanh-quy-che-van-bang-chung-chi]: 1192-tb-dhcntt_25-10-2024_tu_ngu_su_dung_in_tren_plvb_bd_gxn_0.pdf (0.99 MB)
2025-11-04 07:26:49,905 [INFO] Downloaded [daa/quydinh_huongdan/qui-che-qui-dinh-qui-trinh/03-quyet-dinh-ve-viec-ban-hanh-quy-che-van-bang-chung-chi]: 133-qd-dhcntt_17-02-2025_cap_nhat_bo_sung_mau_plvb_tot_nghiep_dh_ths.pdf (1.08 MB)
2025-11-04 07:26:49,913 [INFO] Saved Markdown [daa/quydinh_huongdan/qui-che-qui-dinh-qui-trinh/03-quyet-dinh-ve-viec-ban-hanh-quy-che-van-bang-chung-chi]: daa.uit.edu.vn_03-quyet-dinh-ve-viec-ban-hanh-quy-che-van-bang-chung-chi.md
2025-11-04 07:26:49,925 [INFO] ✓ Saved numbered detail: https://daa.uit.edu.vn/03-quyet-dinh-ve-viec-ban-hanh-quy-che-van-bang-chung-chi
2025-11-04 07:26:51,926 [INFO] Crawling numbered detail: https://daa.uit.edu.vn/thongbao/04-quyet-dinh-ve-viec-ban-hanh-quy-dinh-ve-he-tai-nang
2025-11-04 07:27:34,196 [INFO] Using cached numbered doc: 04-quyet-dinh-ve-viec-ban-hanh-quy-dinh-ve-he-tai-nang in qui-che-qui-dinh-qui-trinh
2025-11-04 07:27:34,202 [INFO] Saved HTML [daa/quydinh_huongdan/qui-che-qui-dinh-qui-trinh/04-quyet-dinh-ve-viec-ban-hanh-quy-dinh-ve-he-tai-nang]: daa.uit.edu.vn_thongbao_04-quyet-dinh-ve-viec-ban-hanh-quy-dinh-ve-he-tai-nang.html
2025-11-04 07:27:34,605 [INFO] Downloaded [daa/quydinh_huongdan/qui-che-qui-dinh-qui-trinh/04-quyet-dinh-ve-viec-ban-hanh-quy-dinh-ve-he-tai-nang]: 131-qd-dhcntt_08-03-2022_quy_dinh_dao_tao_chuong_trinh_tai_nang.pdf (2.92 MB)
2025-11-04 07:27:34,613 [INFO] Saved Markdown [daa/quydinh_huongdan/qui-che-qui-dinh-qui-trinh/04-quyet-dinh-ve-viec-ban-hanh-quy-dinh-ve-he-tai-nang]: daa.uit.edu.vn_thongbao_04-quyet-dinh-ve-viec-ban-hanh-quy-dinh-ve-he-tai-nang.md
2025-11-04 07:27:34,626 [INFO] ✓ Saved numbered detail: https://daa.uit.edu.vn/thongbao/04-quyet-dinh-ve-viec-ban-hanh-quy-dinh-ve-he-tai-nang
2025-11-04 07:27:36,625 [INFO] Crawling numbered detail: https://daa.uit.edu.vn/05-quy-dinh-dao-tao-ngoai-ngu-doi-voi-he-dai-hoc-chinh-quy-cua-truong-dhcntt
2025-11-04 07:28:18,990 [INFO] Using cached numbered doc: 05-quy-dinh-dao-tao-ngoai-ngu-doi-voi-he-dai-hoc-chinh-quy-cua-truong-dhcntt in qui-che-qui-dinh-qui-trinh
2025-11-04 07:28:18,998 [INFO] Saved HTML [daa/quydinh_huongdan/qui-che-qui-dinh-qui-trinh/05-quy-dinh-dao-tao-ngoai-ngu-doi-voi-he-dai-hoc-chinh-quy-cua-truong-dhcntt]: daa.uit.edu.vn_05-quy-dinh-dao-tao-ngoai-ngu-doi-voi-he-dai-hoc-chinh-quy-cua-truong-dhcntt.html
2025-11-04 07:28:19,064 [INFO] Downloaded [daa/quydinh_huongdan/qui-che-qui-dinh-qui-trinh/05-quy-dinh-dao-tao-ngoai-ngu-doi-voi-he-dai-hoc-chinh-quy-cua-truong-dhcntt]: 147-qd-dhcntt-dtdh_31-07-2013_quyet_dinh_ve_viec_ban_hanh_chuan_dau_ra_tieng_anh_cho_sv_he_cq_2006-2014_0_0.pdf (0.16 MB)
2025-11-04 07:28:19,172 [INFO] Downloaded [daa/quydinh_huongdan/qui-che-qui-dinh-qui-trinh/05-quy-dinh-dao-tao-ngoai-ngu-doi-voi-he-dai-hoc-chinh-quy-cua-truong-dhcntt]: 125-qd-dhcntt-dtdh_18-09-2015_quyet_dinh_ban_hanh_qui_dinh_tam_thoi_day_va_hoc_tieng_anh_khoa_2015_0.pdf (0.40 MB)
2025-11-04 07:28:19,272 [INFO] Downloaded [daa/quydinh_huongdan/qui-che-qui-dinh-qui-trinh/05-quy-dinh-dao-tao-ngoai-ngu-doi-voi-he-dai-hoc-chinh-quy-cua-truong-dhcntt]: 128-qd-dhcntt-dtdh_30-8-2016_ban_hanh_qd_day_va_hoc_nn_doi_voi_he_dai_hoc_cq_cua_truong_dhcntt_khoa_2016.pdf (0.45 MB)
2025-11-04 07:28:19,353 [INFO] Downloaded [daa/quydinh_huongdan/qui-che-qui-dinh-qui-trinh/05-quy-dinh-dao-tao-ngoai-ngu-doi-voi-he-dai-hoc-chinh-quy-cua-truong-dhcntt]: 141-qd-dhcntt16-3-2018quy_dinh_dao_tao_ngoai_ngu_doi_voi_he_dh_chinh_quy_cua_truong_dhcntt_ap_dung_tu_khoa_2017_0.pdf (0.21 MB)
2025-11-04 07:28:19,438 [INFO] Downloaded [daa/quydinh_huongdan/qui-che-qui-dinh-qui-trinh/05-quy-dinh-dao-tao-ngoai-ngu-doi-voi-he-dai-hoc-chinh-quy-cua-truong-dhcntt]: 108-qd-dhcntt15-3-2019_sua_doi_bo_sung_quy_dinh_dao_tao_ngoai_ngu_doi_voi_he_dh_chinh_quy_qui_dinh_141_0.pdf (0.35 MB)
2025-11-04 07:28:19,604 [INFO] Downloaded [daa/quydinh_huongdan/qui-che-qui-dinh-qui-trinh/05-quy-dinh-dao-tao-ngoai-ngu-doi-voi-he-dai-hoc-chinh-quy-cua-truong-dhcntt]: 35-tb-dhcntt_21-5-2019_cong_nhan_chung_chi_tieng_nhat_nat-test_cho_chuan_qua_trinh_0_0.pdf (0.98 MB)
2025-11-04 07:28:19,681 [INFO] Downloaded [daa/quydinh_huongdan/qui-che-qui-dinh-qui-trinh/05-quy-dinh-dao-tao-ngoai-ngu-doi-voi-he-dai-hoc-chinh-quy-cua-truong-dhcntt]: 547-qd-dhcntt_30-8-2019_qui_dinh_dao_tao_ngoai_ngu_doi_voi_he_chinh_qui_khoa_2019_0_0.pdf (0.21 MB)
2025-11-04 07:28:19,753 [INFO] Downloaded [daa/quydinh_huongdan/qui-che-qui-dinh-qui-trinh/05-quy-dinh-dao-tao-ngoai-ngu-doi-voi-he-dai-hoc-chinh-quy-cua-truong-dhcntt]: 101-tb-dhcntt_29-12-2021_thong_bao_su_dung_ket_qua_thi_vpet_0_0.pdf (0.19 MB)
2025-11-04 07:28:19,845 [INFO] Downloaded [daa/quydinh_huongdan/qui-che-qui-dinh-qui-trinh/05-quy-dinh-dao-tao-ngoai-ngu-doi-voi-he-dai-hoc-chinh-quy-cua-truong-dhcntt]: 119-tb-dhcntt_19-9-2022_thong_bao_ngung_su_dung_chung_chi_vpet_toeic_bach_khoa_va_phoi_van_bang_moi_0_0.pdf (0.40 MB)
2025-11-04 07:28:20,264 [INFO] Downloaded [daa/quydinh_huongdan/qui-che-qui-dinh-qui-trinh/05-quy-dinh-dao-tao-ngoai-ngu-doi-voi-he-dai-hoc-chinh-quy-cua-truong-dhcntt]: 828_qd-dhcntt_04-10-2022_quy_dinh_dao_tao_ngoai_ngu_doi_voi_he_chinh_qui_khoa_2022_0_0.pdf (3.27 MB)
2025-11-04 07:28:20,355 [INFO] Downloaded [daa/quydinh_huongdan/qui-che-qui-dinh-qui-trinh/05-quy-dinh-dao-tao-ngoai-ngu-doi-voi-he-dai-hoc-chinh-quy-cua-truong-dhcntt]: 153-tb-dhcntt13-12-2022_ngung_su_dung_ket_qua_bai_thi_nn_qt_ielts_indicator_va_toefl_ibt_home_edition_0.pdf (0.28 MB)
2025-11-04 07:28:20,455 [INFO] Downloaded [daa/quydinh_huongdan/qui-che-qui-dinh-qui-trinh/05-quy-dinh-dao-tao-ngoai-ngu-doi-voi-he-dai-hoc-chinh-quy-cua-truong-dhcntt]: 364-qd-dhcntt_22-04-2024_sua_doi_quy_dinh_dao_tao_ngoai_ngu.pdf (0.64 MB)
2025-11-04 07:28:20,531 [INFO] Downloaded [daa/quydinh_huongdan/qui-che-qui-dinh-qui-trinh/05-quy-dinh-dao-tao-ngoai-ngu-doi-voi-he-dai-hoc-chinh-quy-cua-truong-dhcntt]: 560-qd-dhcntt_5-6-2024_sua_doi_quy_dinh_dao_tao_ngoai_ngu_doi_voi_he_dai_hoc_chinh_quy.pdf (0.23 MB)
2025-11-04 07:28:20,540 [INFO] Saved Markdown [daa/quydinh_huongdan/qui-che-qui-dinh-qui-trinh/05-quy-dinh-dao-tao-ngoai-ngu-doi-voi-he-dai-hoc-chinh-quy-cua-truong-dhcntt]: daa.uit.edu.vn_05-quy-dinh-dao-tao-ngoai-ngu-doi-voi-he-dai-hoc-chinh-quy-cua-truong-dhcntt.md
2025-11-04 07:28:20,551 [INFO] ✓ Saved numbered detail: https://daa.uit.edu.vn/05-quy-dinh-dao-tao-ngoai-ngu-doi-voi-he-dai-hoc-chinh-quy-cua-truong-dhcntt
2025-11-04 07:28:22,552 [INFO] Crawling numbered detail: https://daa.uit.edu.vn/06-quyet-dinh-ve-viec-ban-hanh-quy-dinh-ve-khoa-luan-tot-nghiep-cho-sv-he-cq
